control,control_label,scenario,scenario_label,pass_file,seed,T_error_RMS,T_error_normalized_RMS,T_error_MAE,T_error_IAE,T_error_ISE,T_error_max_abs,T_error_steady_abs_mean,T_error_peak_after_disturbance,T_error_settling_s,h_error_RMS,h_error_normalized_RMS,h_error_MAE,h_error_IAE,h_error_ISE,h_error_max_abs,h_error_steady_abs_mean,h_error_peak_after_disturbance,h_error_settling_s,S_error_RMS,S_error_normalized_RMS,S_error_MAE,S_error_IAE,S_error_ISE,S_error_max_abs,S_error_steady_abs_mean,S_error_peak_after_disturbance,S_error_settling_s,control_delta_rms,control_total_variation,composite_normalized_RMS,base_control,repeat_idx,active_filter,sat_count,sat_ratio,constraint_count,constraint_ratio,output_clip_count,output_clip_eligible_transition_count,output_clip_ratio,output_clip_T_count,output_clip_h_count,output_clip_S_count,output_clip_T_ratio,output_clip_h_ratio,output_clip_S_ratio,pid_aw_vector_freeze_count,pid_aw_speed_count,pid_aw_gap_count,pid_aw_shape_count,fallback_count,invalid_command_count,filter_ms_mean,filter_ms_p95,solve_ms_mean,solve_ms_p95,solve_ms_max,p95_compute_ms,timebase,segments,median_timestamp_dt_s,median_distance_step_m,predictor_device,source,pass_id,condition_id,trial_id,file,scenario_group,residual_gain,measurement_noise_level,move_limit_scale,reference_kind,predictor_override,ablation,h_RMS,S_RMS,P95_abs_h,P95_abs_S,delta_u_over_peak_action,recovery_samples,T_out,h_out,S_out,outside_any,longest_outside_samples,P95_abs_h_norm,P95_abs_S_norm,T_excess_mean,h_excess_mean,S_excess_mean,T_excess_p95,h_excess_p95,S_excess_p95,S_excess_cvar95,preclamp_total_variation,postclamp_total_variation,mpc_raw_total_variation,mpc_component_total_variation,mean_norm_u_mpc_raw,mean_norm_u_mpc_component,mean_norm_u_ff,mean_norm_u_pid,mean_norm_u_adrc,mean_norm_u_preclamp,mean_norm_u_applied,sat_ratio_logged,amplitude_projection_ratio,amplitude_active_speed_ratio,amplitude_active_gap_ratio,amplitude_active_shape_ratio,raw_to_applied_L2_mean,raw_to_applied_L2_p95,prediction_alpha_mean,prediction_alpha_active_ratio,prediction_confidence_mean,prediction_support_mean,accel_T_RMSn,steady_h_RMSn,decel_S_RMSn,position_accel_coverage,position_accel_T_RMSn,position_accel_h_RMSn,position_accel_S_RMSn,position_steady_coverage,position_steady_T_RMSn,position_steady_h_RMSn,position_steady_S_RMSn,position_decel_coverage,position_decel_T_RMSn,position_decel_h_RMSn,position_decel_S_RMSn,position_stage_balanced_RMSn,speed_accel_coverage,speed_accel_T_RMSn,speed_accel_h_RMSn,speed_accel_S_RMSn,speed_steady_coverage,speed_steady_T_RMSn,speed_steady_h_RMSn,speed_steady_S_RMSn,speed_decel_coverage,speed_decel_T_RMSn,speed_decel_h_RMSn,speed_decel_S_RMSn,speed_stage_balanced_RMSn,offtarget_RMSn,TV_t_per_s,TV_L_per_100m,duration_s,distance_m,scale_source,scale_lock_id,scale_lock_sha256,scale_match_pass_id,scale_match_log_distance,tension_scale,thickness_scale,flatness_scale,rollforce_scale,radial_scale,offcenter_scale,block,stage_mode,allocation_mode,mpc_share,ff_share,clamp_scale,amplitude_bound,use_pid,use_filter,gate_enabled,dynamic_penalty,force_common_outer_limits,outer_du_scale,pid_gain_scale,adrc_disturbance_scale,stage_source,archived_update_horizon,legacy_move_limit_reference_dt_s,distance_step_reference_m,gap_ratio_low,gap_ratio_high,outer_du_hard_scale,predictor_bank_path,command_gain_scale,cross_coupling_scale,response_variant,output_clip_scale,anti_windup_mode,audit_energy,comparison_base,actuator_delay_updates,actuator_deadzone,measurement_delay_updates,fault_mode,startup_motion,restart_motion,startup_restart_motion,policy,batch,role,transition,integrated_severity_excess_m,episodes_per_100m,peak_excess_norm
C7-Core-g0.75-mpc0.14,C7-Core,data1_controller_search,Coupled multi-variable disturbance,0.044_to_0.035__P16.csv,20262622,0.4033245257555003,5.37766034340667,0.4022086449433963,151.83376346613213,61.40817908615196,0.6144623644649005,0.387546462785476,0.6000000000000001,,0.3153302045328133,0.4955179844234548,0.219013903858785,82.67774870669135,37.53600955374147,2.122490354164809,0.1899128082823407,0.6465848551989394,348.22741423788364,7.518430968485576,1.0533557570790024,5.8470671800930205,2207.267860485116,21338.86859602581,38.00638213280901,4.032911326241015,6.857133041785046,,0.0492820467908797,77.26566678092189,2.308844694969709,C7,0,ekf,505,0.6688741721854304,751,1.0,1,751,0.0013315579227696,1,0,0,0.0013315579227696,0.0,0.0,755,755,75,72,0,0,6.063641589414887,10.092569999778783,4.693829139059202,7.993379999697933,15.011200000117242,17.254049999883136,archived_update,4,1.0156183242797852,0.7819213867188068,cpu,Data2,P16,0.044->0.035,P16,P16.csv,data1_controller_search,0.82,0.0,1.0,none,,C7-Core-g0.75-mpc0.14,0.3153302045328133,7.518430968485576,0.5515118692415822,7.862745694549861,0.1890909087471076,,0.0,0.0013245033112582,0.9456953642384106,0.9456953642384106,669.0,0.8666599199943206,1.1015953299988226,0.0,0.0002520659900614,0.4055610883640734,0.0,0.0,1.1265732446960264,1.2309513560434486,177.74215101244715,77.26566678092189,70.82074271577937,9.914903980209107,0.7391659351778107,0.1034832309248935,1.1781986271793308,0.4790168660037628,0.0,0.706268176640452,0.6815479264173328,0.6688741721854304,1.0,1.0,0.0132450331125827,0.0423841059602649,0.4061220163183834,0.5082339735943341,1.0,1.0,1.0,1.0,6.517868982870121,0.3736903307470657,0.4865540262943866,0.0529801324503311,6.517868982870121,1.4577724321187144,3.399173134007192,0.8940397350993378,5.325678456638338,0.3736903307470657,0.7364298687940195,0.0529801324503311,4.974409881216406,0.39106309441654,0.4865540262943866,2.6291822452336424,0.0211920529801324,6.202256916827412,0.891062406542631,2.744088710656489,0.970860927152318,5.3537850311077095,0.4835983599480916,0.9814200004469176,0.0079470198675496,5.8955067361799065,0.4569071162691398,1.3675662743246009,2.7084657280336555,3.7340462386765183,0.0967502247356755,13.008638270496192,798.6096879052628,593.956609249115,Data1 gauge-nearest frozen catalogue,data1-gauge-nearest-v1,8f9030436474e6fc9590cf7d6d2e4e286ce122f7c3ca2e5ae46de877c6275808,P14,0.2138637417116157,0.075,0.6363648029843083,7.137598971628052,25.0,10.0,0.0744667941026976,data1_controller_search,fixed,diag,0.14,0.42,1.0,0.55,1,1,1,0,1,0.8,0.75,1.0,speed,10,0.5,0.81298828125,0.4,3.0,2.0,models/final_thickness_model.pt,1.0,1.0,hybrid,8.0,vectorwise,0,C7-Core-g0.75-mpc0.14,0,0.0,0,none,0.2911999999999999,0.8735999999999999,1.1647999999999998,C7,V,canonical_data2,0.044->0.035,242.15663221054712,0.84181233479682,1.357389049417821
C7-Core-g0.75-mpc0.14,C7-Core,data1_controller_search,Coupled multi-variable disturbance,0.044_to_0.035__P15.csv,20264622,0.4067647833977551,5.423530445303401,0.4049706528158651,68.23755499947328,27.87960374862692,0.6134807877242006,0.3734188119694685,0.4162054333349593,,0.4200587078212124,0.6600910450284134,0.2686411038423626,45.2660259974381,29.731710085767904,2.5732421875,0.1923003290643463,1.3076723647004422,,8.461056772562396,1.1854205883792417,6.7306032388020975,1134.1066457381537,12062.827667886291,33.84809089279722,3.78466520841421,11.110384469981096,,0.0517183800561047,36.32109891287595,2.4230140262370186,C7,0,ekf,245,0.7270029673590505,334,1.0,0,334,0.0,0,0,0,0.0,0.0,0.0,337,337,42,73,0,0,5.147337982189479,7.38359999959357,4.018504154279201,5.86942000027193,12.780500000189932,12.14398000083747,archived_update,3,1.2187423706054688,0.7805328369140625,cpu,Data2,P15,0.044->0.035,P15,P15.csv,data1_controller_search,0.82,0.0,1.0,none,,C7-Core-g0.75-mpc0.14,0.4200587078212124,8.461056772562396,0.8329690211072174,17.491892839512833,0.1890909087471076,,0.0,0.0178041543026706,0.8902077151335311,0.8991097922848664,199.0,1.3089489192376924,2.450669042775181,0.0,0.0085900248368562,0.3869979156288901,0.0,0.0,1.21283612084992,1.2586872374557192,75.5376342978799,36.32109891287595,32.55386070522263,4.557540498731169,0.7611609315964909,0.1065625304235087,1.1954073243670384,0.4979917324883833,0.0,0.7345723912990795,0.704577286634421,0.7270029673590505,1.0,1.0,0.0178041543026706,0.086053412462908,0.4178403453448591,0.6043707651257334,1.0,1.0,1.0,1.0,6.4846614115407215,0.4311626306711657,0.4981948898499244,0.1186943620178041,6.4846614115407215,1.5251836527226643,2.6790306654455147,0.7626112759643917,5.320509071095141,0.4311626306711657,0.8288186383342014,0.1186943620178041,4.887754451913773,0.3877397407466098,0.4981948898499244,2.5603394613688573,0.0207715133531157,5.730391493243891,1.3122034346261429,2.1696274369007225,0.9703264094955488,5.4146134516948905,0.6397308552947345,1.1588386294120132,0.0089020771513353,5.653541516131976,0.565092266009416,0.7019598689141829,2.593999883580885,3.612007592610557,0.0862835534342863,13.747993699634376,420.9504299163818,264.19199562072754,Data1 gauge-nearest frozen catalogue,data1-gauge-nearest-v1,8f9030436474e6fc9590cf7d6d2e4e286ce122f7c3ca2e5ae46de877c6275808,P14,0.2138637417116157,0.075,0.6363648029843083,7.137598971628052,25.0,10.0,0.0744667941026976,data1_controller_search,fixed,diag,0.14,0.42,1.0,0.55,1,1,1,0,1,0.8,0.75,1.0,speed,10,0.5,0.81298828125,0.4,3.0,2.0,models/final_thickness_model.pt,1.0,1.0,hybrid,8.0,vectorwise,0,C7-Core-g0.75-mpc0.14,0,0.0,0,none,0.2911999999999999,0.5823999999999999,0.8735999999999999,C7,V,canonical_data2,0.044->0.035,103.22670874042896,2.2710756190409205,1.333106701979043
C7-Core-g0.75-mpc0.14,C7-Core,data1_controller_search,Coupled multi-variable disturbance,0.050_to_0.040__P20.csv,20266622,0.3995763765835657,5.32768502111421,0.3987222616456301,116.6262615313468,46.700924611668086,0.6110001169145001,0.3808366832939658,0.4038387759678836,,0.5466400463055193,0.8590042122725612,0.3134409933655793,91.68149055943196,87.40348701578336,4.009199784338946,0.2432944610726903,1.1641606211627709,,4.567005646107051,0.6398518135105228,4.119987926293645,1205.0964684408912,6100.830617185302,25.455817072464423,3.062035055332386,5.437948167879949,,0.0515047464866277,65.67452419420616,2.275513682299098,C7,0,ekf,447,0.764102564102564,583,1.0,0,583,0.0,0,0,0,0.0,0.0,0.0,585,585,98,17,0,0,5.863426837614443,9.240339999814744,4.541388717942991,7.147579999764268,13.747299999522513,15.96323999929154,archived_update,2,0.921875,0.847412109375,cpu,Data2,P20,0.050->0.040,P20,P20.csv,data1_controller_search,0.82,0.0,1.0,none,,C7-Core-g0.75-mpc0.14,0.5466400463055193,4.567005646107051,0.690034265923098,5.770153117879648,0.1890909087471075,,0.0,0.0239316239316239,0.9846153846153848,0.9846153846153848,569.0,1.0843375728624531,0.8084165474714957,0.0,0.0040845764915094,0.581055386264462,0.0,0.0,1.2476610206834091,1.341115364889459,163.8891336612441,65.67452419420616,66.27287625009987,9.278202675013976,0.7013444512812371,0.0981882231793731,1.1625065468131917,0.4621361758210661,0.0,0.6742323249841123,0.6446980069501898,0.764102564102564,1.0,1.0,0.0256410256410256,0.0136752136752136,0.4092497871496257,0.5168036312448132,1.0,1.0,1.0,1.0,6.046328531830767,0.4877140236174966,0.4059967483374028,0.0683760683760683,6.046328531830767,2.7561663739309235,1.3124768646619112,0.8632478632478633,5.304046621746217,0.4877140236174966,0.5698842953704736,0.0683760683760683,4.835622532336219,0.4383117035404342,0.4059967483374028,2.4618386328190938,0.0188034188034188,5.24551203865229,0.3880099151064745,0.6856816635268334,0.9811965811965812,5.329247391353705,0.8655309440119592,0.6389414400410128,0.0,,,,2.192153898782046,3.661640397918549,0.1146437753612758,14.205317537495402,572.8573050498962,462.323520898819,Data1 gauge-nearest frozen catalogue,data1-gauge-nearest-v1,8f9030436474e6fc9590cf7d6d2e4e286ce122f7c3ca2e5ae46de877c6275808,P14,0.0392207131532811,0.075,0.6363648029843083,7.137598971628052,25.0,10.0,0.0744667941026976,data1_controller_search,fixed,diag,0.14,0.42,1.0,0.55,1,1,1,0,1,0.8,0.75,1.0,speed,10,0.5,0.81298828125,0.4,3.0,2.0,models/final_thickness_model.pt,1.0,1.0,hybrid,8.0,vectorwise,0,C7-Core-g0.75-mpc0.14,0,0.0,0,none,0.2911999999999999,0.2911999999999999,0.5823999999999999,C7,VI,canonical_data2,0.050->0.040,269.55966255824336,0.4325975014448175,1.505468199335337
C7-Core-g0.75-mpc0.14,C7-Core,data1_controller_search,Coupled multi-variable disturbance,0.050_to_0.040__P19.csv,20268622,0.3999161141439375,5.3322148552525,0.3989033978928778,98.32968758059438,39.42345944376476,0.6120026856659999,0.3794644286413451,0.4197370849490076,,0.4438456435844767,0.6974704469873411,0.3034051259547304,74.78936354784105,48.56024248857838,3.719482421875,0.2830796925937585,0.911152878374147,197.79560899734497,4.774038696504952,0.6688577931432896,4.262780216560229,1050.7753233820963,5618.091309766633,24.06978909143328,2.8631383162557005,6.086501980569718,,0.0524296235392212,56.62190680468762,2.232847698461044,C7,0,ekf,385,0.7809330628803245,491,1.0,0,491,0.0,0,0,0,0.0,0.0,0.0,493,493,100,16,0,0,4.008572819454344,5.773799999951733,3.1263334685644497,4.524519999722542,6.338799999866751,9.801079999851936,archived_update,2,0.9062438011169434,0.7785263061523438,cpu,Data2,P19,0.050->0.040,P19,P19.csv,data1_controller_search,0.82,0.0,1.0,none,,C7-Core-g0.75-mpc0.14,0.4438456435844767,4.774038696504952,0.7646050733577465,6.036046967377154,0.1890909087471076,,0.0,0.0425963488843813,0.9817444219066938,0.9817444219066938,471.0,1.2015200554336762,0.8456691096502387,0.0,0.0077078630817429,0.57711180212987,0.0,0.0,1.3428822180417257,1.405970516857925,141.81580254078892,56.62190680468762,56.04968245652236,7.846955543913125,0.7054438675529819,0.0987621414574174,1.1602363567203684,0.4672689859239446,0.0,0.6815906558024669,0.6490171379328367,0.7809330628803245,1.0,1.0,0.0121703853955375,0.0162271805273833,0.4116832719167953,0.5139775960752335,1.0,1.0,1.0,1.0,6.136294949974219,0.5277639294795478,0.3627228361609658,0.0811359026369168,6.136294949974219,1.6890772158810503,1.3043252451556446,0.8377281947261663,5.292603346842999,0.5277639294795478,0.5970883558774591,0.0811359026369168,4.853488097981336,0.5165540953961936,0.3627228361609658,2.364435341416601,0.0446247464503042,5.566916441117569,0.888435468168986,1.1959218058376178,0.95131845841785,5.320770460608441,0.684976359793553,0.6334952290300454,0.0040567951318458,5.374343390802423,1.0979377338776437,0.6600912840683989,2.3803209081449643,3.6102104554482257,0.1175116442980792,14.536033707000756,481.8408179283142,389.52789974212646,Data1 gauge-nearest frozen catalogue,data1-gauge-nearest-v1,8f9030436474e6fc9590cf7d6d2e4e286ce122f7c3ca2e5ae46de877c6275808,P14,0.0392207131532811,0.075,0.6363648029843083,7.137598971628052,25.0,10.0,0.0744667941026976,data1_controller_search,fixed,diag,0.14,0.42,1.0,0.55,1,1,1,0,1,0.8,0.75,1.0,speed,10,0.5,0.81298828125,0.4,3.0,2.0,models/final_thickness_model.pt,1.0,1.0,hybrid,8.0,vectorwise,0,C7-Core-g0.75-mpc0.14,0,0.0,0,none,0.2911999999999999,0.2911999999999999,0.5823999999999999,C7,VI,canonical_data2,0.050->0.040,225.26390966408832,0.5134420413336326,1.4729061528293104
C7-Core-g0.75-mpc0.14,C7-Core,data1_controller_search,Coupled multi-variable disturbance,0.063_to_0.050__P18.csv,20270622,0.3865598886472684,5.154131848630245,0.3861141447305777,177.9986207207963,68.88656040256572,0.5716482164961454,0.3771663636714212,0.3958426751504543,,0.507651397948523,0.6962771549415196,0.3167631728627235,146.02782268971555,118.80428318782036,4.71091397621179,0.2849330574416598,1.1151702460218562,,5.28446265193777,1.4408945032706744,4.205352884197117,1938.6676796148708,12873.676484593305,26.730851143803704,2.6383359758149245,5.2353805849417565,,0.0329974445719941,64.3895934869573,2.430434502280813,C7,0,ekf,794,0.8611713665943601,920,1.0,0,920,0.0,0,0,0,0.0,0.0,0.0,922,922,124,320,0,0,3.5523178958683195,5.124314999829948,2.8153352494460515,4.180454999959692,6.432499999391439,9.062235000237704,archived_update,2,0.546875,0.871429443359375,cpu,Data2,P18,0.063->0.050,P18,P18.csv,data1_controller_search,0.82,0.0,1.0,none,,C7-Core-g0.75-mpc0.14,0.507651397948523,5.28446265193777,0.7329780936101389,10.32241536072677,0.1890909087471074,,0.0075921908893709,0.0216919739696312,0.7288503253796096,0.7342733188720173,401.0,1.005327482039314,2.8145740699471085,0.000688565342322,0.0024922244941201,0.2435673059227974,0.0,0.0,0.530168711377359,1.0160269397375388,228.1683207579947,64.3895934869573,65.91742678528189,9.228439749939458,0.7629044225618486,0.1068066191586588,1.1515950256849856,0.5061644723737657,0.0,0.74397501043531,0.7181558892751879,0.8611713665943601,1.0,1.0,0.009761388286334,0.210412147505423,0.4002482888442041,0.4996229049690338,1.0,1.0,1.0,1.0,5.648665375061877,0.4744963715276015,0.6138121199869678,0.0433839479392624,5.648665375061877,2.496361395281117,4.1804353567474735,0.913232104121475,5.148085149194235,0.4744963715276015,1.1938694163359107,0.0433839479392624,4.747001899210701,0.4511349671047497,0.6138121199869678,2.772651338938959,0.0206073752711496,5.805055389956262,2.566271064883995,4.617922337263328,0.9718004338394792,5.141922453208861,0.5972757096920145,1.2965874734282876,0.0075921908893709,4.826299431892576,0.5632356498044229,0.6274239922500027,2.893554833597749,3.7094357542308622,0.1250133572566795,8.861089784829211,515.0617094039917,726.6554684638977,Data1 gauge-nearest frozen catalogue,data1-gauge-nearest-v1,8f9030436474e6fc9590cf7d6d2e4e286ce122f7c3ca2e5ae46de877c6275808,P13,0.0990662847297904,0.075,0.7290938591704343,3.667487550228426,36.9194197865092,10.0,0.0566300458427367,data1_controller_search,fixed,diag,0.14,0.42,1.0,0.55,1,1,1,0,1,0.8,0.75,1.0,speed,10,0.5,0.81298828125,0.4,3.0,2.0,models/final_thickness_model.pt,1.0,1.0,hybrid,8.0,vectorwise,0,C7-Core-g0.75-mpc0.14,0,0.0,0,none,0.2911999999999999,0.2775480560302733,0.5687480560302733,C7,VI,canonical_data2,0.063->0.050,177.1334551850412,2.339485593624843,1.210413293648974
C7-Core-g0.75-mpc0.14,C7-Core,data1_controller_search,Coupled multi-variable disturbance,0.080_to_0.063__P17.csv,20272622,0.3305419992201998,4.40722665626933,0.3300809654287646,129.22669796536135,42.7745121867825,0.5190280452370004,0.3204239357080062,0.3794215037929682,,0.6287209989657306,0.7877375787864227,0.4147837450336949,162.38783618069155,154.75607201259254,6.385080675565376,0.4516363572345807,1.7808986808248484,,2.653836541394581,0.7434906343332605,2.447210672603422,958.0829783242395,2757.2751440747115,11.398699572231031,2.471287498606149,3.813880272069092,,0.0389496239479887,66.69544964868871,1.9794849564630044,C7,0,ekf,713,0.9106002554278416,782,1.0,1,782,0.0012787723785166,0,1,0,0.0,0.0012787723785166,0.0,783,783,167,136,0,0,4.697904342277443,6.920719999834546,3.6671122605296302,5.66205999975864,20.505600000433333,11.78135999944061,archived_update,1,0.5468711853027344,0.870941162109375,cpu,Data2,P17,0.080->0.063,P17,P17.csv,data1_controller_search,0.82,0.0,1.0,none,,C7-Core-g0.75-mpc0.14,0.6287209989657306,2.653836541394581,0.9366230526133846,4.399739999088969,0.1890909087471076,,0.144316730523627,0.057471264367816,0.925925925925926,0.9489144316730524,610.0,1.1735144474495771,1.232617545127738,0.0445297015917828,0.0178756089312972,0.4578147046214039,0.4804676070543168,0.0530207493880702,0.8536264272613078,1.0474463739772406,215.15282418131835,66.69544964868871,67.02979516964528,9.384171323750332,0.7300994119054598,0.1022139176667643,0.969922918504272,0.4856682349471737,0.0,0.7056369950528509,0.6765251431925293,0.9106002554278416,1.0,1.0,0.0114942528735632,0.0446998722860791,0.3455888280461865,0.4631213161432859,1.0,1.0,1.0,1.0,4.616885545412121,0.5861571743478458,0.6874976040106083,0.0510855683269476,4.616885545412121,2.399914442307325,1.2073552011514432,0.8978288633461047,4.417209430362038,0.5861571743478458,0.7112298223148976,0.0510855683269476,3.997929260821639,0.5906542770890237,0.6874976040106083,2.134981417535216,0.0166028097062579,4.505693258633496,1.7329882676276265,1.0725783642720128,0.966794380587484,4.404211085101534,0.7635375009428751,0.736755779018082,0.0166028097062579,4.482555272166412,0.6510396751907054,0.7318805427873127,2.120137749526673,3.096402141119685,0.1315135747988355,10.813484143335817,507.1373791694641,616.7803897857666,Data1 gauge-nearest frozen catalogue,data1-gauge-nearest-v1,8f9030436474e6fc9590cf7d6d2e4e286ce122f7c3ca2e5ae46de877c6275808,P12,0.2223979554582301,0.075,0.7981350844456719,3.5694283409157674,25.0,10.0,0.0629001356307136,data1_controller_search,fixed,diag,0.14,0.42,1.0,0.55,1,1,1,0,1,0.8,0.75,1.0,speed,10,0.5,0.81298828125,0.4,3.0,2.0,models/final_thickness_model.pt,1.0,1.0,hybrid,8.0,vectorwise,0,C7-Core-g0.75-mpc0.14,0,0.0,0,none,0.2911999999999999,0.0,0.2911999999999999,C7,VI,canonical_data2,0.080->0.063,282.7311856401764,1.134925836800906,1.303723171444053
C7-Core-g0.75-mpc0.14,C7-Core,data1_controller_search,Coupled multi-variable disturbance,0.320_to_0.215__P08.csv,20274622,0.9060133148332232,2.883411773718453,0.9023133281672554,349.64641466481146,318.0832990788455,1.6098257899284008,0.8761870578370804,1.1311136892699216,,1.181763221907216,0.4790530817160986,0.6224459975514426,241.197824051184,541.168671152853,24.21875,0.6559376587755772,2.355966323755745,,4.5274614384783405,0.6665577506313772,4.129333661294173,1600.116793751492,7942.93899230199,36.643415873160194,4.17582184577161,5.547358573923685,,0.0266433373545698,39.60570330275256,1.3430075353553097,C7,0,ekf,593,0.7651612903225806,159,0.2054263565891473,0,774,0.0,0,0,0,0.0,0.0,0.0,775,775,16,11,0,0,3.2406078709684683,4.465919999438484,2.5171247741790497,3.4589599998980702,4.385899999761023,7.6838200001475325,archived_update,1,0.453125,0.713714599609375,cpu,Data2,P08,0.320->0.215,P08,P08.csv,data1_controller_search,0.82,0.0,1.0,none,,C7-Core-g0.75-mpc0.14,1.181763221907216,4.5274614384783405,1.44333728236287,4.789919294138029,0.1890909087471075,,0.9948387096774194,0.0012903225806451,0.9922580645161292,0.9961290322580644,771.0,0.5850877402968956,0.705198238304499,1.4897211430691149,0.0045780067260541,0.5340588238443269,2.027254064179203,0.0,0.8917875579557687,1.1738822999389409,117.12888473979172,39.60570330275256,44.44679168651379,6.222550836111925,0.707052614052458,0.0989873659673441,0.6361077799600722,0.4411375459704071,0.0,0.6599872265846913,0.6471288096797155,0.7651612903225806,1.0,1.0,0.0025806451612903,0.0077419354838709,0.180504499205928,0.282570042224301,1.0,1.0,1.0,1.0,3.01948106812346,0.2822167566698801,0.5475354966998214,0.0516129032258064,3.01948106812346,1.711496078873279,1.5365935619839366,0.896774193548387,2.895247663187463,0.2822167566698801,0.5850601780191835,0.0516129032258064,2.514455783689088,0.365145780850133,0.5475354966998214,1.4952480408995827,0.0296774193548387,2.686701557268257,0.3615452773708575,0.6424724395016719,0.9509677419354838,2.885385945226763,0.4854957410852624,0.6681420421498032,0.0193548387096774,3.071575221367896,0.2749953357505809,0.6234963638258589,1.299978880394106,2.053093756047373,0.0923714518922839,6.462783697113914,428.765625,612.8273072242737,Data1 gauge-nearest frozen catalogue,data1-gauge-nearest-v1,8f9030436474e6fc9590cf7d6d2e4e286ce122f7c3ca2e5ae46de877c6275808,P01,0.089612158689687,0.3142157228777722,2.466873227646962,6.792301843598452,25.0,14.185598711404117,0.1531999011613549,data1_controller_search,fixed,diag,0.14,0.42,1.0,0.55,1,1,1,0,1,0.8,0.75,1.0,speed,10,0.5,0.81298828125,0.4,3.0,2.0,models/final_thickness_model.pt,1.0,1.0,hybrid,8.0,vectorwise,0,C7-Core-g0.75-mpc0.14,0,0.0,0,none,0.2911999999999999,0.0,0.2911999999999999,C7,III,canonical_data2,0.320->0.215,326.76153823833783,0.1631781071456129,1.3190076474481645
C7-Core-g0.75-mpc0.14,C7-Core,data1_controller_search,Coupled multi-variable disturbance,0.628_to_0.458__P07.csv,20276622,2.651437730730537,5.982248731459559,2.647428141536354,570.5207645010843,1514.9912996073936,3.9766608178615,2.546876760741539,2.9125763788359,,4.118746571356449,0.6014128167751354,2.894299026063976,623.7214401167869,3655.7578002575374,27.685546875,3.3862178182399227,12.711277566300897,148.8427972793579,7.884195426355744,5.821728730854515,7.465701886164426,1608.858756468434,13395.595835768783,30.723348832287645,9.83573820907128,10.834163927385193,,0.0371840420911231,26.735825874905345,4.135130093029736,C7,0,ekf,332,0.7703016241299304,430,1.0,66,430,0.1534883720930232,1,0,66,0.0023255813953488,0.0,0.1534883720930232,431,431,61,431,0,0,3.2469143851076527,4.217600000174571,2.537782134569696,3.3991999998761457,4.414600000018254,7.308100000500417,archived_update,1,0.7499957084655762,0.8334197998047017,cpu,Data2,P07,0.628->0.458,P07,P07.csv,data1_controller_search,0.82,0.0,1.0,none,,C7-Core-g0.75-mpc0.14,4.118746571356449,7.884195426355744,7.545861244178544,10.834163927385193,0.1890909087471075,,0.0,0.0301624129930394,0.2946635730858468,0.3109048723897912,80.0,1.101834644893231,8.0,0.0,0.0047984720094942,0.3199272751750014,0.0,0.0,1.6334724833044856,2.1971906004706643,64.82761869949675,26.735825874905345,33.35319847023044,4.669447785832254,0.7932041037121301,0.1110485745196982,1.7773843910370537,0.542072544279107,0.0,0.8055351699121517,0.7832275161028254,0.7703016241299304,1.0,1.0,0.0116009280742459,1.0,0.6158736342982702,0.7932370643474769,1.0,1.0,1.0,1.0,6.140259805956078,0.4581194051799457,6.94929288204741,0.0928074245939675,6.140259805956078,1.2421174815142724,6.63003771462432,0.814385150812065,6.004905428400983,0.4581194051799457,5.577139845317868,0.0928074245939675,5.611471554888343,0.7160966404508218,6.94929288204741,4.369937862042226,0.0185614849187935,5.854663422219031,0.2553232983534461,4.511830145179943,0.965197215777262,5.990166354470153,0.6084801789222551,5.8363626581365,0.0162412993039443,5.646223911334246,0.4386387928196258,6.262859546836323,3.933838700919058,5.562804488108157,0.0663475689767257,7.88115395717766,402.9661717414856,339.2374520301819,Data1 gauge-nearest frozen catalogue,data1-gauge-nearest-v1,8f9030436474e6fc9590cf7d6d2e4e286ce122f7c3ca2e5ae46de877c6275808,P24,0.1608480070096533,0.4432175674654095,6.848451606737911,1.3542704909231489,25.0,15.56455969587742,0.1418905272402376,data1_controller_search,fixed,diag,0.14,0.42,1.0,0.55,1,1,1,0,1,0.8,0.75,1.0,speed,10,0.5,0.81298828125,0.4,3.0,2.0,models/final_thickness_model.pt,1.0,1.0,hybrid,8.0,vectorwise,0,C7-Core-g0.75-mpc0.14,0,0.0,0,none,0.2911999999999999,0.0,0.2911999999999999,C7,II,canonical_data2,0.628->0.458,97.83831190206804,5.0112391477599925,14.035271060960405
C7-Core-g0.75-mpc0.14,C7-Core,data1_controller_search,Coupled multi-variable disturbance,0.628_to_0.458__P06.csv,20278622,2.698030863704745,6.087373474688163,2.673214567043474,62.82054232552164,171.06520772532926,3.943487107753697,2.4047647483169534,2.7352246657291315,,10.93152939965802,1.5962045185371443,8.733254741435587,205.2314864237363,2808.210872866309,31.19520300517359,3.453233954937825,23.241992462131684,,10.594586529533942,7.823094869557455,10.493844104616292,246.60533645848287,2637.763697696878,18.660191621056367,10.834163927385193,10.834163927385193,,0.0520492524683094,4.427949644558368,5.16889095426092,C7,0,ekf,44,0.9361702127659576,46,1.0,29,46,0.6304347826086957,1,0,29,0.0217391304347826,0.0,0.6304347826086957,47,47,31,47,0,0,3.2493212766371955,3.8215700001273945,2.5957999999438006,2.989300000263029,3.800299999966228,6.745839999985037,archived_update,1,1.499990463256836,0.7863101959228516,cpu,Data2,P06,0.628->0.458 acceleration,P06,P06.csv,data1_controller_search,0.82,0.0,1.0,none,,C7-Core-g0.75-mpc0.14,10.93152939965802,10.594586529533942,20.68591990610101,10.834163927385193,0.1890909087471075,,0.0,0.0212765957446808,0.3829787234042553,0.4042553191489361,17.0,3.0205250900435616,8.0,0.0,0.0060711416744312,0.5215499201808146,0.0,0.0,1.2976077843185545,2.574330645422526,8.507026533792535,4.427949644558368,4.958052012880215,0.6941272818032295,0.7901038624654427,0.110614540745162,2.1552918788210125,0.5822539191434087,0.0,0.8511080893172942,0.7744891830249606,0.9361702127659576,1.0,1.0,0.0212765957446808,1.0,0.8259857641555884,1.2057874213560182,1.0,1.0,1.0,1.0,6.60538404214852,1.3509847696164303,7.50607990466956,0.4893617021276595,6.60538404214852,2.070550716644781,8.189092344853112,0.0212765957446808,5.754312338633,1.3509847696164303,6.179113256022377,0.4893617021276595,5.536480090183962,0.9165040048924572,7.50607990466956,4.900944607518245,0.2765957446808511,5.5645711268596365,1.0129672387080513,7.312263709754823,0.723404255319149,6.275769392295777,1.7691016539465565,8.009807627119235,0.0,,,,4.9907467914473465,5.091332505455149,0.0739730076385475,12.19955124681797,59.858991622924805,36.29600429534912,Data1 gauge-nearest frozen catalogue,data1-gauge-nearest-v1,8f9030436474e6fc9590cf7d6d2e4e286ce122f7c3ca2e5ae46de877c6275808,P24,0.1608480070096533,0.4432175674654095,6.848451606737911,1.3542704909231489,25.0,15.56455969587742,0.1418905272402376,data1_controller_search,fixed,diag,0.14,0.42,1.0,0.55,1,1,1,0,1,0.8,0.75,1.0,speed,10,0.5,0.81298828125,0.4,3.0,2.0,models/final_thickness_model.pt,1.0,1.0,hybrid,8.0,vectorwise,0,C7-Core-g0.75-mpc0.14,0,0.0,0,none,0.2911999999999999,0.0,0.2911999999999999,C7,II,canonical_data2,0.628->0.458,15.2387568449573,5.510248411162644,5.127776367630469
C7-Core-g0.75-mpc0.14,C7-Core,data1_controller_search,Coupled multi-variable disturbance,1.000_to_0.628__P05.csv,20280622,3.354033551369856,8.010756642217727,3.353243839418245,645.4994390880122,2165.536654765077,4.7794197659492,3.3495298396095703,3.3495298396095707,,9.989585505080392,1.5890559129287036,5.850186412679511,1126.1608844408058,19209.92507343762,73.583984375,10.051061552254168,47.83122971269318,,8.607224280029216,6.752330720061663,8.394040627864888,1615.852820863991,14261.22963779446,28.560053005808115,8.399552693624416,10.197633542393332,,0.0433209588186712,28.251167798764424,5.450714425069364,C7,0,ekf,322,0.8363636363636363,384,1.0,384,384,1.0,384,1,86,1.0,0.0026041666666666,0.2239583333333333,385,385,165,385,0,0,3.3096288311741784,4.750019999664801,2.5598246753432177,3.641659999993863,4.128000000491738,8.072099999844795,archived_update,1,0.9218688011169434,0.8213129043579093,cpu,Data2,P05,1.000->0.628,P05,P05.csv,data1_controller_search,0.82,0.0,1.0,none,,C7-Core-g0.75-mpc0.14,9.989585505080392,8.607224280029216,18.84777044835136,10.197633542393332,0.1890909087471075,,0.0,0.1844155844155844,0.4649350649350649,0.5662337662337662,53.0,2.998138517483422,8.0,0.0,0.1627478445715212,0.4790706227979956,0.0,0.8093296896576286,1.6334724833044856,2.239510793758734,75.92829534051762,28.251167798764424,33.50695852373793,4.6909741933233065,0.8027335405007275,0.1123826956701018,2.259283797067579,0.5640904505533069,0.0,0.8242800945989344,0.7911201506434464,0.8363636363636363,1.0,1.0,0.0181818181818181,1.0,0.8272292289107046,0.9650630990222056,1.0,1.0,1.0,1.0,8.102939995183288,0.8651773145989231,6.617498354488115,0.1038961038961039,8.102939995183288,3.0227359822123407,8.657359249074789,0.7922077922077922,8.0,0.8651773145989231,6.479230971208434,0.1038961038961039,8.0,3.0756442007543434,6.617498354488115,5.868954007502248,0.0155844155844155,8.0,2.949314591575762,7.9697613543002,0.961038961038961,8.011192417676126,1.5297823505986134,6.741945319894721,0.0233766233766233,8.0,2.451431851742936,6.27747343890527,5.770100147188181,7.082618923943202,0.0693390974655668,9.325648625368176,407.43489360809326,302.9405131340027,Data1 gauge-nearest frozen catalogue,data1-gauge-nearest-v1,8f9030436474e6fc9590cf7d6d2e4e286ce122f7c3ca2e5ae46de877c6275808,P23,0.16354612240335,0.4186912299511963,6.286490880405287,1.2747041927991665,25.0,23.2008689564286,0.142273259160353,data1_controller_search,fixed,diag,0.14,0.42,1.0,0.55,1,1,1,0,1,0.8,0.75,1.0,speed,10,0.5,0.81298828125,0.4,3.0,2.0,models/final_thickness_model.pt,1.0,1.0,hybrid,8.0,vectorwise,0,C7-Core-g0.75-mpc0.14,0,0.0,0,none,0.2911999999999999,0.0,0.2911999999999999,C7,II,canonical_data2,1.000->0.628,134.64771641850393,7.262151823935322,13.75423869238945
PID-g1.20-du0.60,PID,data1_controller_search,Coupled multi-variable disturbance,0.044_to_0.035__P16.csv,20262622,0.4024949544259614,5.366599392346152,0.4012974032019232,151.48976970872602,61.15582609772968,0.6144623644649005,0.386193198346281,0.6000000000000001,,0.3255455503374673,0.5115706412592004,0.2267522615851055,85.59897874837736,40.00741426755798,2.1449637559373103,0.1985462514137498,0.6863817662396134,341.4821901321411,6.572985892402782,0.9208959369292664,3.710544160227773,1400.7304204859845,16309.56418700156,38.00638213280901,1.99191768697268,4.30465133394089,,0.0503066006684885,86.08826369566358,2.26635532351154,C0,0,raw,718,0.9509933774834436,751,1.0,1,751,0.0013315579227696,1,0,0,0.0013315579227696,0.0,0.0,755,755,312,217,0,0,0.2025633112734433,0.2780000000711879,0.249236688762643,0.3470200002993805,0.7697000000916887,0.6321699998807161,archived_update,4,1.0156183242797852,0.7819213867188068,none,Data2,P16,0.044->0.035,P16,P16.csv,data1_controller_search,0.82,0.0,1.0,none,,PID-g1.20-du0.60,0.3255455503374673,6.572985892402782,0.5593511161957175,7.010357022328861,0.1418181815603307,,0.0,0.0039735099337748,0.9549668874172186,0.9549668874172186,709.0,0.8789787140529679,0.9821730038623664,0.0,0.0003589782132097,0.7142815813175356,0.0,0.0,1.2756392471740727,1.4843769544393517,430.5551151187203,86.08826369566358,0.0,0.0,0.0,0.0,0.0,0.8139350818249204,0.0,0.8051206978976669,0.7085249673461778,0.9509933774834436,1.0,1.0,0.0,0.2993377483443709,0.3230776776815402,0.6098719304440592,0.0,0.0,0.0,0.0,6.57879238546917,0.3830075031843362,0.2595746763080679,0.0529801324503311,6.57879238546917,1.5156594637328784,3.521606458050356,0.8940397350993378,5.310026896713182,0.3830075031843362,0.4578752851456886,0.0529801324503311,4.951042930575752,0.4086261859624981,0.2595746763080679,2.5984679761268805,0.0211920529801324,6.21530889087573,0.8983145741743592,2.7213335659400704,0.970860927152318,5.341815702572053,0.5000415036638965,0.8331951792211006,0.0079470198675496,5.91694395660155,0.4821798970475169,1.4678627373751034,2.7085551119412643,3.706913479617349,0.107797670125279,14.494032452050178,798.6096879052628,593.956609249115,Data1 gauge-nearest frozen catalogue,data1-gauge-nearest-v1,8f9030436474e6fc9590cf7d6d2e4e286ce122f7c3ca2e5ae46de877c6275808,P14,0.2138637417116157,0.075,0.6363648029843083,7.137598971628052,25.0,10.0,0.0744667941026976,data1_controller_search,full,full,0.0,0.0,1.0,0.55,1,0,1,1,1,0.6,1.2,1.0,position,10,0.5,0.81298828125,0.4,3.0,2.0,,1.0,1.0,hybrid,8.0,vectorwise,0,PID-g1.20-du0.60,0,0.0,0,none,0.2183999999999999,0.6551999999999999,0.8735999999999999,PID,V,canonical_data2,0.044->0.035,426.6046876790929,0.336724933918728,1.707957856265503
PID-g1.20-du0.60,PID,data1_controller_search,Coupled multi-variable disturbance,0.044_to_0.035__P15.csv,20264622,0.4066414158068351,5.4218855440911335,0.4046860439106391,68.18959839894269,27.86269511682177,0.6134807877242006,0.3714916846483889,0.4151617086504383,,0.440632091405098,0.6924205885345976,0.2809016108430337,47.33192142705118,32.715393835961166,2.5732421875,0.1901077469172132,1.4295823969050856,,7.758621892287247,1.087007258761351,4.840688930205127,815.656084739564,10143.062002970202,33.84809089279722,1.8054343750209487,9.807523129600767,184.28007173538208,0.0488632732380243,36.111941735784015,2.4004377971290274,C0,0,raw,321,0.9525222551928784,334,1.0,0,334,0.0,0,0,0,0.0,0.0,0.0,337,337,160,167,0,0,0.2257103857787938,0.2821600002789637,0.2962278932346508,0.397900000098161,1.9763999998758663,0.7203400002254057,archived_update,3,1.2187423706054688,0.7805328369140625,none,Data2,P15,0.044->0.035,P15,P15.csv,data1_controller_search,0.82,0.0,1.0,none,,PID-g1.20-du0.60,0.440632091405098,7.758621892287247,0.9377623794842704,20.66925567118959,0.1418181815603307,,0.0,0.0237388724035608,0.9080118694362018,0.9169139465875372,223.0,1.4736238947951272,2.8958275399542424,0.0,0.0126941262832192,0.6656022508821037,0.0,0.0,1.4834197465571854,1.5475713561800772,168.85836529000068,36.111941735784015,0.0,0.0,0.0,0.0,0.0,0.8412463760775335,0.0,0.8313642710179256,0.7308970196693259,0.9525222551928784,1.0,1.0,0.0,0.5044510385756676,0.3387135729730665,0.7273620484596959,0.0,0.0,0.0,0.0,6.568978298198705,0.4665288994042258,0.2439131226330441,0.1186943620178041,6.568978298198705,1.5774834691293185,2.8367810540286498,0.7626112759643917,5.30629022072385,0.4665288994042258,0.5363127342300714,0.1186943620178041,4.859014864829,0.390492690809576,0.2439131226330441,2.531755039331826,0.0207715133531157,5.734312654235524,1.3435818587969328,2.182429101274917,0.9703264094955488,5.412225222307636,0.6729076457302033,1.0541138327500506,0.0089020771513353,5.715947952513422,0.5384456628971396,0.7083056342069932,2.5958077294125355,3.5890802236960395,0.0857866845342273,13.66882507206089,420.9504299163818,264.19199562072754,Data1 gauge-nearest frozen catalogue,data1-gauge-nearest-v1,8f9030436474e6fc9590cf7d6d2e4e286ce122f7c3ca2e5ae46de877c6275808,P14,0.2138637417116157,0.075,0.6363648029843083,7.137598971628052,25.0,10.0,0.0744667941026976,data1_controller_search,full,full,0.0,0.0,1.0,0.55,1,0,1,1,1,0.6,1.2,1.0,position,10,0.5,0.81298828125,0.4,3.0,2.0,,1.0,1.0,hybrid,8.0,vectorwise,0,PID-g1.20-du0.60,0,0.0,0,none,0.2183999999999999,0.4368,0.6552,PID,V,canonical_data2,0.044->0.035,177.55172386551277,1.5140504126939471,1.6586459190176568
PID-g1.20-du0.60,PID,data1_controller_search,Coupled multi-variable disturbance,0.050_to_0.040__P20.csv,20266622,0.3986428986591294,5.315238648788392,0.3977081551153075,116.32963537122744,46.48297699052074,0.6110001169145001,0.3794265093047481,0.4025592050002907,,0.5571694985629765,0.8755504640578233,0.3166943326827869,92.63309230971518,90.8030711627087,4.051252807337916,0.2421452425155282,1.102019553415433,,3.252026368199458,0.4556190927966476,2.2577142502260434,660.3814181911177,3093.385083593382,25.455817072464423,1.5732690553418152,4.278969653832925,,0.0498067119284134,68.40717368197696,2.215469401880954,C0,0,raw,568,0.9709401709401708,583,1.0,0,583,0.0,0,0,0,0.0,0.0,0.0,585,585,297,84,0,0,0.2313444444312192,0.3148000001601755,0.3001769230720059,0.408659999811789,2.1377000002757995,0.7149399993068072,archived_update,2,0.921875,0.847412109375,none,Data2,P20,0.050->0.040,P20,P20.csv,data1_controller_search,0.82,0.0,1.0,none,,PID-g1.20-du0.60,0.5571694985629765,3.252026368199458,0.6911888026969674,3.682706774038064,0.1418181815603307,,0.0,0.0273504273504273,0.9829059829059827,0.9829059829059827,568.0,1.086151841609648,0.5159587683024529,0.0,0.005291671828662,0.8455664131246798,0.0,0.0,1.445377770793532,1.5665167601923795,355.4245014982825,68.40717368197696,0.0,0.0,0.0,0.0,0.0,0.7859430989403073,0.0,0.7778177781848715,0.6669818186925943,0.9709401709401708,1.0,1.0,0.0,0.147008547008547,0.3599230401217687,0.6349972607898369,0.0,0.0,0.0,0.0,6.111300462172276,0.4918454498019778,0.2144217575177672,0.0683760683760683,6.111300462172276,2.821673934067455,1.3553260841341346,0.8632478632478633,5.285441559535981,0.4918454498019778,0.3022162490125257,0.0683760683760683,4.810756884710036,0.4420140058500988,0.2144217575177672,2.4261107096446946,0.0188034188034188,5.234487675563308,0.3981844643127035,0.3793030944243289,0.9811965811965812,5.316774164484549,0.8821796338842285,0.4569571455269912,0.0,,,,2.1113143630326845,3.637324335548425,0.1194139850865978,14.796386207862456,572.8573050498962,462.323520898819,Data1 gauge-nearest frozen catalogue,data1-gauge-nearest-v1,8f9030436474e6fc9590cf7d6d2e4e286ce122f7c3ca2e5ae46de877c6275808,P14,0.0392207131532811,0.075,0.6363648029843083,7.137598971628052,25.0,10.0,0.0744667941026976,data1_controller_search,full,full,0.0,0.0,1.0,0.55,1,0,1,1,1,0.6,1.2,1.0,position,10,0.5,0.81298828125,0.4,3.0,2.0,,1.0,1.0,hybrid,8.0,vectorwise,0,PID-g1.20-du0.60,0,0.0,0,none,0.2183999999999999,0.2183999999999999,0.4367999999999999,PID,VI,canonical_data2,0.050->0.040,392.2736144925671,0.4325975014448175,1.8697833637873529
PID-g1.20-du0.60,PID,data1_controller_search,Coupled multi-variable disturbance,0.050_to_0.040__P19.csv,20268622,0.3990853901903656,5.321138535871541,0.397980643605884,98.1022286488504,39.259845145527215,0.6120026856659999,0.3781132531645599,0.4177621370656674,,0.4468434606272637,0.7021812937040802,0.307246913764342,75.7363642429103,49.21842780226853,3.719482421875,0.284799505397943,0.8803305225732379,197.79560899734497,3.479825920949643,0.4875345245343634,2.4034300771687334,592.4455140220928,2984.9149504878624,24.06978909143328,1.5676841578574496,4.017649336388259,196.90498971939087,0.0496972435162511,57.64785452205775,2.170284784703328,C0,0,raw,486,0.9858012170385396,491,1.0,0,491,0.0,0,0,0,0.0,0.0,0.0,493,493,269,90,0,0,0.1873387424024826,0.2645800002937903,0.2424387424128217,0.3645400001914822,0.6303000000116299,0.6250200000067707,archived_update,2,0.9062438011169434,0.7785263061523438,none,Data2,P19,0.050->0.040,P19,P19.csv,data1_controller_search,0.82,0.0,1.0,none,,PID-g1.20-du0.60,0.4468434606272637,3.479825920949643,0.7702097920373461,4.001696171953257,0.1418181815603307,,0.0,0.0547667342799188,0.9797160243407708,0.9797160243407708,470.0,1.210327454355357,0.5606501833263532,0.0,0.0081424024621494,0.8432213310854354,0.0,0.012607746808844,1.4929982660842378,1.5873562977402975,301.41280018762177,57.64785452205775,0.0,0.0,0.0,0.0,0.0,0.7978999040321318,0.0,0.7896212894143361,0.6732115955152901,0.9858012170385396,1.0,1.0,0.0,0.1947261663286004,0.3763745546513709,0.6397408935765453,0.0,0.0,0.0,0.0,6.203007023575027,0.531975560263039,0.2370273960449112,0.0811359026369168,6.203007023575027,1.7047917825660228,1.3452752337082314,0.8377281947261663,5.2734086024072,0.531975560263039,0.3209520842622043,0.0811359026369168,4.834547531677617,0.4986757741507463,0.2370273960449112,2.327740109850556,0.0446247464503042,5.554845952436483,0.8772500178015273,1.05651256171285,0.95131845841785,5.309623106858622,0.6915729689003032,0.4434527417187186,0.0040567951318458,5.390890869160819,0.9584545427881058,0.444582253512889,2.303020557210035,3.583415958955229,0.1196408697169244,14.799416052154807,481.8408179283142,389.52789974212646,Data1 gauge-nearest frozen catalogue,data1-gauge-nearest-v1,8f9030436474e6fc9590cf7d6d2e4e286ce122f7c3ca2e5ae46de877c6275808,P14,0.0392207131532811,0.075,0.6363648029843083,7.137598971628052,25.0,10.0,0.0744667941026976,data1_controller_search,full,full,0.0,0.0,1.0,0.55,1,0,1,1,1,0.6,1.2,1.0,position,10,0.5,0.81298828125,0.4,3.0,2.0,,1.0,1.0,hybrid,8.0,vectorwise,0,PID-g1.20-du0.60,0,0.0,0,none,0.2183999999999999,0.2183999999999999,0.4367999999999999,PID,VI,canonical_data2,0.050->0.040,329.4686816290212,0.5134420413336326,1.8037610782909843
PID-g1.20-du0.60,PID,data1_controller_search,Coupled multi-variable disturbance,0.063_to_0.050__P18.csv,20270622,0.3860856889119514,5.147809185492684,0.3856083594577074,177.7654537100031,68.71765538318603,0.57278395792613,0.3759465381172165,0.3956735012347639,,0.5122383496193194,0.7025684597071576,0.3187767782858987,146.9560947897993,120.9609264643538,4.737597955758915,0.2876512596531315,1.128701666477495,,4.9561659199403305,1.3513790713840708,3.3525752951444576,1545.537211061595,11323.810668575848,26.730851143803704,1.437763384526788,5.203941250770134,,0.0267412037805512,51.62935588004805,2.4005855721946374,C0,0,raw,904,0.980477223427332,920,1.0,0,920,0.0,0,0,0,0.0,0.0,0.0,922,922,451,566,0,0,0.2029569414260474,0.2828900001532017,0.2613236442723415,0.3759349999654658,2.609299999676296,0.6708249997700475,archived_update,2,0.546875,0.871429443359375,none,Data2,P18,0.063->0.050,P18,P18.csv,data1_controller_search,0.82,0.0,1.0,none,,PID-g1.20-du0.60,0.5122383496193194,4.9561659199403305,0.7567025853925574,10.49029582305523,0.1418181815603307,,0.0130151843817787,0.0260303687635574,0.7527114967462039,0.7592190889370932,601.0,1.0378671770100167,2.860349402522676,0.0009800319901821,0.0028356194529778,0.4776076993957818,0.0,0.0,0.904791658426738,1.357226940675866,475.8038236466053,51.62935588004805,0.0,0.0,0.0,0.0,0.0,0.8528114878915851,0.0,0.8422782382458939,0.746290736595842,0.980477223427332,1.0,1.0,0.0,0.6279826464208242,0.3584588503357591,0.6017105688159934,0.0,0.0,0.0,0.0,5.701003958137734,0.47462829467759,0.2927012967932413,0.0433839479392624,5.701003958137734,2.5375430136656,4.272718834572824,0.913232104121475,5.139512345745488,0.47462829467759,1.0622589441569668,0.0433839479392624,4.721768495417369,0.4432107036976507,0.2927012967932413,2.7383717652071624,0.0206073752711496,5.8613968519761634,2.606886013741488,4.724799503194979,0.9718004338394792,5.134241250103963,0.6012160380897061,1.1853686387415203,0.0075921908893709,4.799292926910203,0.5492074827041178,0.3071536920335404,2.863284710832853,3.687837013814676,0.1002391653997953,7.105066722911911,515.0617094039917,726.6554684638977,Data1 gauge-nearest frozen catalogue,data1-gauge-nearest-v1,8f9030436474e6fc9590cf7d6d2e4e286ce122f7c3ca2e5ae46de877c6275808,P13,0.0990662847297904,0.075,0.7290938591704343,3.667487550228426,36.9194197865092,10.0,0.0566300458427367,data1_controller_search,full,full,0.0,0.0,1.0,0.55,1,0,1,1,1,0.6,1.2,1.0,position,10,0.5,0.81298828125,0.4,3.0,2.0,,1.0,1.0,hybrid,8.0,vectorwise,0,PID-g1.20-du0.60,0,0.0,0,none,0.2183999999999999,0.2081610420227049,0.4265610420227049,PID,VI,canonical_data2,0.063->0.050,347.4181501944332,0.5504671984999631,1.6233939136339302
PID-g1.20-du0.60,PID,data1_controller_search,Coupled multi-variable disturbance,0.080_to_0.063__P17.csv,20272622,0.3301556419852759,4.402075226470345,0.3296629078495493,129.06302842309856,42.674575816438846,0.5190280452370004,0.3196045770528198,0.378788252925079,,0.6399147789196356,0.80176249784092,0.4236890825633685,165.87427582355878,160.3156968555284,6.385080675565376,0.4624419166466034,1.686261159598194,,2.057627741709537,0.576458621713536,1.6631502928744133,651.1233396603328,1657.545198031728,11.398699572231031,1.4423859231983924,3.014724176614169,,0.0315442567792046,53.80795552969444,1.9267654486749333,C0,0,raw,771,0.9846743295019156,782,1.0,1,782,0.0012787723785166,0,1,0,0.0,0.0012787723785166,0.0,783,783,470,323,0,0,0.1970761174897319,0.2702599999793165,0.2502490421368029,0.3389899993635481,1.2796000000889762,0.605460000315361,archived_update,1,0.5468711853027344,0.870941162109375,none,Data2,P17,0.080->0.063,P17,P17.csv,data1_controller_search,0.82,0.0,1.0,none,,PID-g1.20-du0.60,0.6399147789196356,2.057627741709537,0.9694256391439628,4.223300110370311,0.1418181815603307,,0.1621966794380587,0.0613026819923371,0.9323116219667944,0.9514687100893996,620.0,1.2146134884137527,1.183186691818216,0.0459873512522334,0.017954615727169,0.67621427301792,0.489009745448048,0.0318845060614428,1.176257897943984,1.35883661281929,426.6134560386328,53.80795552969444,0.0,0.0,0.0,0.0,0.0,0.8290965830204279,0.0,0.8196604570905806,0.7036781606892235,0.9846743295019156,1.0,1.0,0.0,0.4227330779054917,0.4026723474015627,0.6463111562627373,0.0,0.0,0.0,0.0,4.665955365881734,0.5914900797105216,0.3882438182138335,0.0510855683269476,4.665955365881734,2.4614223209450947,1.1854777602733555,0.8978288633461047,4.4096323806689375,0.5914900797105216,0.5306412362828997,0.0510855683269476,3.976813886161973,0.6130773667125993,0.3882438182138335,2.091417134983439,0.0166028097062579,4.560130083476387,1.8315089889000995,1.0735875705585136,0.966794380587484,4.397998966198663,0.7748103039490928,0.5661083876688139,0.0166028097062579,4.477785727124086,0.6368425679596608,0.4479356406011974,2.0851898040485013,3.075661534481194,0.1061013400704468,8.724005565154911,507.1373791694641,616.7803897857666,Data1 gauge-nearest frozen catalogue,data1-gauge-nearest-v1,8f9030436474e6fc9590cf7d6d2e4e286ce122f7c3ca2e5ae46de877c6275808,P12,0.2223979554582301,0.075,0.7981350844456719,3.5694283409157674,25.0,10.0,0.0629001356307136,data1_controller_search,full,full,0.0,0.0,1.0,0.55,1,0,1,1,1,0.6,1.2,1.0,position,10,0.5,0.81298828125,0.4,3.0,2.0,,1.0,1.0,hybrid,8.0,vectorwise,0,PID-g1.20-du0.60,0,0.0,0,none,0.2183999999999999,0.0,0.2183999999999999,PID,VI,canonical_data2,0.080->0.063,417.64454873834944,0.9727935744007764,1.607923983050524
PID-g1.20-du0.60,PID,data1_controller_search,Coupled multi-variable disturbance,0.320_to_0.215__P08.csv,20274622,0.9068591992906356,2.886103823784139,0.9030328649609396,349.92523517236407,318.6775228434955,1.6098257899284008,0.8762020008083558,1.130054152282431,,1.2100672188725194,0.4905267142676592,0.6518755730972685,252.6017845751916,567.4017862485762,24.21875,0.6696837692669085,2.474789023915136,,3.505654342980688,0.5161216953696877,2.8974973124565486,1122.7802085769126,4762.224794328001,36.643415873160194,2.849850359658863,4.186596818172334,,0.025098682077392,41.08626088593027,1.297584077807162,C0,0,raw,747,0.9638709677419356,158,0.2041343669250646,0,774,0.0,0,0,0,0.0,0.0,0.0,775,775,217,171,0,0,0.2341645161246678,0.3091599996878357,0.3010885161195127,0.3960299997743275,3.150900000036927,0.7208399998489766,archived_update,1,0.453125,0.713714599609375,none,Data2,P08,0.320->0.215,P08,P08.csv,data1_controller_search,0.82,0.0,1.0,none,,PID-g1.20-du0.60,1.2100672188725194,3.505654342980688,1.512878331711507,3.4862661893910967,0.1418181815603307,,0.9935483870967742,0.0025806451612903,0.990967741935484,0.9948387096774194,770.0,0.6132776969469863,0.5132672648635016,1.4876960122105212,0.0046350925455555,0.7156951512368851,2.034901989093164,0.0,1.094269896314609,1.366791370881552,309.91687320056576,41.08626088593027,0.0,0.0,0.0,0.0,0.0,0.8200238395414202,0.0,0.8116167575562248,0.7373940900322856,0.9638709677419356,1.0,1.0,0.0,0.2541935483870968,0.2825631498474347,0.561814906583154,0.0,0.0,0.0,0.0,3.063505989405761,0.2991099099647912,0.356989547212924,0.0516129032258064,3.063505989405761,1.7219388671632798,1.5011121938174978,0.896774193548387,2.8956510000513185,0.2991099099647912,0.4000262027827168,0.0516129032258064,2.512972637656243,0.3773404605530829,0.356989547212924,1.4587385342897352,0.0296774193548387,2.709919669809031,0.4439706534701275,0.5190197035983948,0.9509677419354838,2.8876304918685154,0.4950346460760917,0.5175904074321775,0.0193548387096774,3.067289705615122,0.2983869015764471,0.4326503908473092,1.263499174477024,2.03290353908232,0.0958245215808293,6.704378281056936,428.765625,612.8273072242737,Data1 gauge-nearest frozen catalogue,data1-gauge-nearest-v1,8f9030436474e6fc9590cf7d6d2e4e286ce122f7c3ca2e5ae46de877c6275808,P01,0.089612158689687,0.3142157228777722,2.466873227646962,6.792301843598452,25.0,14.185598711404117,0.1531999011613549,data1_controller_search,full,full,0.0,0.0,1.0,0.55,1,0,1,1,1,0.6,1.2,1.0,position,10,0.5,0.81298828125,0.4,3.0,2.0,,1.0,1.0,hybrid,8.0,vectorwise,0,PID-g1.20-du0.60,0,0.0,0,none,0.2183999999999999,0.0,0.2183999999999999,PID,III,canonical_data2,0.320->0.215,437.93573583146446,0.1631781071456129,1.5020991892886428
PID-g1.20-du0.60,PID,data1_controller_search,Coupled multi-variable disturbance,0.628_to_0.458__P07.csv,20276622,2.652220777016656,5.984015462617342,2.648066240626569,570.6582748550256,1515.8862732833686,3.9766608178615,2.544872352920765,2.916150707734872,,4.238172362687322,0.618851180684048,2.999014844668661,646.2876990260966,3870.83362229495,27.685546875,4.003813098185444,14.039165354867569,148.8427972793579,7.887786366682814,5.824380298876663,7.46894990820579,1609.5587052183478,13407.800946665076,30.723348832287645,9.849962212111924,10.834163927385193,,0.0300869294060625,22.310100863850145,4.142415647392684,C0,0,raw,413,0.9582366589327146,430,1.0,66,430,0.1534883720930232,1,0,66,0.0023255813953488,0.0,0.1534883720930232,431,431,225,431,0,0,0.2322470997533452,0.3308000000288302,0.2952807424582563,0.4035500001009495,1.071599999704631,0.722050000604213,archived_update,1,0.7499957084655762,0.8334197998047017,none,Data2,P07,0.628->0.458,P07,P07.csv,data1_controller_search,0.82,0.0,1.0,none,,PID-g1.20-du0.60,4.238172362687322,7.887786366682814,7.809111007274661,10.834163927385193,0.1418181815603307,,0.0,0.0278422273781902,0.2946635730858468,0.3109048723897912,80.0,1.1402739561730415,8.0,0.0,0.0050810285881794,0.3208208801627577,0.0,0.0,1.6334724833044856,2.1971906004706643,129.78574019591596,22.310100863850145,0.0,0.0,0.0,0.0,0.0,0.890275663950092,0.0,0.877660723717886,0.7813946688356952,0.9582366589327146,1.0,1.0,0.0,1.0,0.3491736163418509,0.6249524190342626,0.0,0.0,0.0,0.0,6.185266119154534,0.4558296402868302,6.963073077330151,0.0928074245939675,6.185266119154534,1.237979772617033,6.626279503005277,0.814385150812065,6.002160806752679,0.4558296402868302,5.579089280961495,0.0928074245939675,5.608106766141492,0.8778984157882836,6.963073077330151,4.392853709115308,0.0185614849187935,5.851322994288027,0.2927610114911961,4.517285709606495,0.965197215777262,5.99206003562499,0.62440984673016,5.83943249049387,0.0162412993039443,5.646039389183093,0.5585768356337802,6.240062881697769,3.951327910527709,5.563061995881156,0.0553646991444302,6.576544167023521,402.9661717414856,339.2374520301819,Data1 gauge-nearest frozen catalogue,data1-gauge-nearest-v1,8f9030436474e6fc9590cf7d6d2e4e286ce122f7c3ca2e5ae46de877c6275808,P24,0.1608480070096533,0.4432175674654095,6.848451606737911,1.3542704909231489,25.0,15.56455969587742,0.1418905272402376,data1_controller_search,full,full,0.0,0.0,1.0,0.55,1,0,1,1,1,0.6,1.2,1.0,position,10,0.5,0.81298828125,0.4,3.0,2.0,,1.0,1.0,hybrid,8.0,vectorwise,0,PID-g1.20-du0.60,0,0.0,0,none,0.2183999999999999,0.0,0.2183999999999999,PID,II,canonical_data2,0.628->0.458,98.149131693802,5.0112391477599925,14.035271060960405
PID-g1.20-du0.60,PID,data1_controller_search,Coupled multi-variable disturbance,0.628_to_0.458__P06.csv,20278622,2.712807168911822,6.120712192039952,2.686742738744457,63.138454360494734,172.94408428893533,3.943487107753697,2.398681417416469,2.7616850890359683,,10.991710182408736,1.6049920206188566,9.125277512694376,214.4440215483178,2839.215779250595,30.97107851702912,5.079641020179786,22.54452558294788,,10.591941169352657,7.8211415225717404,10.490754074909896,246.5327207603825,2636.4466167731503,18.660191621056367,10.834163927385193,10.834163927385193,,0.0415252807000969,3.6427221138000494,5.182281911743516,C0,0,raw,45,0.9574468085106383,46,1.0,29,46,0.6304347826086957,2,0,29,0.0434782608695652,0.0,0.6304347826086957,47,47,42,47,0,0,0.2854723404797891,0.5909299994527825,0.374793617045222,0.583050000568619,0.9664999997767154,1.128179999341227,archived_update,1,1.499990463256836,0.7863101959228516,none,Data2,P06,0.628->0.458 acceleration,P06,P06.csv,data1_controller_search,0.82,0.0,1.0,none,,PID-g1.20-du0.60,10.991710182408736,10.591941169352657,20.42947511102432,10.834163927385193,0.1418181815603307,,0.0,0.0212765957446808,0.3829787234042553,0.4042553191489361,17.0,2.9830794293595635,8.0,0.0,0.0033010921732424,0.5197219236714042,0.0,0.0,1.2976077843185545,2.574330645422526,8.996084569701877,3.6427221138000494,0.0,0.0,0.0,0.0,0.0,0.9283736331453196,0.0,0.9163228779545566,0.7607950332020249,0.9574468085106383,1.0,1.0,0.0,1.0,0.4402867030618719,0.7937131944575401,0.0,0.0,0.0,0.0,6.667202977408444,1.2207924430605563,7.49983664951305,0.4893617021276595,6.667202977408444,2.048864923109732,8.191202733372696,0.0212765957446808,5.764956228426371,1.2207924430605563,6.1729147020592,0.4893617021276595,5.537010321444952,1.0006768379514626,7.49983664951305,4.900384201816274,0.2765957446808511,5.562671870269415,1.0568258025797828,7.308363662514606,0.723404255319149,6.321074450979881,1.7702818075162343,8.008531552167593,0.0,,,,5.004624857671252,5.09408271672676,0.0608550531012446,10.036151869936877,59.858991622924805,36.29600429534912,Data1 gauge-nearest frozen catalogue,data1-gauge-nearest-v1,8f9030436474e6fc9590cf7d6d2e4e286ce122f7c3ca2e5ae46de877c6275808,P24,0.1608480070096533,0.4432175674654095,6.848451606737911,1.3542704909231489,25.0,15.56455969587742,0.1418905272402376,data1_controller_search,full,full,0.0,0.0,1.0,0.55,1,0,1,1,1,0.6,1.2,1.0,position,10,0.5,0.81298828125,0.4,3.0,2.0,,1.0,1.0,hybrid,8.0,vectorwise,0,PID-g1.20-du0.60,0,0.0,0,none,0.2183999999999999,0.0,0.2183999999999999,PID,II,canonical_data2,0.628->0.458,15.171567978551389,5.510248411162644,5.127776367630469
PID-g1.20-du0.60,PID,data1_controller_search,Coupled multi-variable disturbance,1.000_to_0.628__P05.csv,20280622,3.354033551369856,8.010756642217727,3.353243839418245,645.4994390880122,2165.536654765077,4.7794197659492,3.3495298396095703,3.3495298396095707,,10.328798462544858,1.6430149441144128,6.042011542098355,1163.0872218539334,20536.684953374788,73.583984375,10.81274663784236,50.291927043242296,,8.608763431604277,6.753538177904632,8.395686476496836,1616.169646725641,14266.330505605458,28.560053005808115,8.400674745380417,10.197633542393332,,0.034121861756135,22.828592858676583,5.4691032547455904,C0,0,raw,368,0.9558441558441558,384,1.0,384,384,1.0,384,2,86,1.0,0.0052083333333333,0.2239583333333333,385,385,270,385,0,0,0.2523046753346782,0.3472000003966964,0.3212914285942641,0.4377200000817536,0.7183999996414059,0.7684600006541586,archived_update,1,0.9218688011169434,0.8213129043579093,none,Data2,P05,1.000->0.628,P05,P05.csv,data1_controller_search,0.82,0.0,1.0,none,,PID-g1.20-du0.60,10.328798462544858,8.608763431604277,19.12335577110617,10.197633542393332,0.1418181815603307,,0.0,0.2129870129870129,0.4675324675324675,0.5844155844155844,53.0,3.0419762209013643,8.0,0.0,0.1862704373256595,0.4794499938267773,0.0,0.9517135168822984,1.6334724833044856,2.239510793758734,122.59797152173456,22.828592858676583,0.0,0.0,0.0,0.0,0.0,0.9091100824564404,0.0,0.8967732276724468,0.788105713017228,0.9558441558441558,1.0,1.0,0.0,1.0,0.3930164385304381,0.6959197008236313,0.0,0.0,0.0,0.0,8.102939995183288,0.8952491865402331,6.616807730138491,0.1038961038961039,8.102939995183288,3.020854118488165,8.657359249074789,0.7922077922077922,8.0,0.8952491865402331,6.480911808737593,0.1038961038961039,8.0,3.278092812508515,6.616807730138491,5.894690544519007,0.0155844155844155,8.0,3.236717626070936,7.968586924502128,0.961038961038961,8.011192417676126,1.584443453294906,6.743480479550683,0.0233766233766233,8.0,2.2992301637744705,6.266232361101584,5.789987047330093,7.08790164592349,0.0560300387051167,7.535668512114319,407.43489360809326,302.9405131340027,Data1 gauge-nearest frozen catalogue,data1-gauge-nearest-v1,8f9030436474e6fc9590cf7d6d2e4e286ce122f7c3ca2e5ae46de877c6275808,P23,0.16354612240335,0.4186912299511963,6.286490880405287,1.2747041927991665,25.0,23.2008689564286,0.142273259160353,data1_controller_search,full,full,0.0,0.0,1.0,0.55,1,0,1,1,1,0.6,1.2,1.0,position,10,0.5,0.81298828125,0.4,3.0,2.0,,1.0,1.0,hybrid,8.0,vectorwise,0,PID-g1.20-du0.60,0,0.0,0,none,0.2183999999999999,0.0,0.2183999999999999,PID,II,canonical_data2,1.000->0.628,134.76286917370402,7.262151823935322,13.75423869238945
ADRC-g1.20-du0.95,Observer-compensated PID (OC-PID),data1_controller_search,Coupled multi-variable disturbance,0.044_to_0.035__P16.csv,20262622,0.4007809014189595,5.3437453522527925,0.399657536048473,150.87071985829857,60.63606243067813,0.6144623644649005,0.3848635147480185,0.6000000000000001,,0.3589910324773468,0.5641277311281451,0.2680993926337388,101.20752071923638,48.650146928179694,2.115738251013284,0.2388947317916424,0.8449290527452491,,7.134880978813898,0.9996192006828968,5.278940197736224,1992.7999246454249,19217.21378464474,38.00638213280901,2.8744432142701832,6.970252861970241,,0.0471141235663559,65.48127850804823,2.302497428021278,ADRC,0,ekf,330,0.4370860927152318,751,1.0,1,751,0.0013315579227696,1,0,0,0.0013315579227696,0.0,0.0,755,755,61,32,0,0,4.562725695343744,5.444550000356684,0.3679617218552188,0.5060200002844795,1.1395000001357405,5.881290000161243,archived_update,4,1.0156183242797852,0.7819213867188068,none,Data2,P16,0.044->0.035,P16,P16.csv,data1_controller_search,0.82,0.0,1.0,none,,ADRC-g1.20-du0.95,0.3589910324773468,7.134880978813898,0.6584312394165701,7.771510706460625,0.22454545413719,,0.0,0.0225165562913907,0.9456953642384106,0.9456953642384106,659.0,1.0346757651095386,1.0888130220473822,0.0,0.0032969469818231,0.4799807656358985,0.0,0.0,1.339512561048868,1.4806904711700266,95.30330072614284,65.48127850804823,0.0,0.0,0.0,0.0,0.0,0.3412985893241024,0.5447059099750716,0.7175486215817598,0.7098741001166383,0.4370860927152318,0.9894039735099338,0.9894039735099338,0.0,0.0357615894039735,0.0931822950908238,0.221597568262528,0.0,0.0,0.0,0.0,6.481252553836674,0.4700210298992719,0.2463604197087261,0.0529801324503311,6.481252553836674,1.4366364502342948,3.3094912589967227,0.8940397350993378,5.29196770942153,0.4700210298992719,0.6819232807085533,0.0529801324503311,4.939385000238961,0.463504527504783,0.2463604197087261,2.5911713589499463,0.0211920529801324,6.184451327310623,0.8712796041171603,2.7241208413661613,0.970860927152318,5.319438287075923,0.5559926408402326,0.9246143698992174,0.0079470198675496,5.863038005823063,0.5057227931657289,1.227562114638312,2.6862466649151577,3.704514095396706,0.0819940948622903,11.024589589268183,798.6096879052628,593.956609249115,Data1 gauge-nearest frozen catalogue,data1-gauge-nearest-v1,8f9030436474e6fc9590cf7d6d2e4e286ce122f7c3ca2e5ae46de877c6275808,P14,0.2138637417116157,0.075,0.6363648029843083,7.137598971628052,25.0,10.0,0.0744667941026976,data1_controller_search,full,full,0.0,0.0,1.0,0.55,1,1,1,1,1,0.95,1.2,1.0,position,10,0.5,0.81298828125,0.4,3.0,2.0,,1.0,1.0,hybrid,8.0,vectorwise,0,ADRC-g1.20-du0.95,0,0.0,0,none,0.3457999999999999,1.0373999999999997,1.3831999999999995,OC-PID,V,canonical_data2,0.044->0.035,286.5785444974119,0.673449867837456,1.6119505143379504
ADRC-g1.20-du0.95,Observer-compensated PID (OC-PID),data1_controller_search,Coupled multi-variable disturbance,0.044_to_0.035__P15.csv,20264622,0.4045391657872791,5.393855543830388,0.4027487996409044,67.86317273949238,27.575351326513715,0.6134807877242006,0.3708725920964524,0.4145457651114117,,0.4471548005970135,0.7026705413310542,0.311535855923752,52.49379172315221,33.69113954493692,2.5732421875,0.2741847706130372,1.0785682725718184,,8.209450651991727,1.1501697818305967,6.35118325167834,1070.1743779078004,11356.070981261626,33.84809089279722,2.3038852718498672,11.537120049992724,,0.0492774278571464,31.11176604165334,2.4155652889973465,ADRC,0,ekf,145,0.43026706231454,334,1.0,0,334,0.0,0,0,0,0.0,0.0,0.0,337,337,44,29,0,0,4.509156973314123,5.231420000018261,0.3563919881209251,0.4627199996320995,0.7551999997303938,5.632580000565213,archived_update,3,1.2187423706054688,0.7805328369140625,none,Data2,P15,0.044->0.035,P15,P15.csv,data1_controller_search,0.82,0.0,1.0,none,,ADRC-g1.20-du0.95,0.4471548005970135,8.209450651991727,0.8727228624484642,15.86791277125112,0.22454545413719,,0.0,0.0267062314540059,0.8635014836795252,0.8694362017804155,191.0,1.3714191268211673,2.223144342281776,0.0,0.0071720086191889,0.43415253005443,0.0,0.0,1.4800581409896616,1.5026489942593435,41.58771364034703,31.11176604165334,0.0,0.0,0.0,0.0,0.0,0.3554178472801764,0.5501362307996266,0.7363293978482657,0.7268913326308409,0.43026706231454,0.9821958456973294,0.9821958456973294,0.0118694362017804,0.0741839762611275,0.103963088394878,0.2517323475642971,0.0,0.0,0.0,0.0,6.440581919155504,0.4996192528504249,0.2624827146229352,0.1186943620178041,6.440581919155504,1.5068070656242272,2.5802763145655003,0.7626112759643917,5.293982211629416,0.4996192528504249,0.829291540996514,0.1186943620178041,4.854327693879409,0.5343565816362471,0.2624827146229352,2.533525032773353,0.0207715133531157,5.703153706080695,1.3399357864267103,2.106595361002803,0.9703264094955488,5.384926484841244,0.6839436422476054,1.124812055838553,0.0089020771513353,5.619221575853817,0.5356202772608515,0.5856030715951045,2.5648679956830427,3.590835669417803,0.0739083840532801,11.776195553750693,420.9504299163818,264.19199562072754,Data1 gauge-nearest frozen catalogue,data1-gauge-nearest-v1,8f9030436474e6fc9590cf7d6d2e4e286ce122f7c3ca2e5ae46de877c6275808,P14,0.2138637417116157,0.075,0.6363648029843083,7.137598971628052,25.0,10.0,0.0744667941026976,data1_controller_search,full,full,0.0,0.0,1.0,0.55,1,1,1,1,1,0.95,1.2,1.0,position,10,0.5,0.81298828125,0.4,3.0,2.0,,1.0,1.0,hybrid,8.0,vectorwise,0,ADRC-g1.20-du0.95,0,0.0,0,none,0.3457999999999999,0.6915999999999998,1.0373999999999997,OC-PID,V,canonical_data2,0.044->0.035,115.78368300758048,4.163638634908355,1.536002474240712
ADRC-g1.20-du0.95,Observer-compensated PID (OC-PID),data1_controller_search,Coupled multi-variable disturbance,0.050_to_0.040__P20.csv,20266622,0.3965528132939199,5.287370843918931,0.395697349135221,115.74147462205217,45.99683411641183,0.6110001169145001,0.3776872592201852,0.4006989856110511,,0.566724743439245,0.8905658213363183,0.3473509110582258,101.60014148453106,93.94425343668634,3.9774208179636656,0.2490886264538568,0.9835024034446412,,3.706662462620845,0.5193150353998346,2.9515736898038645,863.3353042676304,4018.7588839522086,25.455817072464423,1.3546012718731877,4.709901499780971,,0.0467992329100573,52.87381267510124,2.2324172335516947,ADRC,0,ekf,307,0.5247863247863248,583,1.0,0,583,0.0,0,0,0,0.0,0.0,0.0,585,585,69,14,0,0,4.398132478646349,5.089640000187501,0.3458317948469711,0.4254600000422214,0.6494999997812556,5.470139999852108,archived_update,2,0.921875,0.847412109375,none,Data2,P20,0.050->0.040,P20,P20.csv,data1_controller_search,0.82,0.0,1.0,none,,ADRC-g1.20-du0.95,0.566724743439245,3.706662462620845,0.7964028121643745,5.436035418776303,0.22454545413719,,0.0,0.0529914529914529,0.9863247863247864,0.9863247863247864,569.0,1.2514878390972424,0.7616056100075863,0.0,0.0111506876709221,0.7444147601304781,0.0,0.0113742258916139,1.5450350198170764,1.6286863693237843,86.76633139198844,52.87381267510124,0.0,0.0,0.0,0.0,0.0,0.3372302040707216,0.511761090876994,0.6808233540666142,0.6724242070286204,0.5247863247863248,0.9931623931623932,0.9931623931623932,0.0034188034188034,0.0034188034188034,0.1002698385199524,0.2252110799030581,0.0,0.0,0.0,0.0,6.006573988361492,0.5569371571438485,0.1403413426288849,0.0683760683760683,6.006573988361492,2.741998196607642,1.2507501382873842,0.8632478632478633,5.263652048012584,0.5569371571438485,0.4323655356028201,0.0683760683760683,4.7951174627553,0.4057498968181222,0.1403413426288849,2.3992761962464533,0.0188034188034188,5.218523237669589,0.4393347878918971,0.6082515306616054,0.9811965811965812,5.288681470782488,0.896999170126423,0.5174614275302097,0.0,,,,2.161541937443702,3.625123618619257,0.0922983999837374,11.43653962755506,572.8573050498962,462.323520898819,Data1 gauge-nearest frozen catalogue,data1-gauge-nearest-v1,8f9030436474e6fc9590cf7d6d2e4e286ce122f7c3ca2e5ae46de877c6275808,P14,0.0392207131532811,0.075,0.6363648029843083,7.137598971628052,25.0,10.0,0.0744667941026976,data1_controller_search,full,full,0.0,0.0,1.0,0.55,1,1,1,1,1,0.95,1.2,1.0,position,10,0.5,0.81298828125,0.4,3.0,2.0,,1.0,1.0,hybrid,8.0,vectorwise,0,ADRC-g1.20-du0.95,0,0.0,0,none,0.3457999999999999,0.3457999999999999,0.6915999999999998,OC-PID,VI,canonical_data2,0.050->0.040,345.3357999025601,0.4325975014448175,1.7795168920153914
ADRC-g1.20-du0.95,Observer-compensated PID (OC-PID),data1_controller_search,Coupled multi-variable disturbance,0.050_to_0.040__P19.csv,20268622,0.3969306645057737,5.292408860076982,0.3959040891629539,97.59035797866814,38.83704927276128,0.6120026856659999,0.3758766474061991,0.4168342940245962,,0.4719316279026972,0.7416054842906425,0.3275659690526489,80.74501137147796,54.900347238770365,3.719482421875,0.2743350745190643,1.0286129187398496,,3.9744827835459513,0.5568375022671512,3.164022579090156,779.9315657457234,3893.840552287332,24.06978909143328,1.0831260254774826,5.156388405784279,196.90498971939087,0.0466558874591159,44.64379491103476,2.196950615544925,ADRC,0,ekf,253,0.513184584178499,491,1.0,0,491,0.0,0,0,0,0.0,0.0,0.0,493,493,64,11,0,0,4.556846450317234,5.282620000252791,0.3643099391584355,0.4505800001425086,0.7252000004882575,5.69028000027174,archived_update,2,0.9062438011169434,0.7785263061523438,none,Data2,P19,0.050->0.040,P19,P19.csv,data1_controller_search,0.82,0.0,1.0,none,,ADRC-g1.20-du0.95,0.4719316279026972,3.9744827835459513,0.8745788268907321,5.711030642097961,0.22454545413719,,0.0,0.0730223123732251,0.9817444219066938,0.9817444219066938,471.0,1.3743356370265778,0.800133303201721,0.0,0.0200058550387025,0.7313756042718154,0.0,0.1695379284463152,1.6564746730099758,1.7160803284783233,74.50038969147207,44.64379491103476,0.0,0.0,0.0,0.0,0.0,0.339360894298304,0.5141290176290317,0.6886160748526483,0.6781766828318951,0.513184584178499,0.9898580121703854,0.9898580121703854,0.0,0.0060851926977687,0.1063727758588343,0.2306337686880699,0.0,0.0,0.0,0.0,6.0991455087222,0.578642174949898,0.1041397310901638,0.0811359026369168,6.0991455087222,1.743039277237673,1.2243256717289648,0.8377281947261663,5.253136978245594,0.578642174949898,0.4731809531988918,0.0811359026369168,4.805792136862616,0.5321795938976162,0.1041397310901638,2.3126202251037355,0.0446247464503042,5.540985731087843,0.8965050547874168,1.1614714647761697,0.95131845841785,5.280207138696502,0.7303668603185234,0.5112180236796279,0.0040567951318458,5.351524250693924,1.2798945967133255,0.5544820888032124,2.367406134395172,3.575614864660108,0.0926525799598751,11.461000596000863,481.8408179283142,389.52789974212646,Data1 gauge-nearest frozen catalogue,data1-gauge-nearest-v1,8f9030436474e6fc9590cf7d6d2e4e286ce122f7c3ca2e5ae46de877c6275808,P14,0.0392207131532811,0.075,0.6363648029843083,7.137598971628052,25.0,10.0,0.0744667941026976,data1_controller_search,full,full,0.0,0.0,1.0,0.55,1,1,1,1,1,0.95,1.2,1.0,position,10,0.5,0.81298828125,0.4,3.0,2.0,,1.0,1.0,hybrid,8.0,vectorwise,0,ADRC-g1.20-du0.95,0,0.0,0,none,0.3457999999999999,0.3457999999999999,0.6915999999999998,OC-PID,VI,canonical_data2,0.050->0.040,285.3756665001102,0.5134420413336326,1.803168283956024
ADRC-g1.20-du0.95,Observer-compensated PID (OC-PID),data1_controller_search,Coupled multi-variable disturbance,0.063_to_0.050__P18.csv,20270622,0.383643502054546,5.1152466940606125,0.3831995183051411,176.65497793867007,67.85105720425985,0.5708754621445999,0.3743902000462906,0.3933804358899398,,0.5706492791410629,0.7826828767839983,0.3930848608282022,181.2121208418012,150.12031650052296,4.690900995666341,0.331650482597363,1.21619179823471,,5.164725272360904,1.4082461635184622,3.9720272082394334,1831.1045429983792,12296.892471062136,26.730851143803704,2.178186999866461,5.383609520356708,,0.0311417529486153,55.87892678211453,2.435391911454358,ADRC,0,ekf,616,0.6681127982646421,920,1.0,0,920,0.0,0,0,0,0.0,0.0,0.0,922,922,115,155,0,0,5.040877223439876,7.207979999748196,0.4042052060569814,0.5240799999228329,8.296699999846169,7.811125000080204,archived_update,2,0.546875,0.871429443359375,none,Data2,P18,0.063->0.050,P18,P18.csv,data1_controller_search,0.82,0.0,1.0,none,,ADRC-g1.20-du0.95,0.5706492791410629,5.164725272360904,0.8760396546972145,10.173999787801431,0.2245454541371902,,0.0130151843817787,0.0780911062906724,0.7310195227765727,0.7657266811279827,401.0,1.201545786840086,2.774106155361797,0.0010126080112139,0.0144634710052564,0.3091624663367857,0.0,0.0958077755999924,0.6650689790328445,1.2300313426771416,116.61482487360487,55.87892678211453,0.0,0.0,0.0,0.0,0.0,0.3764248328905556,0.5417539395389834,0.7539454487628631,0.7454914212723959,0.6681127982646421,0.9956616052060736,0.9945770065075922,0.0,0.2668112798264642,0.1159266680586993,0.2388885849573744,0.0,0.0,0.0,0.0,5.624599026601574,0.5975736674243741,0.3908518203535747,0.0433839479392624,5.624599026601574,2.5290935276406805,4.122053244613307,0.913232104121475,5.1080825811798976,0.5975736674243741,1.1649612693435585,0.0433839479392624,4.715623830441883,0.4550911550419301,0.3908518203535747,2.745325569182309,0.0206073752711496,5.778019354474066,2.5844059845239045,4.545610136302585,0.9718004338394792,5.102653102346922,0.6981174212690409,1.2653230534511657,0.0075921908893709,4.800032051522093,0.4182739043337367,0.4388483927047351,2.847920377880917,3.678060727392008,0.1084897707631486,7.689879070233785,515.0617094039917,726.6554684638977,Data1 gauge-nearest frozen catalogue,data1-gauge-nearest-v1,8f9030436474e6fc9590cf7d6d2e4e286ce122f7c3ca2e5ae46de877c6275808,P13,0.0990662847297904,0.075,0.7290938591704343,3.667487550228426,36.9194197865092,10.0,0.0566300458427367,data1_controller_search,full,full,0.0,0.0,1.0,0.55,1,1,1,1,1,0.95,1.2,1.0,position,10,0.5,0.81298828125,0.4,3.0,2.0,,1.0,1.0,hybrid,8.0,vectorwise,0,ADRC-g1.20-du0.95,0,0.0,0,none,0.3457999999999999,0.3295883165359495,0.6753883165359493,OC-PID,VI,canonical_data2,0.063->0.050,224.85375352531327,2.064251994374861,1.462249118770042
ADRC-g1.20-du0.95,Observer-compensated PID (OC-PID),data1_controller_search,Coupled multi-variable disturbance,0.080_to_0.063__P17.csv,20272622,0.3283322001201036,4.377762668268048,0.3278842820359707,128.36669641708252,42.20449616837959,0.5190280452370004,0.3186194189168662,0.378050462391948,,0.6595693877859574,0.8263881649107652,0.440873715964122,172.60205979995376,170.3149408146502,6.385080675565376,0.4445355033601076,1.7503876251944064,254.6233701705933,2.3584694931332875,0.6607415159728915,1.98081601236978,775.4894688427687,2177.671124040811,11.398699572231031,2.0196358674302,3.663520802511105,,0.0372792466815664,59.78918297841975,1.9549641163839016,ADRC,0,ekf,564,0.7203065134099617,782,1.0,1,782,0.0012787723785166,0,1,0,0.0,0.0012787723785166,0.0,783,783,124,35,0,0,4.488937420187,5.396339999788324,0.3545420178578383,0.4389699997773276,1.841799999965588,5.791900000076566,archived_update,1,0.5468711853027344,0.870941162109375,none,Data2,P17,0.080->0.063,P17,P17.csv,data1_controller_search,0.82,0.0,1.0,none,,ADRC-g1.20-du0.95,0.6595693877859574,2.3584694931332875,1.055500402966416,4.422120358776602,0.22454545413719,,0.2694763729246487,0.0842911877394636,0.9182630906768838,0.9489144316730524,620.0,1.3224583451302503,1.2388875574518663,0.0481275837473114,0.0280467715783575,0.5897954642995379,0.4859938568009455,0.2049925471048653,1.051706484880597,1.2210114567695354,116.32109955292516,59.78918297841975,0.0,0.0,0.0,0.0,0.0,0.3643244333784301,0.4691584367328055,0.7124298325270559,0.7032200145173215,0.7203065134099617,0.9987228607918264,0.9987228607918264,0.0,0.1123882503192848,0.1072794093371036,0.2409601293478299,0.0,0.0,0.0,0.0,4.599742827675933,0.6348797665252163,0.5225034136831815,0.0510855683269476,4.599742827675933,2.4212238465854745,1.3285482022911852,0.8978288633461047,4.386269590431661,0.6348797665252163,0.6085213125624565,0.0510855683269476,3.982671817193064,0.649451448799539,0.5225034136831815,2.12597913619419,0.0166028097062579,4.46801022102216,1.88704411610058,1.2706587777605962,0.966794380587484,4.374859661661494,0.7988034391247775,0.6459331329848916,0.0166028097062579,4.454893669577405,0.6445244365348932,0.620753685390624,2.129497904461936,3.068192965371132,0.1178954370832142,9.6937555033465,507.1373791694641,616.7803897857666,Data1 gauge-nearest frozen catalogue,data1-gauge-nearest-v1,8f9030436474e6fc9590cf7d6d2e4e286ce122f7c3ca2e5ae46de877c6275808,P12,0.2223979554582301,0.075,0.7981350844456719,3.5694283409157674,25.0,10.0,0.0629001356307136,data1_controller_search,full,full,0.0,0.0,1.0,0.55,1,1,1,1,1,0.95,1.2,1.0,position,10,0.5,0.81298828125,0.4,3.0,2.0,,1.0,1.0,hybrid,8.0,vectorwise,0,ADRC-g1.20-du0.95,0,0.0,0,none,0.3457999999999999,0.0,0.3457999999999999,OC-PID,VI,canonical_data2,0.080->0.063,364.2930534912645,1.134925836800906,1.5043030051720812
ADRC-g1.20-du0.95,Observer-compensated PID (OC-PID),data1_controller_search,Coupled multi-variable disturbance,0.320_to_0.215__P08.csv,20274622,0.9082999138632306,2.8906889367103794,0.9042876420047604,350.41146127684465,319.6908842405315,1.6098257899284008,0.8758206030846898,1.1295656532834792,,1.2073984898582006,0.4894448876928642,0.6591791111499383,255.43190557060112,564.901806408347,24.21875,0.6300487047306573,2.235729398412841,,4.326480563420653,0.6369682418484149,3.854520437659114,1493.6266695929066,7253.393200441968,36.643415873160194,3.85246221780701,5.548769830476423,,0.0273087874347779,36.70309215912059,1.3390340220838863,ADRC,0,ekf,428,0.552258064516129,166,0.2144702842377261,0,774,0.0,0,0,0,0.0,0.0,0.0,775,775,11,28,0,0,3.460122322581048,4.745950000324228,0.2835814193367109,0.4100199994354623,0.8016000001589418,5.1068099998701655,archived_update,1,0.453125,0.713714599609375,none,Data2,P08,0.320->0.215,P08,P08.csv,data1_controller_search,0.82,0.0,1.0,none,,ADRC-g1.20-du0.95,1.2073984898582006,4.326480563420653,1.4559745234838526,4.700545285256317,0.2245454541371902,,0.9922580645161292,0.0012903225806451,0.990967741935484,0.9935483870967742,769.0,0.5902105171706129,0.6920401056214023,1.4838539751495696,0.0045780067260541,0.5749254660819528,2.028968321076614,0.0,0.8922410784903337,1.2113819134518993,65.67257805449927,36.70309215912059,0.0,0.0,0.0,0.0,0.0,0.3712821927612574,0.3490732830382193,0.6655944110430962,0.6621996565465652,0.552258064516129,0.990967741935484,0.990967741935484,0.0,0.0,0.0570583085736691,0.1252559953728323,0.0,0.0,0.0,0.0,3.102976943704673,0.296627036453215,0.5115369973049971,0.0516129032258064,3.102976943704673,1.7236643718846196,1.622390066582138,0.896774193548387,2.8985210535084565,0.296627036453215,0.5346777880792997,0.0516129032258064,2.5091603996892045,0.3762975952558884,0.5115369973049971,1.508428028051388,0.0296774193548387,2.745536965757685,0.3941248511671554,0.7043395820937961,0.9509677419354838,2.891375725132584,0.4957743073088123,0.6358801899032788,0.0193548387096774,3.0684532934743607,0.2496150564692971,0.5789764972296534,1.3071196076151803,2.0508539352180515,0.0856017600737479,5.989141104916286,428.765625,612.8273072242737,Data1 gauge-nearest frozen catalogue,data1-gauge-nearest-v1,8f9030436474e6fc9590cf7d6d2e4e286ce122f7c3ca2e5ae46de877c6275808,P01,0.089612158689687,0.3142157228777722,2.466873227646962,6.792301843598452,25.0,14.185598711404117,0.1531999011613549,data1_controller_search,full,full,0.0,0.0,1.0,0.55,1,1,1,1,1,0.95,1.2,1.0,position,10,0.5,0.81298828125,0.4,3.0,2.0,,1.0,1.0,hybrid,8.0,vectorwise,0,ADRC-g1.20-du0.95,0,0.0,0,none,0.3457999999999999,0.0,0.3457999999999999,OC-PID,III,canonical_data2,0.320->0.215,351.8083052537421,0.1631781071456129,1.285730472908486
ADRC-g1.20-du0.95,Observer-compensated PID (OC-PID),data1_controller_search,Coupled multi-variable disturbance,0.628_to_0.458__P07.csv,20276622,2.6397396890771887,5.955855279322169,2.635818766578896,568.018944197752,1501.652622422251,3.9766608178615,2.5349463986891307,2.90066201869116,,4.8729442946472,0.7115395675502635,3.7525508442674433,808.674706939634,5117.173804277329,27.685546875,4.440560691508938,17.56322714508112,,7.901034768789141,5.834162984237617,7.482372969583157,1612.4513749451703,13452.878514996004,30.723348832287645,9.84776324329363,10.834163927385193,,0.0388335127554258,26.34978847720357,4.167185943703349,ADRC,0,ekf,227,0.5266821345707656,430,1.0,66,430,0.1534883720930232,1,0,66,0.0023255813953488,0.0,0.1534883720930232,431,431,79,431,0,0,3.2604737819166094,4.344250000031025,0.2722825985853113,0.4131000005145324,1.0402000007161405,4.698449999978038,archived_update,1,0.7499957084655762,0.8334197998047017,none,Data2,P07,0.628->0.458,P07,P07.csv,data1_controller_search,0.82,0.0,1.0,none,,ADRC-g1.20-du0.95,4.8729442946472,7.901034768789141,8.307262452389764,10.834163927385193,0.22454545413719,,0.0,0.0556844547563805,0.296983758700696,0.3410672853828306,80.0,1.2130132370675717,8.0,0.0,0.0098671695486147,0.3218845507652652,0.0,0.0157463978421434,1.6334724833044856,2.1971906004706643,36.32882862517061,26.34978847720357,0.0,0.0,0.0,0.0,0.0,0.4565658046463938,0.5938549654407206,0.8062643804540071,0.7989017663727855,0.5266821345707656,0.9953596287703016,0.9953596287703016,0.0046403712296983,0.988399071925754,0.1827582154150015,0.2665075524671855,0.0,0.0,0.0,0.0,6.129919924350503,0.5791614521548039,6.960334384921232,0.0928074245939675,6.129919924350503,1.2659858756461315,6.621359480787121,0.814385150812065,5.97665287987634,0.5791614521548039,5.592678882292954,0.0928074245939675,5.584875628775366,0.9534979621756012,6.960334384921232,4.4071629412200055,0.0185614849187935,5.830868636967435,0.6031984721389891,4.533164569661455,0.965197215777262,5.963995685506438,0.7107358886406318,5.847892969092898,0.0162412993039443,5.602620035953329,0.8584912952594699,6.318240329468502,4.029911986965461,5.556945855502069,0.0653895793865985,7.767358326597512,402.9661717414856,339.2374520301819,Data1 gauge-nearest frozen catalogue,data1-gauge-nearest-v1,8f9030436474e6fc9590cf7d6d2e4e286ce122f7c3ca2e5ae46de877c6275808,P24,0.1608480070096533,0.4432175674654095,6.848451606737911,1.3542704909231489,25.0,15.56455969587742,0.1418905272402376,data1_controller_search,full,full,0.0,0.0,1.0,0.55,1,1,1,1,1,0.95,1.2,1.0,position,10,0.5,0.81298828125,0.4,3.0,2.0,,1.0,1.0,hybrid,8.0,vectorwise,0,ADRC-g1.20-du0.95,0,0.0,0,none,0.3457999999999999,0.0,0.3457999999999999,OC-PID,II,canonical_data2,0.628->0.458,98.51004077801244,5.0112391477599925,14.035271060960405
ADRC-g1.20-du0.95,Observer-compensated PID (OC-PID),data1_controller_search,Coupled multi-variable disturbance,0.628_to_0.458__P06.csv,20278622,2.683876866261968,6.055438825699137,2.6595006161268966,62.49826447898207,169.27508328151976,3.943487107753697,2.404746641477957,2.725201782008316,,11.69264661730937,1.7073416428620818,8.874906369853363,208.56029969155404,3212.872645555992,30.108665786382105,5.323321500228778,25.90302429905876,,10.54819060742248,7.788835892180022,10.442666967534386,245.40267373705805,2614.711639627122,18.660191621056367,10.834163927385193,10.834163927385193,,0.0519793160863811,3.895738208110685,5.183872120247081,ADRC,0,ekf,25,0.5319148936170213,46,1.0,28,46,0.6086956521739131,1,0,28,0.0217391304347826,0.0,0.6086956521739131,47,47,24,47,0,0,3.1219510638425647,4.324319999977887,0.2658425531835552,0.3676900001664761,0.5994000002829125,4.701650000333756,archived_update,1,1.499990463256836,0.7863101959228516,none,Data2,P06,0.628->0.458 acceleration,P06,P06.csv,data1_controller_search,0.82,0.0,1.0,none,,ADRC-g1.20-du0.95,11.69264661730937,10.54819060742248,22.089438163964164,10.834163927385193,0.22454545413719,,0.0,0.0,0.3617021276595745,0.3617021276595745,16.0,3.2254645914751405,8.0,0.0,0.0,0.498894311456126,0.0,0.0,1.2976077843185545,2.574330645422526,5.378299586291072,3.895738208110685,0.0,0.0,0.0,0.0,0.0,0.4716209825554494,0.6872181486381994,0.8225505786754218,0.7859057902832322,0.5319148936170213,0.9574468085106383,0.9574468085106383,0.1276595744680851,0.9148936170212766,0.3063367675909514,0.6111930396956259,0.0,0.0,0.0,0.0,6.541739849623683,0.2814802408006094,7.430714304642881,0.4893617021276595,6.541739849623683,2.3505730402351053,8.190427945910548,0.0212765957446808,5.633373568849293,0.2814802408006094,6.199351479710304,0.4893617021276595,5.545882792173536,0.6543182143067785,7.430714304642881,4.758651270694749,0.2765957446808511,5.536958174316926,0.8113468016140377,7.277035706520064,0.723404255319149,6.242310975630265,1.9436778403010908,7.975849763575019,0.0,,,,4.964529876992901,5.11299101424452,0.0650819217378646,10.733242635773752,59.858991622924805,36.29600429534912,Data1 gauge-nearest frozen catalogue,data1-gauge-nearest-v1,8f9030436474e6fc9590cf7d6d2e4e286ce122f7c3ca2e5ae46de877c6275808,P24,0.1608480070096533,0.4432175674654095,6.848451606737911,1.3542704909231489,25.0,15.56455969587742,0.1418905272402376,data1_controller_search,full,full,0.0,0.0,1.0,0.55,1,1,1,1,1,0.95,1.2,1.0,position,10,0.5,0.81298828125,0.4,3.0,2.0,,1.0,1.0,hybrid,8.0,vectorwise,0,ADRC-g1.20-du0.95,0,0.0,0,none,0.3457999999999999,0.0,0.3457999999999999,OC-PID,II,canonical_data2,0.628->0.458,14.405319955963613,5.510248411162644,5.127776367630469
ADRC-g1.20-du0.95,Observer-compensated PID (OC-PID),data1_controller_search,Coupled multi-variable disturbance,1.000_to_0.628__P05.csv,20280622,3.354033551369856,8.010756642217727,3.353243839418245,645.4994390880122,2165.536654765077,4.7794197659492,3.3495298396095703,3.3495298396095707,,10.265380626489629,1.6329269892821068,6.650462154714596,1280.2139647825595,20285.2725857914,73.583984375,11.590023162607944,46.2114022201723,,8.623608102919489,6.765183759208176,8.41320297236176,1619.5415721796387,14315.573717202196,28.560053005808115,8.450405413562807,10.197633542393332,,0.0433238815933149,25.31501837823383,5.469622463569337,ADRC,0,ekf,199,0.5168831168831168,384,1.0,384,384,1.0,384,1,86,1.0,0.0026041666666666,0.2239583333333333,385,385,180,385,0,0,2.920744935056371,4.128579999996873,0.2484355843895267,0.377419999495032,0.9250000002793968,4.448719999709283,archived_update,1,0.9218688011169434,0.8213129043579093,none,Data2,P05,1.000->0.628,P05,P05.csv,data1_controller_search,0.82,0.0,1.0,none,,ADRC-g1.20-du0.95,10.265380626489629,8.623608102919489,17.44979473251138,10.197633542393332,0.2245454541371901,,0.0,0.2857142857142857,0.4727272727272727,0.625974025974026,53.0,2.7757607645469773,8.0,0.0,0.1924449830700814,0.4825495506614661,0.0,1.0508420892068229,1.6334724833044856,2.239510793758734,38.9110460099555,25.31501837823383,0.0,0.0,0.0,0.0,0.0,0.4711744999291032,0.6293062745590402,0.8093041884887531,0.7977999218295474,0.5168831168831168,0.9922077922077922,0.974025974025974,0.0623376623376623,0.9922077922077922,0.2196081369598543,0.3624061312437228,0.0,0.0,0.0,0.0,8.102939995183288,0.9228866304272858,6.659727477447318,0.1038961038961039,8.102939995183288,3.1351408020628377,8.657359249074789,0.7922077922077922,8.0,0.9228866304272858,6.490471017601089,0.1038961038961039,8.0,3.0563238958165773,6.659727477447318,5.891649896401465,0.0155844155844155,8.0,2.50309149361934,7.962256446739267,0.961038961038961,8.011192417676126,1.576533122969534,6.754659966083362,0.0233766233766233,8.0,2.7763222275256703,6.313777855879384,5.76642594783252,7.088796629156395,0.0621326714412046,8.356432131293046,407.43489360809326,302.9405131340027,Data1 gauge-nearest frozen catalogue,data1-gauge-nearest-v1,8f9030436474e6fc9590cf7d6d2e4e286ce122f7c3ca2e5ae46de877c6275808,P23,0.16354612240335,0.4186912299511963,6.286490880405287,1.2747041927991665,25.0,23.2008689564286,0.142273259160353,data1_controller_search,full,full,0.0,0.0,1.0,0.55,1,1,1,1,1,0.95,1.2,1.0,position,10,0.5,0.81298828125,0.4,3.0,2.0,,1.0,1.0,hybrid,8.0,vectorwise,0,ADRC-g1.20-du0.95,0,0.0,0,none,0.3457999999999999,0.0,0.3457999999999999,OC-PID,II,canonical_data2,1.000->0.628,135.72464129768548,6.601956203577566,13.75423869238945
C2-g1.20-du0.80,C2 predictive PID,data1_controller_search,Coupled multi-variable disturbance,0.044_to_0.035__P16.csv,20262622,0.4028701071616129,5.371601428821505,0.4017463553444365,151.65924914252477,61.26988202476457,0.6144623644649005,0.3869908782228133,0.6000000000000001,,0.3167421703045937,0.4977367837114713,0.2210610383239536,83.45054196729248,37.87291492459726,2.122490354164809,0.1922556547814531,0.6487459672006467,348.22741423788364,6.943862556942135,0.9728569207297836,4.923536174682298,1858.634905942568,18202.00327166287,38.00638213280901,3.2321811974937704,5.868965222808898,,0.0575871194166297,94.55449122768634,2.2807317110875864,C2,0,raw,596,0.7894039735099337,751,1.0,1,751,0.0013315579227696,1,0,0,0.0013315579227696,0.0,0.0,755,755,165,167,0,0,0.14842344372657,0.2335399994990439,1.6928308609574694,2.527460000237624,4.863999999543012,2.748330000122224,archived_update,4,1.0156183242797852,0.7819213867188068,cpu,Data2,P16,0.044->0.035,P16,P16.csv,data1_controller_search,0.82,0.0,1.0,none,,C2-g1.20-du0.80,0.3167421703045937,6.943862556942135,0.5601010994436231,7.085944843915342,0.1890909087471076,,0.0,0.0039735099337748,0.9562913907284768,0.9562913907284768,710.0,0.8801572569962425,0.9927630947160192,0.0,0.0004242110147871,0.534608504119039,0.0,0.0,1.1847019975222073,1.3259138684110603,247.54195098711395,94.55449122768634,0.0,0.0,0.0,0.0,1.196874616520303,0.5075497727284894,0.0,0.730834906468339,0.6952470763799633,0.7894039735099337,1.0,1.0,0.0291390728476821,0.0728476821192053,1.0220632269123269,1.088670462631756,1.0,1.0,1.0,1.0,6.516975781397495,0.3775699384481483,0.3965217607842931,0.0529801324503311,6.516975781397495,1.453152545912204,3.3916079961303773,0.8940397350993378,5.319338169909925,0.3775699384481483,0.6063379107423538,0.0529801324503311,4.96649015092573,0.3984871899731825,0.3965217607842931,2.6029423826915234,0.0211920529801324,6.200377253499934,0.8965512449858773,2.7123164944000946,0.970860927152318,5.347584628879444,0.4859550658423341,0.8943404385581804,0.0079470198675496,5.893206734137407,0.4251701217626795,1.327740484029024,2.68702694067722,3.7190316689071774,0.1183988782751945,15.919427405180816,798.6096879052628,593.956609249115,Data1 gauge-nearest frozen catalogue,data1-gauge-nearest-v1,8f9030436474e6fc9590cf7d6d2e4e286ce122f7c3ca2e5ae46de877c6275808,P14,0.2138637417116157,0.075,0.6363648029843083,7.137598971628052,25.0,10.0,0.0744667941026976,data1_controller_search,full,full,0.0,0.42,1.0,0.55,1,0,1,1,1,0.8,1.2,1.0,position,10,0.5,0.81298828125,0.4,3.0,2.0,models/final_thickness_model.pt,1.0,1.0,hybrid,8.0,vectorwise,0,C2-g1.20-du0.80,0,0.0,0,none,0.2911999999999999,0.8735999999999999,1.1647999999999998,C2,V,canonical_data2,0.044->0.035,319.2520355239724,0.336724933918728,1.5112507281599612
C2-g1.20-du0.80,C2 predictive PID,data1_controller_search,Coupled multi-variable disturbance,0.044_to_0.035__P15.csv,20264622,0.4062122093533092,5.416162791377455,0.4043987951207563,68.14119697784744,27.803908496166898,0.6134807877242006,0.3725812231975521,0.4156023263248552,,0.4212362679223533,0.6619414932235659,0.2708960625028417,45.64598653172882,29.898638890116224,2.5732421875,0.1944723027374937,1.2892910868858176,,7.916666439360284,1.1091497954464835,5.823786698589566,981.3080587123418,10560.502865787745,33.84809089279722,2.986298660574949,10.67931043937972,,0.058800794005749,43.04903260005623,2.3957513600158347,C2,0,raw,281,0.8338278931750742,334,1.0,0,334,0.0,0,0,0,0.0,0.0,0.0,337,337,81,143,0,0,0.1271786350008647,0.1583600000230944,1.4968445103647303,2.119300000231305,2.8941000000486383,2.2472599999673544,archived_update,3,1.2187423706054688,0.7805328369140625,cpu,Data2,P15,0.044->0.035,P15,P15.csv,data1_controller_search,0.82,0.0,1.0,none,,C2-g1.20-du0.80,0.4212362679223533,7.916666439360284,0.8220566566301808,17.497411473406803,0.1890909087471076,,0.0,0.0207715133531157,0.9109792284866468,0.9169139465875372,222.0,1.2918009493533402,2.451442220690599,0.0,0.0081997726750955,0.5123639264025651,0.0,0.0,1.3268178253034042,1.3827927310296784,103.64639453905988,43.04903260005623,0.0,0.0,0.0,0.0,1.212633917048887,0.5250060184101782,0.0,0.7605800658362163,0.7205487265088202,0.8338278931750742,1.0,1.0,0.0652818991097922,0.1661721068249258,1.041147429185571,1.3993245758094393,1.0,1.0,1.0,1.0,6.484076483356665,0.4319270416625677,0.3971058906161541,0.1186943620178041,6.484076483356665,1.529741250900147,2.672733273133681,0.7626112759643917,5.312532892962934,0.4319270416625677,0.6904969790276945,0.1186943620178041,4.875427528470504,0.3908843572177071,0.3971058906161541,2.53165841081645,0.0207715133531157,5.72507233651379,1.3127470765852347,2.144258066474704,0.9703264094955488,5.40714746447223,0.6416878872829107,1.079752172071372,0.0089020771513353,5.651556376459386,0.5634347670692981,0.6216104659622529,2.571918512543464,3.595268552747572,0.1022662754106405,16.294601393547577,420.9504299163818,264.19199562072754,Data1 gauge-nearest frozen catalogue,data1-gauge-nearest-v1,8f9030436474e6fc9590cf7d6d2e4e286ce122f7c3ca2e5ae46de877c6275808,P14,0.2138637417116157,0.075,0.6363648029843083,7.137598971628052,25.0,10.0,0.0744667941026976,data1_controller_search,full,full,0.0,0.42,1.0,0.55,1,0,1,1,1,0.8,1.2,1.0,position,10,0.5,0.81298828125,0.4,3.0,2.0,models/final_thickness_model.pt,1.0,1.0,hybrid,8.0,vectorwise,0,C2-g1.20-du0.80,0,0.0,0,none,0.2911999999999999,0.5823999999999999,0.8735999999999999,C2,V,canonical_data2,0.044->0.035,136.67688542233873,1.5140504126939471,1.455537783632681
C2-g1.20-du0.80,C2 predictive PID,data1_controller_search,Coupled multi-variable disturbance,0.050_to_0.040__P20.csv,20266622,0.3991064404314914,5.321419205753218,0.3982451024433635,116.4866924646838,46.59114060721446,0.6110001169145001,0.3802685430645902,0.4033448296328756,,0.5480690918497859,0.861249851153852,0.3155146070057794,92.28802254919049,87.86107086150683,4.009199784338946,0.2437511100793025,1.142277620113169,,3.928378663479657,0.5503781704596963,3.364147211105528,984.0130592483667,4513.906485177047,25.455817072464423,2.4911061663336,4.768867438790456,,0.0593561201886852,78.3882978492872,2.244349075788922,C2,0,raw,515,0.8803418803418803,583,1.0,0,583,0.0,0,0,0,0.0,0.0,0.0,585,585,197,31,0,0,0.1310471794863393,0.2095999998346084,1.4931610256456371,2.040020000276852,2.6431000005686656,2.2138799995445875,archived_update,2,0.921875,0.847412109375,cpu,Data2,P20,0.050->0.040,P20,P20.csv,data1_controller_search,0.82,0.0,1.0,none,,C2-g1.20-du0.80,0.5480690918497859,3.928378663479657,0.6947385014663362,4.760622265752939,0.1890909087471076,,0.0,0.0239316239316239,0.9846153846153848,0.9846153846153848,569.0,1.091729929449708,0.6669781091199446,0.0,0.0042843660075664,0.6869510408385818,0.0,0.0,1.322669258475125,1.4216929349883043,217.20028908143257,78.3882978492872,0.0,0.0,0.0,0.0,1.181681154326824,0.489008758226429,0.0,0.6957044067118313,0.655317937093937,0.8803418803418803,1.0,1.0,0.0307692307692307,0.0222222222222222,1.012797374556129,1.0691665329397193,1.0,1.0,1.0,1.0,6.044044905974372,0.4893670416789737,0.3347650323699914,0.0683760683760683,6.044044905974372,2.7608302136219502,1.2796295706894187,0.8632478632478633,5.297657606503725,0.4893670416789737,0.4607895886950821,0.0683760683760683,4.825986404600682,0.4499923357595954,0.3347650323699914,2.438118077765977,0.0188034188034188,5.241044048567694,0.412533253202549,0.541836513042709,0.9811965811965812,5.322947644382383,0.8675855534642598,0.550540566594872,0.0,,,,2.156081263209078,3.650340111030612,0.1368373889243841,16.955290896056905,572.8573050498962,462.323520898819,Data1 gauge-nearest frozen catalogue,data1-gauge-nearest-v1,8f9030436474e6fc9590cf7d6d2e4e286ce122f7c3ca2e5ae46de877c6275808,P14,0.0392207131532811,0.075,0.6363648029843083,7.137598971628052,25.0,10.0,0.0744667941026976,data1_controller_search,full,full,0.0,0.42,1.0,0.55,1,0,1,1,1,0.8,1.2,1.0,position,10,0.5,0.81298828125,0.4,3.0,2.0,models/final_thickness_model.pt,1.0,1.0,hybrid,8.0,vectorwise,0,C2-g1.20-du0.80,0,0.0,0,none,0.2911999999999999,0.2911999999999999,0.5823999999999999,C2,VI,canonical_data2,0.050->0.040,318.7359030932309,0.4325975014448175,1.68383109767803
C2-g1.20-du0.80,C2 predictive PID,data1_controller_search,Coupled multi-variable disturbance,0.050_to_0.040__P19.csv,20268622,0.3994595069139379,5.326126758852505,0.3984398155810152,98.21541454072026,39.33348677415787,0.6120026856659999,0.3789868977553272,0.419235586195757,,0.4434304848378536,0.6968180558672221,0.3041098197067067,74.96307055770322,48.46944163879111,3.719482421875,0.2835443101200736,0.9187463650948802,197.79560899734497,4.127152024997188,0.5782269417772857,3.485001958961772,859.0529828840766,4198.729115928563,24.06978909143328,2.3683407086466994,5.240152615270949,,0.059540881324656,66.5280372624313,2.200390585499004,C2,0,raw,438,0.8884381338742393,491,1.0,0,491,0.0,0,0,0,0.0,0.0,0.0,493,493,164,48,0,0,0.2023486815221831,0.293979999878502,2.3282849898548226,3.282199999921432,5.439399999886518,3.5688799998752074,archived_update,2,0.9062438011169434,0.7785263061523438,cpu,Data2,P19,0.050->0.040,P19,P19.csv,data1_controller_search,0.82,0.0,1.0,none,,C2-g1.20-du0.80,0.4434304848378536,4.127152024997188,0.7649683178048117,4.950333006390432,0.1890909087471076,,0.0,0.0405679513184584,0.9817444219066938,0.9817444219066938,471.0,1.2020908670897603,0.6935571788311449,0.0,0.0077922847732061,0.6863693661433075,0.0,0.0,1.3964313406933502,1.4833309679690287,185.62358466514257,66.5280372624313,0.0,0.0,0.0,0.0,1.1790582973101726,0.4934500327760757,0.0,0.7046145857625319,0.6608088553872933,0.8884381338742393,1.0,1.0,0.0304259634888438,0.0283975659229208,1.0125187630402437,1.0772406828329602,1.0,1.0,1.0,1.0,6.132071402890842,0.5299379743066154,0.3167637367525527,0.0811359026369168,6.132071402890842,1.6783394453857474,1.2782970514994032,0.8377281947261663,5.286374907083919,0.5299379743066154,0.4807617761006064,0.0811359026369168,4.846516830314631,0.5177193721520821,0.3167637367525527,2.3407536107207108,0.0446247464503042,5.5606482973562965,0.885364722111881,1.1248661115532743,0.95131845841785,5.314744784103002,0.6856652374675456,0.5390185209032468,0.0040567951318458,5.355732856519213,0.9053979465366024,0.6049534745463446,2.330710216788601,3.5981403274692982,0.1380705718300706,17.07914562897135,481.8408179283142,389.52789974212646,Data1 gauge-nearest frozen catalogue,data1-gauge-nearest-v1,8f9030436474e6fc9590cf7d6d2e4e286ce122f7c3ca2e5ae46de877c6275808,P14,0.0392207131532811,0.075,0.6363648029843083,7.137598971628052,25.0,10.0,0.0744667941026976,data1_controller_search,full,full,0.0,0.42,1.0,0.55,1,0,1,1,1,0.8,1.2,1.0,position,10,0.5,0.81298828125,0.4,3.0,2.0,models/final_thickness_model.pt,1.0,1.0,hybrid,8.0,vectorwise,0,C2-g1.20-du0.80,0,0.0,0,none,0.2911999999999999,0.2911999999999999,0.5823999999999999,C2,VI,canonical_data2,0.050->0.040,267.9804274923695,0.5134420413336326,1.5830734531140624
C2-g1.20-du0.80,C2 predictive PID,data1_controller_search,Coupled multi-variable disturbance,0.063_to_0.050__P18.csv,20270622,0.3862824049062392,5.150432065416522,0.3858334016594865,177.8691981650233,68.78769841280811,0.5716482164961454,0.3766693034412217,0.3956994053902022,,0.5088219622901917,0.6978826606345735,0.3187062183886973,146.92356667718948,119.35280287137584,4.71091397621179,0.2866862788952424,1.0977131185277398,,5.089137245288741,1.3876358612237878,3.821805992370156,1761.852562482642,11939.58555253852,26.730851143803704,2.1444591502512926,5.223588586760315,,0.0343231070991131,67.12860742526634,2.411983529091628,C2,0,raw,847,0.9186550976138828,920,1.0,0,920,0.0,0,0,0,0.0,0.0,0.0,922,922,260,461,0,0,0.1900669197542625,0.2734849998432764,2.2263658351203484,3.171334999751707,6.213499999830674,3.437025000857829,archived_update,2,0.546875,0.871429443359375,cpu,Data2,P18,0.063->0.050,P18,P18.csv,data1_controller_search,0.82,0.0,1.0,none,,C2-g1.20-du0.80,0.5088219622901917,5.089137245288741,0.745746842477353,10.340974656460205,0.1890909087471074,,0.009761388286334,0.0260303687635574,0.7527114967462039,0.7581344902386117,601.0,1.0228406577527158,2.8196345631264994,0.0007706707018282,0.0025804161679205,0.3461664120993273,0.0,0.0,0.673159802907768,1.133965873542602,290.18071881817093,67.12860742526634,0.0,0.0,0.0,0.0,1.1710859510542777,0.5311229715188527,0.0,0.7679914218381332,0.7317210304880176,0.9186550976138828,1.0,1.0,0.0130151843817787,0.3427331887201735,0.9894309970154148,1.070321979733156,1.0,1.0,1.0,1.0,5.648226405791679,0.4764046789937345,0.5010715510874494,0.0433839479392624,5.648226405791679,2.499981800496482,4.181263343675803,0.913232104121475,5.144422952322527,0.4764046789937345,1.1251710101291974,0.0433839479392624,4.738528721777342,0.4459035091812372,0.5010715510874494,2.7512193303839387,0.0206073752711496,5.804462714667467,2.5647883684878185,4.620559974953159,0.9718004338394792,5.138187228732479,0.5994470265320806,1.23563802432878,0.0075921908893709,4.817187058144779,0.5478147178857794,0.4907403954748928,2.868758389911915,3.697114296533015,0.1303311937184086,9.238024117147544,515.0617094039917,726.6554684638977,Data1 gauge-nearest frozen catalogue,data1-gauge-nearest-v1,8f9030436474e6fc9590cf7d6d2e4e286ce122f7c3ca2e5ae46de877c6275808,P13,0.0990662847297904,0.075,0.7290938591704343,3.667487550228426,36.9194197865092,10.0,0.0566300458427367,data1_controller_search,full,full,0.0,0.42,1.0,0.55,1,0,1,1,1,0.8,1.2,1.0,position,10,0.5,0.81298828125,0.4,3.0,2.0,models/final_thickness_model.pt,1.0,1.0,hybrid,8.0,vectorwise,0,C2-g1.20-du0.80,0,0.0,0,none,0.2911999999999999,0.2775480560302733,0.5687480560302733,C2,VI,canonical_data2,0.063->0.050,251.8598416015004,0.5504671984999631,1.3565172423305674
C2-g1.20-du0.80,C2 predictive PID,data1_controller_search,Coupled multi-variable disturbance,0.080_to_0.063__P17.csv,20272622,0.3301900103734039,4.402533471645385,0.3297252785393153,129.08744654814194,42.68346091507714,0.5190280452370004,0.3198993915185128,0.3786591279380825,,0.6310114608281467,0.7906073459562332,0.4175029710727458,163.45241317498,155.88569403716872,6.385080675565376,0.4537882850118342,1.6232345450499237,,2.363684241187711,0.6622024636531259,2.1178317362923025,829.1311247584364,2187.311749683317,11.398699572231031,2.087080181367232,3.4113965820747767,,0.0403666658123561,69.35539041243325,1.9517810937515807,C2,0,raw,736,0.9399744572158364,782,1.0,1,782,0.0012787723785166,0,1,0,0.0,0.0012787723785166,0.0,783,783,306,228,0,0,0.1362372924532033,0.2286499998263025,1.5273016602807323,2.1052400000371563,4.70709999990504,2.27504999966186,archived_update,1,0.5468711853027344,0.870941162109375,cpu,Data2,P17,0.080->0.063,P17,P17.csv,data1_controller_search,0.82,0.0,1.0,none,,C2-g1.20-du0.80,0.6310114608281467,2.363684241187711,0.9372786100798326,4.238925143047434,0.1890909087471076,,0.1545338441890166,0.0600255427841634,0.9361430395913156,0.9540229885057472,620.0,1.17433580899504,1.1875641526284015,0.045462976500293,0.017573291756693,0.5476741709104279,0.4829915208224168,0.0396527360312068,0.9760257449713834,1.1521051065040144,269.90094648980977,69.35539041243325,0.0,0.0,0.0,0.0,0.9857872074817046,0.5121168010040977,0.0,0.733293473660247,0.6907734548442239,0.9399744572158364,1.0,1.0,0.0242656449553001,0.1634738186462324,0.8207748362620174,0.885180844389439,1.0,1.0,1.0,1.0,4.616023798203542,0.5875890639238013,0.5849581458855914,0.0510855683269476,4.616023798203542,2.405139278205852,1.1457319090398457,0.8978288633461047,4.412557407870903,0.5875890639238013,0.6278957055135466,0.0510855683269476,3.987977643518384,0.6187839797526753,0.5849581458855914,2.10962854799046,0.0166028097062579,4.505723510493134,1.7321029578521343,1.021378529146619,0.966794380587484,4.399436307675586,0.7660871039602758,0.6550528944766258,0.0166028097062579,4.47777790321913,0.6874869491541671,0.6182364661396614,2.0959202913463706,3.084630679550582,0.1367585850721872,11.244746357212048,507.1373791694641,616.7803897857666,Data1 gauge-nearest frozen catalogue,data1-gauge-nearest-v1,8f9030436474e6fc9590cf7d6d2e4e286ce122f7c3ca2e5ae46de877c6275808,P12,0.2223979554582301,0.075,0.7981350844456719,3.5694283409157674,25.0,10.0,0.0629001356307136,data1_controller_search,full,full,0.0,0.42,1.0,0.55,1,0,1,1,1,0.8,1.2,1.0,position,10,0.5,0.81298828125,0.4,3.0,2.0,models/final_thickness_model.pt,1.0,1.0,hybrid,8.0,vectorwise,0,C2-g1.20-du0.80,0,0.0,0,none,0.2911999999999999,0.0,0.2911999999999999,C2,VI,canonical_data2,0.080->0.063,338.2077747307656,0.810661312000647,1.4209848425958795
C2-g1.20-du0.80,C2 predictive PID,data1_controller_search,Coupled multi-variable disturbance,0.320_to_0.215__P08.csv,20274622,0.9060498474373212,2.8835280397148315,0.9023357022551542,349.65508462387226,318.1089513409624,1.6098257899284008,0.8762100294265454,1.1311113193805795,,1.1851974358193345,0.4804452140209249,0.6274260858520126,243.1276082676549,544.3185227256811,24.21875,0.6640802859969801,2.4533340532190264,,4.18182148627513,0.6156707376331303,3.735096033231483,1447.3497128771996,6776.45699044053,36.643415873160194,3.7397189386945664,5.113581693238366,,0.029229173970476,46.807558724559335,1.3265479971229623,C2,0,raw,643,0.8296774193548387,157,0.2028423772609819,0,774,0.0,0,0,0,0.0,0.0,0.0,775,775,63,19,0,0,0.1291170322726811,0.1665399998273638,1.4905385806383904,2.044040000237146,3.082199999880686,2.1997399995598244,archived_update,1,0.453125,0.713714599609375,cpu,Data2,P08,0.320->0.215,P08,P08.csv,data1_controller_search,0.82,0.0,1.0,none,,C2-g1.20-du0.80,1.1851974358193345,4.18182148627513,1.4590797995042066,4.292475452833476,0.1890909087471075,,0.9948387096774194,0.0012903225806451,0.9922580645161292,0.9961290322580644,771.0,0.5914693074422623,0.6319618226152612,1.4896499369318348,0.0045780067260541,0.5920909403513457,2.029456405500337,0.0,0.9556028925787214,1.2325713704133827,165.71865905556382,46.807558724559335,0.0,0.0,0.0,0.0,0.6471318880838954,0.4786323773041521,0.0,0.6962392265312021,0.6742359172863097,0.8296774193548387,1.0,1.0,0.0051612903225806,0.0129032258064516,0.472840609286227,0.5824127982776456,1.0,1.0,1.0,1.0,3.015926433377109,0.2858726179642088,0.4895102460895674,0.0516129032258064,3.015926433377109,1.708562543849643,1.5134099366456355,0.896774193548387,2.895638034100767,0.2858726179642088,0.5263733768198089,0.0516129032258064,2.5134945128797352,0.3649096592333621,0.4895102460895674,1.4792997067733151,0.0296774193548387,2.686408469591197,0.357027354698482,0.5924764692151918,0.9509677419354838,2.885537292408248,0.4869600293978658,0.617454330441585,0.0193548387096774,3.070621725349984,0.2822238889201449,0.5603161189955986,1.2821139643353665,2.045665664954242,0.1091681701968513,7.637968832780714,428.765625,612.8273072242737,Data1 gauge-nearest frozen catalogue,data1-gauge-nearest-v1,8f9030436474e6fc9590cf7d6d2e4e286ce122f7c3ca2e5ae46de877c6275808,P01,0.089612158689687,0.3142157228777722,2.466873227646962,6.792301843598452,25.0,14.185598711404117,0.1531999011613549,data1_controller_search,full,full,0.0,0.42,1.0,0.55,1,0,1,1,1,0.8,1.2,1.0,position,10,0.5,0.81298828125,0.4,3.0,2.0,models/final_thickness_model.pt,1.0,1.0,hybrid,8.0,vectorwise,0,C2-g1.20-du0.80,0,0.0,0,none,0.2911999999999999,0.0,0.2911999999999999,C2,III,canonical_data2,0.320->0.215,362.2735786353098,0.1631781071456129,1.3813595937297063
C2-g1.20-du0.80,C2 predictive PID,data1_controller_search,Coupled multi-variable disturbance,0.628_to_0.458__P07.csv,20276622,2.651418977415288,5.982206419699768,2.647407705695578,570.516360577397,1514.9698689634538,3.9766608178615,2.547282306235468,2.9129352835071227,,4.19371969956751,0.6123602735896507,2.9848291002947844,643.230671113526,3790.0598999455015,27.685546875,3.5760394498842585,12.46878401630732,148.8427972793579,7.884671913775794,5.822080571512082,7.466398110985193,1609.0087929173092,13397.215030989184,30.723348832287645,9.836129361154413,10.834163927385193,,0.0379976395559516,27.524054066241803,4.1388824216005,C2,0,raw,363,0.8422273781902552,430,1.0,66,430,0.1534883720930232,1,0,66,0.0023255813953488,0.0,0.1534883720930232,431,431,123,431,0,0,0.1312443155657852,0.2013500002249202,1.4959672853829435,1.9784999999501447,2.8015999996569008,2.108349999616621,archived_update,1,0.7499957084655762,0.8334197998047017,cpu,Data2,P07,0.628->0.458,P07,P07.csv,data1_controller_search,0.82,0.0,1.0,none,,C2-g1.20-du0.80,4.19371969956751,7.884671913775794,7.633308972955303,10.834163927385193,0.1890909087471075,,0.0,0.0324825986078886,0.2946635730858468,0.3132250580046403,80.0,1.114603623021181,8.0,0.0,0.0050085118170931,0.3205109274598577,0.0,0.0,1.6334724833044856,2.1971906004706643,79.9428620444211,27.524054066241803,0.0,0.0,0.0,0.0,1.810771151986164,0.5563194873040191,0.0,0.8173351830634655,0.7847711786246644,0.8422273781902552,1.0,1.0,0.0185614849187935,1.0,1.5668185845337017,1.989831442337704,1.0,1.0,1.0,1.0,6.140681877693591,0.4706507972704101,6.949929942162569,0.0928074245939675,6.140681877693591,1.242167288251368,6.62898258598715,0.814385150812065,6.004535342458352,0.4706507972704101,5.577643281750024,0.0928074245939675,5.613998181003527,0.7441206978730719,6.949929942162569,4.374745554938896,0.0185614849187935,5.852214449567377,0.31941502566681,4.513299501135897,0.965197215777262,5.990092888831079,0.6190148025108441,5.836826134879491,0.0162412993039443,5.650995092330354,0.4471773284377609,6.256114953803036,3.942794464129184,5.5630784873229695,0.0683036343901822,8.113506896577267,402.9661717414856,339.2374520301819,Data1 gauge-nearest frozen catalogue,data1-gauge-nearest-v1,8f9030436474e6fc9590cf7d6d2e4e286ce122f7c3ca2e5ae46de877c6275808,P24,0.1608480070096533,0.4432175674654095,6.848451606737911,1.3542704909231489,25.0,15.56455969587742,0.1418905272402376,data1_controller_search,full,full,0.0,0.42,1.0,0.55,1,0,1,1,1,0.8,1.2,1.0,position,10,0.5,0.81298828125,0.4,3.0,2.0,models/final_thickness_model.pt,1.0,1.0,hybrid,8.0,vectorwise,0,C2-g1.20-du0.80,0,0.0,0,none,0.2911999999999999,0.0,0.2911999999999999,C2,II,canonical_data2,0.628->0.458,98.04019233701938,5.0112391477599925,14.035271060960405
C2-g1.20-du0.80,C2 predictive PID,data1_controller_search,Coupled multi-variable disturbance,0.628_to_0.458__P06.csv,20278622,2.698132840597692,6.087603557835656,2.673319833979508,62.82301609851844,171.0781393995266,3.943487107753697,2.4034421221503925,2.7346542482010747,,11.044870073287136,1.6127543432475364,8.915332918954523,209.5103235954313,2866.745140991154,31.16918242217029,3.472286406311878,23.279532538217737,,10.59410245304382,7.822737425093172,10.493242711634297,246.59120372340595,2637.522659461344,18.660191621056367,10.834163927385193,10.834163927385193,,0.0517357423119214,4.414928445645492,5.174365108725454,C2,0,raw,42,0.8936170212765957,46,1.0,29,46,0.6304347826086957,1,0,29,0.0217391304347826,0.0,0.6304347826086957,47,47,37,47,0,0,0.1457382978572995,0.2393800001300404,1.5258872340285614,1.8625299998348053,3.3181999997395906,2.0745899997564266,archived_update,1,1.499990463256836,0.7863101959228516,cpu,Data2,P06,0.628->0.458 acceleration,P06,P06.csv,data1_controller_search,0.82,0.0,1.0,none,,C2-g1.20-du0.80,11.044870073287136,10.59410245304382,20.67563449267052,10.834163927385193,0.1890909087471075,,0.0,0.0212765957446808,0.3829787234042553,0.4042553191489361,17.0,3.019023230350144,8.0,0.0,0.0071646051060344,0.5215392273098035,0.0,0.0,1.2976077843185545,2.574330645422526,9.261446615526792,4.414928445645492,0.0,0.0,0.0,0.0,2.185561938485786,0.5857044154838956,0.0,0.8655955349339504,0.7753922660687388,0.8936170212765957,1.0,1.0,0.1276595744680851,1.0,1.9844535890516868,2.6606032094791554,1.0,1.0,1.0,1.0,6.605194304140702,1.4023775509017802,7.505593760882091,0.4893617021276595,6.605194304140702,2.0710588530198004,8.188913287861041,0.0212765957446808,5.756603137726661,1.4023775509017802,6.176883698380959,0.4893617021276595,5.537119843289464,0.9696634624956024,7.505593760882091,4.912600877633122,0.2765957446808511,5.564678181196911,1.053008971345283,7.311410696599158,0.723404255319149,6.276041606198061,1.780871698731541,8.0096227710345,0.0,,,,4.999272320850909,5.093890310812955,0.07375547642795,12.163676226507416,59.858991622924805,36.29600429534912,Data1 gauge-nearest frozen catalogue,data1-gauge-nearest-v1,8f9030436474e6fc9590cf7d6d2e4e286ce122f7c3ca2e5ae46de877c6275808,P24,0.1608480070096533,0.4432175674654095,6.848451606737911,1.3542704909231489,25.0,15.56455969587742,0.1418905272402376,data1_controller_search,full,full,0.0,0.42,1.0,0.55,1,0,1,1,1,0.8,1.2,1.0,position,10,0.5,0.81298828125,0.4,3.0,2.0,models/final_thickness_model.pt,1.0,1.0,hybrid,8.0,vectorwise,0,C2-g1.20-du0.80,0,0.0,0,none,0.2911999999999999,0.0,0.2911999999999999,C2,II,canonical_data2,0.628->0.458,15.238360777563669,5.510248411162644,5.127776367630469
C2-g1.20-du0.80,C2 predictive PID,data1_controller_search,Coupled multi-variable disturbance,1.000_to_0.628__P05.csv,20280622,3.354033551369856,8.010756642217727,3.353243839418245,645.4994390880122,2165.536654765077,4.7794197659492,3.3495298396095703,3.3495298396095707,,10.11308349189062,1.608700892800569,5.939754019999574,1143.402648849918,19687.83310993549,73.583984375,10.356941946538203,49.28372649863248,,8.607066805930526,6.752207182303192,8.393659413293207,1615.7794370589424,14260.707807837089,28.560053005808115,8.398968990016963,10.197633542393332,,0.0437480749079709,28.66869138665148,5.457221572440496,C2,0,raw,337,0.8753246753246753,384,1.0,384,384,1.0,384,1,86,1.0,0.0026041666666666,0.2239583333333333,385,385,215,385,0,0,0.1497033766395066,0.2446399998007109,1.7120376623345444,2.8315599996858505,3.373000000465254,3.068460000031336,archived_update,1,0.9218688011169434,0.8213129043579093,cpu,Data2,P05,1.000->0.628,P05,P05.csv,data1_controller_search,0.82,0.0,1.0,none,,C2-g1.20-du0.80,10.11308349189062,8.607066805930526,19.427848702602763,10.197633542393332,0.1890909087471075,,0.0,0.2025974025974026,0.4649350649350649,0.5792207792207792,53.0,3.090412293948998,8.0,0.0,0.1740851379091863,0.4792773617472302,0.0,0.895406962046765,1.6334724833044856,2.239510793758734,85.55369216064786,28.66869138665148,0.0,0.0,0.0,0.0,2.3011538783011263,0.5741254432180348,0.0,0.8357173407248416,0.7932933293884373,0.8753246753246753,1.0,1.0,0.0207792207792207,1.0,2.0593645586386007,2.326927901540753,1.0,1.0,1.0,1.0,8.102939995183288,0.880116425696599,6.614643196194779,0.1038961038961039,8.102939995183288,3.0019532906866,8.657359249074789,0.7922077922077922,8.0,0.880116425696599,6.479450810158967,0.1038961038961039,8.0,3.160795796689193,6.614643196194779,5.877473195964912,0.0155844155844155,8.0,3.0468034794417904,7.970518495275908,0.961038961038961,8.011192417676126,1.5491817620058177,6.741740444200568,0.0233766233766233,8.0,2.418995410560416,6.2801933341395495,5.779847260366686,7.084186722168487,0.0703638589536897,9.463472247427722,407.43489360809326,302.9405131340027,Data1 gauge-nearest frozen catalogue,data1-gauge-nearest-v1,8f9030436474e6fc9590cf7d6d2e4e286ce122f7c3ca2e5ae46de877c6275808,P23,0.16354612240335,0.4186912299511963,6.286490880405287,1.2747041927991665,25.0,23.2008689564286,0.142273259160353,data1_controller_search,full,full,0.0,0.42,1.0,0.55,1,0,1,1,1,0.8,1.2,1.0,position,10,0.5,0.81298828125,0.4,3.0,2.0,models/final_thickness_model.pt,1.0,1.0,hybrid,8.0,vectorwise,0,C2-g1.20-du0.80,0,0.0,0,none,0.2911999999999999,0.0,0.2911999999999999,C2,II,canonical_data2,1.000->0.628,134.71383393762525,7.262151823935322,13.75423869238945
