envelope_scope,pass_id,guardrail_label,guardrail_scale,horizon_updates,channel,n_origins,n_passes,n_segments,prediction_inside_rate,recorded_target_inside_rate,prediction_outside_excess_mean,prediction_outside_excess_p95,prediction_outside_excess_max,recorded_target_outside_excess_mean,recorded_target_outside_excess_p95,recorded_target_outside_excess_max,inside_status_agreement_rate,condition_id,batch
frozen_all_data1,P01,infinite,inf,1,S,866,1,1,0.9988452655889145,1.0,0.0001315913044044559,0.0,0.1139580696142588,0.0,0.0,0.0,0.9988452655889145,0.350->0.215,I
frozen_all_data1,P01,infinite,inf,1,T,866,1,1,0.015011547344110854,0.859122401847575,0.7648388727301877,1.1568731201007754,1.6126008513021048,0.031928056081483774,0.28746252714229226,0.8251437131727353,0.1558891454965358,0.350->0.215,I
frozen_all_data1,P01,infinite,inf,1,h,866,1,1,1.0,0.9872979214780601,0.0,0.0,0.0,0.0028337009848576015,0.0,1.2048963022880743,0.9872979214780601,0.350->0.215,I
frozen_all_data1,P01,infinite,inf,5,S,862,1,1,0.4443155452436195,1.0,0.05112217178192397,0.17350854973946123,0.7517371970214741,0.0,0.0,0.0,0.4443155452436195,0.350->0.215,I
frozen_all_data1,P01,infinite,inf,5,T,862,1,1,0.0,0.8584686774941995,2.7567965361278066,2.9693390921570284,3.1753619219257594,0.032076214114344484,0.2881463897438818,0.8251437131727353,0.14153132250580047,0.350->0.215,I
frozen_all_data1,P01,infinite,inf,5,h,862,1,1,1.0,0.9895591647331786,0.0,0.0,0.0,0.0006396770423916189,0.0,0.13839275788975702,0.9895591647331786,0.350->0.215,I
frozen_all_data1,P01,infinite,inf,10,S,857,1,1,0.0,1.0,0.33503882942576396,0.44460505457805366,1.0232079683950004,0.0,0.0,0.0,0.0,0.350->0.215,I
frozen_all_data1,P01,infinite,inf,10,T,857,1,1,0.0,0.8599766627771295,3.771344120293027,3.870223067367026,4.05839655446092,0.031811231582796216,0.2883173553942795,0.8251437131727353,0.14002333722287047,0.350->0.215,I
frozen_all_data1,P01,infinite,inf,10,h,857,1,1,1.0,0.9894982497082847,0.0,0.0,0.0,0.0006434091138174744,0.0,0.13839275788975702,0.9894982497082847,0.350->0.215,I
frozen_all_data1,P01,infinite,inf,20,S,847,1,1,0.0,1.0,0.6429643230126673,0.7922236934146165,1.27188371179498,0.0,0.0,0.0,0.0,0.350->0.215,I
frozen_all_data1,P01,infinite,inf,20,T,847,1,1,0.0,0.859504132231405,4.262232824776434,4.279844908356566,4.551333432165028,0.03166205397632616,0.28349084427443044,0.8251437131727353,0.14049586776859505,0.350->0.215,I
frozen_all_data1,P01,infinite,inf,20,h,847,1,1,1.0,0.9893742621015348,0.0,0.0,0.0,0.0006510054433784835,0.0,0.13839275788975702,0.9893742621015348,0.350->0.215,I
frozen_all_data1,P01,scale_8,8.0,1,S,866,1,1,0.9988452655889145,1.0,0.0001315913044044559,0.0,0.1139580696142588,0.0,0.0,0.0,0.9988452655889145,0.350->0.215,I
frozen_all_data1,P01,scale_8,8.0,1,T,866,1,1,0.015011547344110854,0.859122401847575,0.7648388727301877,1.1568731201007754,1.6126008513021048,0.031928056081483774,0.28746252714229226,0.8251437131727353,0.1558891454965358,0.350->0.215,I
frozen_all_data1,P01,scale_8,8.0,1,h,866,1,1,1.0,0.9872979214780601,0.0,0.0,0.0,0.0028337009848576015,0.0,1.2048963022880743,0.9872979214780601,0.350->0.215,I
frozen_all_data1,P01,scale_8,8.0,5,S,862,1,1,0.4443155452436195,1.0,0.05112217178192397,0.17350854973946123,0.7517371970214741,0.0,0.0,0.0,0.4443155452436195,0.350->0.215,I
frozen_all_data1,P01,scale_8,8.0,5,T,862,1,1,0.0,0.8584686774941995,2.7567965361278066,2.9693390921570284,3.1753619219257594,0.032076214114344484,0.2881463897438818,0.8251437131727353,0.14153132250580047,0.350->0.215,I
frozen_all_data1,P01,scale_8,8.0,5,h,862,1,1,1.0,0.9895591647331786,0.0,0.0,0.0,0.0006396770423916189,0.0,0.13839275788975702,0.9895591647331786,0.350->0.215,I
frozen_all_data1,P01,scale_8,8.0,10,S,857,1,1,0.0,1.0,0.33503882942576396,0.44460505457805366,1.0232079683950004,0.0,0.0,0.0,0.0,0.350->0.215,I
frozen_all_data1,P01,scale_8,8.0,10,T,857,1,1,0.0,0.8599766627771295,3.771344120293027,3.870223067367026,4.05839655446092,0.031811231582796216,0.2883173553942795,0.8251437131727353,0.14002333722287047,0.350->0.215,I
frozen_all_data1,P01,scale_8,8.0,10,h,857,1,1,1.0,0.9894982497082847,0.0,0.0,0.0,0.0006434091138174744,0.0,0.13839275788975702,0.9894982497082847,0.350->0.215,I
frozen_all_data1,P01,scale_8,8.0,20,S,847,1,1,0.0,1.0,0.6429643230126673,0.7922236934146165,1.27188371179498,0.0,0.0,0.0,0.0,0.350->0.215,I
frozen_all_data1,P01,scale_8,8.0,20,T,847,1,1,0.0,0.859504132231405,4.262232824776434,4.279844908356566,4.551333432165028,0.03166205397632616,0.28349084427443044,0.8251437131727353,0.14049586776859505,0.350->0.215,I
frozen_all_data1,P01,scale_8,8.0,20,h,847,1,1,1.0,0.9893742621015348,0.0,0.0,0.0,0.0006510054433784835,0.0,0.13839275788975702,0.9893742621015348,0.350->0.215,I
frozen_all_data1,P02,infinite,inf,1,S,1124,1,1,0.9448398576512456,1.0,0.001869261261958095,0.004651281740794326,0.17200178648156328,0.0,0.0,0.0,0.9448398576512456,0.215->0.163,I
frozen_all_data1,P02,infinite,inf,1,T,1124,1,1,0.8816725978647687,0.9991103202846975,0.02017662267565914,0.13455097777259822,0.9533467518087075,0.00010288141721718083,0.0,0.11563871295211126,0.8825622775800712,0.215->0.163,I
frozen_all_data1,P02,infinite,inf,1,h,1124,1,1,0.998220640569395,0.9110320284697508,0.0002723634650169756,0.0,0.2618290243974588,0.027585427707463073,0.19986298875799077,2.2879457120680917,0.9110320284697508,0.215->0.163,I
frozen_all_data1,P02,infinite,inf,5,S,1120,1,1,0.06696428571428571,1.0,0.16710402087990717,0.3037113981177239,0.8034088170321075,0.0,0.0,0.0,0.06696428571428571,0.215->0.163,I
frozen_all_data1,P02,infinite,inf,5,T,1120,1,1,0.0,0.9991071428571429,2.3404120326008218,2.5428830407360987,2.8558630466828054,0.00010324885085009933,0.0,0.11563871295211126,0.0008928571428571428,0.215->0.163,I
frozen_all_data1,P02,infinite,inf,5,h,1120,1,1,1.0,0.9107142857142857,0.0,0.0,0.0,0.027683947092132583,0.2049809853849431,2.2879457120680917,0.9107142857142857,0.215->0.163,I
frozen_all_data1,P02,infinite,inf,10,S,1115,1,1,0.015246636771300448,1.0,0.37881466203578223,0.43658300719700477,0.9639938792744704,0.0,0.0,0.0,0.015246636771300448,0.215->0.163,I
frozen_all_data1,P02,infinite,inf,10,T,1115,1,1,0.0,0.9991031390134529,3.633708161239813,3.725323234684739,3.947763821591723,0.0001037118501812657,0.0,0.11563871295211126,0.0008968609865470852,0.215->0.163,I
frozen_all_data1,P02,infinite,inf,10,h,1115,1,1,1.0,0.9103139013452914,0.0,0.0,0.0,0.02780809035263542,0.20701813989992265,2.2879457120680917,0.9103139013452914,0.215->0.163,I
frozen_all_data1,P02,infinite,inf,20,S,1105,1,1,0.0,1.0,0.6312656119685396,0.6984960144298676,1.2556929819752352,0.0,0.0,0.0,0.0,0.215->0.163,I
frozen_all_data1,P02,infinite,inf,20,T,1105,1,1,0.0,0.9990950226244344,4.245759864185075,4.260483604049711,4.533654487286067,0.00010465041896118666,0.0,0.11563871295211126,0.0009049773755656109,0.215->0.163,I
frozen_all_data1,P02,infinite,inf,20,h,1105,1,1,1.0,0.9095022624434389,0.0,0.0,0.0,0.028059747278903615,0.21109244892988174,2.2879457120680917,0.9095022624434389,0.215->0.163,I
frozen_all_data1,P02,scale_8,8.0,1,S,1124,1,1,0.9448398576512456,1.0,0.001869261261958095,0.004651281740794326,0.17200178648156328,0.0,0.0,0.0,0.9448398576512456,0.215->0.163,I
frozen_all_data1,P02,scale_8,8.0,1,T,1124,1,1,0.8816725978647687,0.9991103202846975,0.02017662267565914,0.13455097777259822,0.9533467518087075,0.00010288141721718083,0.0,0.11563871295211126,0.8825622775800712,0.215->0.163,I
frozen_all_data1,P02,scale_8,8.0,1,h,1124,1,1,0.998220640569395,0.9110320284697508,0.0002723634650169756,0.0,0.2618290243974588,0.027585427707463073,0.19986298875799077,2.2879457120680917,0.9110320284697508,0.215->0.163,I
frozen_all_data1,P02,scale_8,8.0,5,S,1120,1,1,0.06696428571428571,1.0,0.16710402087990717,0.3037113981177239,0.8034088170321075,0.0,0.0,0.0,0.06696428571428571,0.215->0.163,I
frozen_all_data1,P02,scale_8,8.0,5,T,1120,1,1,0.0,0.9991071428571429,2.3404120326008218,2.5428830407360987,2.8558630466828054,0.00010324885085009933,0.0,0.11563871295211126,0.0008928571428571428,0.215->0.163,I
frozen_all_data1,P02,scale_8,8.0,5,h,1120,1,1,1.0,0.9107142857142857,0.0,0.0,0.0,0.027683947092132583,0.2049809853849431,2.2879457120680917,0.9107142857142857,0.215->0.163,I
frozen_all_data1,P02,scale_8,8.0,10,S,1115,1,1,0.015246636771300448,1.0,0.37881466203578223,0.43658300719700477,0.9639938792744704,0.0,0.0,0.0,0.015246636771300448,0.215->0.163,I
frozen_all_data1,P02,scale_8,8.0,10,T,1115,1,1,0.0,0.9991031390134529,3.633708161239813,3.725323234684739,3.947763821591723,0.0001037118501812657,0.0,0.11563871295211126,0.0008968609865470852,0.215->0.163,I
frozen_all_data1,P02,scale_8,8.0,10,h,1115,1,1,1.0,0.9103139013452914,0.0,0.0,0.0,0.02780809035263542,0.20701813989992265,2.2879457120680917,0.9103139013452914,0.215->0.163,I
frozen_all_data1,P02,scale_8,8.0,20,S,1105,1,1,0.0,1.0,0.6312656119685396,0.6984960144298676,1.2556929819752352,0.0,0.0,0.0,0.0,0.215->0.163,I
frozen_all_data1,P02,scale_8,8.0,20,T,1105,1,1,0.0,0.9990950226244344,4.245759864185075,4.260483604049711,4.533654487286067,0.00010465041896118666,0.0,0.11563871295211126,0.0009049773755656109,0.215->0.163,I
frozen_all_data1,P02,scale_8,8.0,20,h,1105,1,1,1.0,0.9095022624434389,0.0,0.0,0.0,0.028059747278903615,0.21109244892988174,2.2879457120680917,0.9095022624434389,0.215->0.163,I
frozen_all_data1,P03,infinite,inf,1,S,1458,1,1,1.0,1.0,0.0,0.0,0.0,0.0,0.0,0.0,1.0,0.163->0.126,I
frozen_all_data1,P03,infinite,inf,1,T,1458,1,1,0.013717421124828532,0.879286694101509,0.7477999018129873,1.103700659648192,1.960133144882711,0.025361703872457304,0.14777676693538822,1.3579249581814534,0.13443072702331962,0.163->0.126,I
frozen_all_data1,P03,infinite,inf,1,h,1458,1,1,0.9986282578875172,0.9046639231824417,2.450869941757672e-05,0.0,0.031371280572455085,0.022780326742697837,0.1515562883033236,1.2684851609405978,0.9032921810699589,0.163->0.126,I
frozen_all_data1,P03,infinite,inf,5,S,1454,1,1,0.9821182943603851,1.0,0.0009629500342928103,0.0,0.4298060890220208,0.0,0.0,0.0,0.9821182943603851,0.163->0.126,I
frozen_all_data1,P03,infinite,inf,5,T,1454,1,1,0.0,0.8789546079779917,2.759606427295395,2.9420680310948266,3.2790068412258018,0.025431474722175204,0.1489443488262554,1.3579249581814534,0.12104539202200826,0.163->0.126,I
frozen_all_data1,P03,infinite,inf,5,h,1454,1,1,1.0,0.905777166437414,0.0,0.0,0.0,0.021626688239573495,0.14690142646560062,0.8836368059511281,0.905777166437414,0.163->0.126,I
frozen_all_data1,P03,infinite,inf,10,S,1449,1,1,0.012422360248447204,1.0,0.24883994203380483,0.33864870203994996,0.8610715494634811,0.0,0.0,0.0,0.012422360248447204,0.163->0.126,I
frozen_all_data1,P03,infinite,inf,10,T,1449,1,1,0.0,0.8785369220151829,3.7741956609016936,3.8525154115899696,4.060578299435811,0.025519229983466354,0.15040382618983905,1.3579249581814534,0.12146307798481712,0.163->0.126,I
frozen_all_data1,P03,infinite,inf,10,h,1449,1,1,1.0,0.9054520358868184,0.0,0.0,0.0,0.02170131449298817,0.14758107737777715,0.8836368059511281,0.9054520358868184,0.163->0.126,I
frozen_all_data1,P03,infinite,inf,20,S,1439,1,1,0.0,1.0,0.6264774241628256,0.644467658752354,1.2455563776189047,0.0,0.0,0.0,0.0,0.163->0.126,I
frozen_all_data1,P03,infinite,inf,20,T,1439,1,1,0.0,0.8783877692842251,4.259491549222873,4.271845983614525,4.544289341660208,0.025437981945632553,0.14748487146267175,1.3579249581814534,0.12161223071577484,0.163->0.126,I
frozen_all_data1,P03,infinite,inf,20,h,1439,1,1,1.0,0.9047949965253649,0.0,0.0,0.0,0.02185212279384285,0.14894428927682696,0.8836368059511281,0.9047949965253649,0.163->0.126,I
frozen_all_data1,P03,scale_8,8.0,1,S,1458,1,1,1.0,1.0,0.0,0.0,0.0,0.0,0.0,0.0,1.0,0.163->0.126,I
frozen_all_data1,P03,scale_8,8.0,1,T,1458,1,1,0.013717421124828532,0.879286694101509,0.7477999018129873,1.103700659648192,1.960133144882711,0.025361703872457304,0.14777676693538822,1.3579249581814534,0.13443072702331962,0.163->0.126,I
frozen_all_data1,P03,scale_8,8.0,1,h,1458,1,1,0.9986282578875172,0.9046639231824417,2.450869941757672e-05,0.0,0.031371280572455085,0.022780326742697837,0.1515562883033236,1.2684851609405978,0.9032921810699589,0.163->0.126,I
frozen_all_data1,P03,scale_8,8.0,5,S,1454,1,1,0.9821182943603851,1.0,0.0009629500342928103,0.0,0.4298060890220208,0.0,0.0,0.0,0.9821182943603851,0.163->0.126,I
frozen_all_data1,P03,scale_8,8.0,5,T,1454,1,1,0.0,0.8789546079779917,2.759606427295395,2.9420680310948266,3.2790068412258018,0.025431474722175204,0.1489443488262554,1.3579249581814534,0.12104539202200826,0.163->0.126,I
frozen_all_data1,P03,scale_8,8.0,5,h,1454,1,1,1.0,0.905777166437414,0.0,0.0,0.0,0.021626688239573495,0.14690142646560062,0.8836368059511281,0.905777166437414,0.163->0.126,I
frozen_all_data1,P03,scale_8,8.0,10,S,1449,1,1,0.012422360248447204,1.0,0.24883994203380483,0.33864870203994996,0.8610715494634811,0.0,0.0,0.0,0.012422360248447204,0.163->0.126,I
frozen_all_data1,P03,scale_8,8.0,10,T,1449,1,1,0.0,0.8785369220151829,3.7741956609016936,3.8525154115899696,4.060578299435811,0.025519229983466354,0.15040382618983905,1.3579249581814534,0.12146307798481712,0.163->0.126,I
frozen_all_data1,P03,scale_8,8.0,10,h,1449,1,1,1.0,0.9054520358868184,0.0,0.0,0.0,0.02170131449298817,0.14758107737777715,0.8836368059511281,0.9054520358868184,0.163->0.126,I
frozen_all_data1,P03,scale_8,8.0,20,S,1439,1,1,0.0,1.0,0.6264774241628256,0.644467658752354,1.2455563776189047,0.0,0.0,0.0,0.0,0.163->0.126,I
frozen_all_data1,P03,scale_8,8.0,20,T,1439,1,1,0.0,0.8783877692842251,4.259491549222873,4.271845983614525,4.544289341660208,0.025437981945632553,0.14748487146267175,1.3579249581814534,0.12161223071577484,0.163->0.126,I
frozen_all_data1,P03,scale_8,8.0,20,h,1439,1,1,1.0,0.9047949965253649,0.0,0.0,0.0,0.02185212279384285,0.14894428927682696,0.8836368059511281,0.9047949965253649,0.163->0.126,I
frozen_all_data1,P04,infinite,inf,1,S,1864,1,1,0.6298283261802575,0.9908798283261803,0.021231326677816853,0.10415087637264285,0.21086254257752013,0.00015519430641625589,0.0,0.07280295532675218,0.6389484978540773,0.126->0.098,I
frozen_all_data1,P04,infinite,inf,1,T,1864,1,1,0.2478540772532189,0.9957081545064378,0.16977930353500362,0.5070465690942536,1.162179111674189,0.00036849568096356634,0.0,0.30517293337533413,0.2521459227467811,0.126->0.098,I
frozen_all_data1,P04,infinite,inf,1,h,1864,1,1,0.9983905579399142,0.9157725321888412,0.001383578463705064,0.0,2.367873299258406,0.030144432211483045,0.14990149060552604,9.627160252842726,0.9163090128755365,0.126->0.098,I
frozen_all_data1,P04,infinite,inf,5,S,1860,1,1,0.09086021505376345,0.9908602150537634,0.2267115087683443,0.35412347657344184,0.537491070470848,0.00015552805761284998,0.0,0.07280295532675218,0.1,0.126->0.098,I
frozen_all_data1,P04,infinite,inf,5,T,1860,1,1,0.0,0.9956989247311828,2.507364940656881,2.697133546133407,2.9680476000496374,0.0003692881447935955,0.0,0.30517293337533413,0.004301075268817204,0.126->0.098,I
frozen_all_data1,P04,infinite,inf,5,h,1860,1,1,1.0,0.9155913978494624,0.0,0.0,0.0,0.030209258947421717,0.15037119492967355,9.627160252842726,0.9155913978494624,0.126->0.098,I
frozen_all_data1,P04,infinite,inf,10,S,1855,1,1,0.011859838274932614,0.9908355795148248,0.39837977511999695,0.45914841629399544,0.9382728702291573,0.00015594727070614606,0.0,0.07280295532675218,0.021024258760107817,0.126->0.098,I
frozen_all_data1,P04,infinite,inf,10,T,1855,1,1,0.0,0.9956873315363881,3.6978033060015467,3.777188494900964,3.9669230153476107,0.0003702835306286187,0.0,0.30517293337533413,0.00431266846361186,0.126->0.098,I
frozen_all_data1,P04,infinite,inf,10,h,1855,1,1,1.0,0.9153638814016173,0.0,0.0,0.0,0.030290685521403987,0.15037119492967355,9.627160252842726,0.9153638814016173,0.126->0.098,I
frozen_all_data1,P04,infinite,inf,20,S,1845,1,1,0.0,0.9907859078590786,0.6330125562557717,0.652131806781453,1.2433004288882408,0.00015679251336579998,0.0,0.07280295532675218,0.00921409214092141,0.126->0.098,I
frozen_all_data1,P04,infinite,inf,20,T,1845,1,1,0.0,0.9962059620596206,4.25278999487937,4.264924792388224,4.539361117147226,0.00032315004002665644,0.0,0.30517293337533413,0.003794037940379404,0.126->0.098,I
frozen_all_data1,P04,infinite,inf,20,h,1845,1,1,1.0,0.9149051490514906,0.0,0.0,0.0,0.03045486267870157,0.15037119492967355,9.627160252842726,0.9149051490514906,0.126->0.098,I
frozen_all_data1,P04,scale_8,8.0,1,S,1864,1,1,0.6298283261802575,0.9908798283261803,0.021231326677816853,0.10415087637264285,0.21086254257752013,0.00015519430641625589,0.0,0.07280295532675218,0.6389484978540773,0.126->0.098,I
frozen_all_data1,P04,scale_8,8.0,1,T,1864,1,1,0.2478540772532189,0.9957081545064378,0.16977930353500362,0.5070465690942536,1.162179111674189,0.00036849568096356634,0.0,0.30517293337533413,0.2521459227467811,0.126->0.098,I
frozen_all_data1,P04,scale_8,8.0,1,h,1864,1,1,0.9983905579399142,0.9157725321888412,0.001383578463705064,0.0,2.367873299258406,0.030144432211483045,0.14990149060552604,9.627160252842726,0.9163090128755365,0.126->0.098,I
frozen_all_data1,P04,scale_8,8.0,5,S,1860,1,1,0.09086021505376345,0.9908602150537634,0.2267115087683443,0.35412347657344184,0.537491070470848,0.00015552805761284998,0.0,0.07280295532675218,0.1,0.126->0.098,I
frozen_all_data1,P04,scale_8,8.0,5,T,1860,1,1,0.0,0.9956989247311828,2.507364940656881,2.697133546133407,2.9680476000496374,0.0003692881447935955,0.0,0.30517293337533413,0.004301075268817204,0.126->0.098,I
frozen_all_data1,P04,scale_8,8.0,5,h,1860,1,1,1.0,0.9155913978494624,0.0,0.0,0.0,0.030209258947421717,0.15037119492967355,9.627160252842726,0.9155913978494624,0.126->0.098,I
frozen_all_data1,P04,scale_8,8.0,10,S,1855,1,1,0.011859838274932614,0.9908355795148248,0.39837977511999695,0.45914841629399544,0.9382728702291573,0.00015594727070614606,0.0,0.07280295532675218,0.021024258760107817,0.126->0.098,I
frozen_all_data1,P04,scale_8,8.0,10,T,1855,1,1,0.0,0.9956873315363881,3.6978033060015467,3.777188494900964,3.9669230153476107,0.0003702835306286187,0.0,0.30517293337533413,0.00431266846361186,0.126->0.098,I
frozen_all_data1,P04,scale_8,8.0,10,h,1855,1,1,1.0,0.9153638814016173,0.0,0.0,0.0,0.030290685521403987,0.15037119492967355,9.627160252842726,0.9153638814016173,0.126->0.098,I
frozen_all_data1,P04,scale_8,8.0,20,S,1845,1,1,0.0,0.9907859078590786,0.6330125562557717,0.652131806781453,1.2433004288882408,0.00015679251336579998,0.0,0.07280295532675218,0.00921409214092141,0.126->0.098,I
frozen_all_data1,P04,scale_8,8.0,20,T,1845,1,1,0.0,0.9962059620596206,4.25278999487937,4.264924792388224,4.539361117147226,0.00032315004002665644,0.0,0.30517293337533413,0.003794037940379404,0.126->0.098,I
frozen_all_data1,P04,scale_8,8.0,20,h,1845,1,1,1.0,0.9149051490514906,0.0,0.0,0.0,0.03045486267870157,0.15037119492967355,9.627160252842726,0.9149051490514906,0.126->0.098,I
frozen_all_data1,P12,infinite,inf,1,S,1385,1,2,0.5227436823104693,0.7711191335740072,0.05849856425524265,0.21819812749317322,0.3487419610642578,0.018381903709371154,0.12503205345287455,0.29920374073268696,0.7516245487364621,0.098->0.069,IV
frozen_all_data1,P12,infinite,inf,1,T,1385,1,2,1.0,1.0,0.0,0.0,0.0,0.0,0.0,0.0,1.0,0.098->0.069,IV
frozen_all_data1,P12,infinite,inf,1,h,1385,1,2,0.9906137184115523,0.935740072202166,0.0010581370620824531,0.0,0.3202638845123653,0.016496404442145535,0.07110554112175808,1.1386064538195275,0.9393501805054152,0.098->0.069,IV
frozen_all_data1,P12,infinite,inf,5,S,1377,1,2,0.12636165577342048,0.7697893972403776,0.2173169667977964,0.3785142307336533,0.6834716999034198,0.018488697630703738,0.12533578174965254,0.29920374073268696,0.35657225853304286,0.098->0.069,IV
frozen_all_data1,P12,infinite,inf,5,T,1377,1,2,0.0,1.0,1.6150854208934897,1.7204233233367,1.962968583617076,0.0,0.0,0.0,0.0,0.098->0.069,IV
frozen_all_data1,P12,infinite,inf,5,h,1377,1,2,1.0,0.9360929557007989,0.0,0.0,0.0,0.016516807931370486,0.06762590503449202,1.1386064538195275,0.9360929557007989,0.098->0.069,IV
frozen_all_data1,P12,infinite,inf,10,S,1371,1,1,0.0007293946024799417,0.7687819110138585,0.3845351567889656,0.4571146999263198,0.9813096580635646,0.01856961096825606,0.12562405189766718,0.29920374073268696,0.23194748358862144,0.098->0.069,IV
frozen_all_data1,P12,infinite,inf,10,T,1371,1,1,0.0,1.0,3.386859939699399,3.4548421232567463,3.702368817608782,0.0,0.0,0.0,0.0,0.098->0.069,IV
frozen_all_data1,P12,infinite,inf,10,h,1371,1,1,1.0,0.9358132749817651,0.0,0.0,0.0,0.016589091554702524,0.06936572307812505,1.1386064538195275,0.9358132749817651,0.098->0.069,IV
frozen_all_data1,P12,infinite,inf,20,S,1361,1,1,0.0,0.7670830271858927,0.6019304443289772,0.6693163599908702,1.3076160074886178,0.018706051901160214,0.1261045021443583,0.29920374073268696,0.23291697281410728,0.098->0.069,IV
frozen_all_data1,P12,infinite,inf,20,T,1361,1,1,0.0,1.0,4.2168593194227935,4.231132834247342,4.4999986843303805,0.0,0.0,0.0,0.0,0.098->0.069,IV
frozen_all_data1,P12,infinite,inf,20,h,1361,1,1,1.0,0.9353416605437178,0.0,0.0,0.0,0.0167109805448179,0.07226541981751389,1.1386064538195275,0.9353416605437178,0.098->0.069,IV
frozen_all_data1,P12,scale_8,8.0,1,S,1385,1,2,0.5227436823104693,0.7711191335740072,0.05849856425524265,0.21819812749317322,0.3487419610642578,0.018381903709371154,0.12503205345287455,0.29920374073268696,0.7516245487364621,0.098->0.069,IV
frozen_all_data1,P12,scale_8,8.0,1,T,1385,1,2,1.0,1.0,0.0,0.0,0.0,0.0,0.0,0.0,1.0,0.098->0.069,IV
frozen_all_data1,P12,scale_8,8.0,1,h,1385,1,2,0.9906137184115523,0.935740072202166,0.0010581370620824531,0.0,0.3202638845123653,0.016496404442145535,0.07110554112175808,1.1386064538195275,0.9393501805054152,0.098->0.069,IV
frozen_all_data1,P12,scale_8,8.0,5,S,1377,1,2,0.12636165577342048,0.7697893972403776,0.2173169667977964,0.3785142307336533,0.6834716999034198,0.018488697630703738,0.12533578174965254,0.29920374073268696,0.35657225853304286,0.098->0.069,IV
frozen_all_data1,P12,scale_8,8.0,5,T,1377,1,2,0.0,1.0,1.6150854208934897,1.7204233233367,1.962968583617076,0.0,0.0,0.0,0.0,0.098->0.069,IV
frozen_all_data1,P12,scale_8,8.0,5,h,1377,1,2,1.0,0.9360929557007989,0.0,0.0,0.0,0.016516807931370486,0.06762590503449202,1.1386064538195275,0.9360929557007989,0.098->0.069,IV
frozen_all_data1,P12,scale_8,8.0,10,S,1371,1,1,0.0007293946024799417,0.7687819110138585,0.3845351567889656,0.4571146999263198,0.9813096580635646,0.01856961096825606,0.12562405189766718,0.29920374073268696,0.23194748358862144,0.098->0.069,IV
frozen_all_data1,P12,scale_8,8.0,10,T,1371,1,1,0.0,1.0,3.386859939699399,3.4548421232567463,3.702368817608782,0.0,0.0,0.0,0.0,0.098->0.069,IV
frozen_all_data1,P12,scale_8,8.0,10,h,1371,1,1,1.0,0.9358132749817651,0.0,0.0,0.0,0.016589091554702524,0.06936572307812505,1.1386064538195275,0.9358132749817651,0.098->0.069,IV
frozen_all_data1,P12,scale_8,8.0,20,S,1361,1,1,0.0,0.7670830271858927,0.6019304443289772,0.6693163599908702,1.3076160074886178,0.018706051901160214,0.1261045021443583,0.29920374073268696,0.23291697281410728,0.098->0.069,IV
frozen_all_data1,P12,scale_8,8.0,20,T,1361,1,1,0.0,1.0,4.2168593194227935,4.231132834247342,4.4999986843303805,0.0,0.0,0.0,0.0,0.098->0.069,IV
frozen_all_data1,P12,scale_8,8.0,20,h,1361,1,1,1.0,0.9353416605437178,0.0,0.0,0.0,0.0167109805448179,0.07226541981751389,1.1386064538195275,0.9353416605437178,0.098->0.069,IV
frozen_all_data1,P13,infinite,inf,1,S,1764,1,2,0.9982993197278912,1.0,1.5407266514386183e-05,0.0,0.01637113500558085,0.0,0.0,0.0,0.9982993197278912,0.069->0.052,IV
frozen_all_data1,P13,infinite,inf,1,T,1764,1,2,1.0,1.0,0.0,0.0,0.0,0.0,0.0,0.0,1.0,0.069->0.052,IV
frozen_all_data1,P13,infinite,inf,1,h,1764,1,2,0.9920634920634921,0.969954648526077,0.0021099291741555953,0.0,0.7948878075545653,0.01294077291851576,0.0,1.858846672357818,0.9756235827664399,0.069->0.052,IV
frozen_all_data1,P13,infinite,inf,5,S,1756,1,1,0.31492027334851935,1.0,0.08788993698606948,0.2378038960729989,0.4445680075198635,0.0,0.0,0.0,0.31492027334851935,0.069->0.052,IV
frozen_all_data1,P13,infinite,inf,5,T,1756,1,1,0.0005694760820045558,1.0,1.518838730070274,1.6076475283087128,1.8181992552104038,0.0,0.0,0.0,0.0005694760820045558,0.069->0.052,IV
frozen_all_data1,P13,infinite,inf,5,h,1756,1,1,1.0,0.9720956719817767,0.0,0.0,0.0,0.010772211187456133,0.0,1.858846672357818,0.9720956719817767,0.069->0.052,IV
frozen_all_data1,P13,infinite,inf,10,S,1751,1,1,0.011422044545973729,1.0,0.32621357516063715,0.3914565705411662,0.9520956796405465,0.0,0.0,0.0,0.011422044545973729,0.069->0.052,IV
frozen_all_data1,P13,infinite,inf,10,T,1751,1,1,0.0,1.0,3.3554571725121303,3.408895650154091,3.65166258408004,0.0,0.0,0.0,0.0,0.069->0.052,IV
frozen_all_data1,P13,infinite,inf,10,h,1751,1,1,1.0,0.9720159908623643,0.0,0.0,0.0,0.010802971356466573,0.0,1.858846672357818,0.9720159908623643,0.069->0.052,IV
frozen_all_data1,P13,infinite,inf,20,S,1741,1,1,0.0,1.0,0.5883331433632087,0.6059066781336594,1.2285662441255734,0.0,0.0,0.0,0.0,0.069->0.052,IV
frozen_all_data1,P13,infinite,inf,20,T,1741,1,1,0.0,1.0,4.212894191092126,4.2218837524367,4.493500782412313,0.0,0.0,0.0,0.0,0.069->0.052,IV
frozen_all_data1,P13,infinite,inf,20,h,1741,1,1,1.0,0.9718552556002298,0.0,0.0,0.0,0.01086502173760653,0.0,1.858846672357818,0.9718552556002298,0.069->0.052,IV
frozen_all_data1,P13,scale_8,8.0,1,S,1764,1,2,0.9982993197278912,1.0,1.5407266514386183e-05,0.0,0.01637113500558085,0.0,0.0,0.0,0.9982993197278912,0.069->0.052,IV
frozen_all_data1,P13,scale_8,8.0,1,T,1764,1,2,1.0,1.0,0.0,0.0,0.0,0.0,0.0,0.0,1.0,0.069->0.052,IV
frozen_all_data1,P13,scale_8,8.0,1,h,1764,1,2,0.9920634920634921,0.969954648526077,0.0021099291741555953,0.0,0.7948878075545653,0.01294077291851576,0.0,1.858846672357818,0.9756235827664399,0.069->0.052,IV
frozen_all_data1,P13,scale_8,8.0,5,S,1756,1,1,0.31492027334851935,1.0,0.08788993698606948,0.2378038960729989,0.4445680075198635,0.0,0.0,0.0,0.31492027334851935,0.069->0.052,IV
frozen_all_data1,P13,scale_8,8.0,5,T,1756,1,1,0.0005694760820045558,1.0,1.518838730070274,1.6076475283087128,1.8181992552104038,0.0,0.0,0.0,0.0005694760820045558,0.069->0.052,IV
frozen_all_data1,P13,scale_8,8.0,5,h,1756,1,1,1.0,0.9720956719817767,0.0,0.0,0.0,0.010772211187456133,0.0,1.858846672357818,0.9720956719817767,0.069->0.052,IV
frozen_all_data1,P13,scale_8,8.0,10,S,1751,1,1,0.011422044545973729,1.0,0.32621357516063715,0.3914565705411662,0.9520956796405465,0.0,0.0,0.0,0.011422044545973729,0.069->0.052,IV
frozen_all_data1,P13,scale_8,8.0,10,T,1751,1,1,0.0,1.0,3.3554571725121303,3.408895650154091,3.65166258408004,0.0,0.0,0.0,0.0,0.069->0.052,IV
frozen_all_data1,P13,scale_8,8.0,10,h,1751,1,1,1.0,0.9720159908623643,0.0,0.0,0.0,0.010802971356466573,0.0,1.858846672357818,0.9720159908623643,0.069->0.052,IV
frozen_all_data1,P13,scale_8,8.0,20,S,1741,1,1,0.0,1.0,0.5883331433632087,0.6059066781336594,1.2285662441255734,0.0,0.0,0.0,0.0,0.069->0.052,IV
frozen_all_data1,P13,scale_8,8.0,20,T,1741,1,1,0.0,1.0,4.212894191092126,4.2218837524367,4.493500782412313,0.0,0.0,0.0,0.0,0.069->0.052,IV
frozen_all_data1,P13,scale_8,8.0,20,h,1741,1,1,1.0,0.9718552556002298,0.0,0.0,0.0,0.01086502173760653,0.0,1.858846672357818,0.9718552556002298,0.069->0.052,IV
frozen_all_data1,P14,infinite,inf,1,S,2148,1,7,0.9683426443202979,0.9860335195530726,0.005574683806107937,0.0,0.6229037588935076,0.0027408539744723025,0.0,0.6141150647776712,0.9804469273743017,0.052->0.040,IV
frozen_all_data1,P14,infinite,inf,1,T,2148,1,7,1.0,1.0,0.0,0.0,0.0,0.0,0.0,0.0,1.0,0.052->0.040,IV
frozen_all_data1,P14,infinite,inf,1,h,2148,1,7,0.9892923649906891,0.9348230912476723,0.01541953118480995,0.0,4.41951003187109,0.035754520958483874,0.08553219881151174,4.253650197700095,0.9408752327746741,0.052->0.040,IV
frozen_all_data1,P14,infinite,inf,5,S,2120,1,6,0.419811320754717,0.9896226415094339,0.08202899145873047,0.24042768954859703,0.7642838019957549,0.0014654438089537992,0.0,0.3695789208229665,0.43018867924528303,0.052->0.040,IV
frozen_all_data1,P14,infinite,inf,5,T,2120,1,6,0.0,1.0,1.5171539803542986,1.59117262501193,1.8433834474720485,0.0,0.0,0.0,0.0,0.052->0.040,IV
frozen_all_data1,P14,infinite,inf,5,h,2120,1,6,0.9962264150943396,0.939622641509434,0.0017427701644863662,0.0,1.2172636044562277,0.023082381148805408,0.0571554857555849,2.8725143368255384,0.9424528301886792,0.052->0.040,IV
frozen_all_data1,P14,infinite,inf,10,S,2094,1,5,0.0,0.9923591212989494,0.3392280141608886,0.42242352729599075,0.985772625740445,0.0007113687409433066,0.0,0.22767321696535814,0.007640878701050621,0.052->0.040,IV
frozen_all_data1,P14,infinite,inf,10,T,2094,1,5,0.0,1.0,3.3649229750964342,3.4075145968088094,3.650624973934484,0.0,0.0,0.0,0.0,0.052->0.040,IV
frozen_all_data1,P14,infinite,inf,10,h,2094,1,5,1.0,0.9436485195797517,0.0,0.0,0.0,0.01420491730659034,0.032078217039825725,1.8980462572084904,0.9436485195797517,0.052->0.040,IV
frozen_all_data1,P14,infinite,inf,20,S,2068,1,2,0.0,0.9937137330754352,0.6133624026337293,0.688233079288154,1.234362365985529,0.000512388666392216,0.0,0.22767321696535814,0.006286266924564797,0.052->0.040,IV
frozen_all_data1,P14,infinite,inf,20,T,2068,1,2,0.0,1.0,4.218584963433217,4.224845625853735,4.492253361950105,0.0,0.0,0.0,0.0,0.052->0.040,IV
frozen_all_data1,P14,infinite,inf,20,h,2068,1,2,1.0,0.945357833655706,0.0,0.0,0.0,0.012097873555717086,0.020311894270213276,0.8468484075428557,0.945357833655706,0.052->0.040,IV
frozen_all_data1,P14,scale_8,8.0,1,S,2148,1,7,0.9683426443202979,0.9860335195530726,0.005574683806107937,0.0,0.6229037588935076,0.0027408539744723025,0.0,0.6141150647776712,0.9804469273743017,0.052->0.040,IV
frozen_all_data1,P14,scale_8,8.0,1,T,2148,1,7,1.0,1.0,0.0,0.0,0.0,0.0,0.0,0.0,1.0,0.052->0.040,IV
frozen_all_data1,P14,scale_8,8.0,1,h,2148,1,7,0.9892923649906891,0.9348230912476723,0.01541953118480995,0.0,4.41951003187109,0.035754520958483874,0.08553219881151174,4.253650197700095,0.9408752327746741,0.052->0.040,IV
frozen_all_data1,P14,scale_8,8.0,5,S,2120,1,6,0.419811320754717,0.9896226415094339,0.08202899145873047,0.24042768954859703,0.7642838019957549,0.0014654438089537992,0.0,0.3695789208229665,0.43018867924528303,0.052->0.040,IV
frozen_all_data1,P14,scale_8,8.0,5,T,2120,1,6,0.0,1.0,1.5171539803542986,1.59117262501193,1.8433834474720485,0.0,0.0,0.0,0.0,0.052->0.040,IV
frozen_all_data1,P14,scale_8,8.0,5,h,2120,1,6,0.9962264150943396,0.939622641509434,0.0017427701644863662,0.0,1.2172636044562277,0.023082381148805408,0.0571554857555849,2.8725143368255384,0.9424528301886792,0.052->0.040,IV
frozen_all_data1,P14,scale_8,8.0,10,S,2094,1,5,0.0,0.9923591212989494,0.3392280141608886,0.42242352729599075,0.985772625740445,0.0007113687409433066,0.0,0.22767321696535814,0.007640878701050621,0.052->0.040,IV
frozen_all_data1,P14,scale_8,8.0,10,T,2094,1,5,0.0,1.0,3.3649229750964342,3.4075145968088094,3.650624973934484,0.0,0.0,0.0,0.0,0.052->0.040,IV
frozen_all_data1,P14,scale_8,8.0,10,h,2094,1,5,1.0,0.9436485195797517,0.0,0.0,0.0,0.01420491730659034,0.032078217039825725,1.8980462572084904,0.9436485195797517,0.052->0.040,IV
frozen_all_data1,P14,scale_8,8.0,20,S,2068,1,2,0.0,0.9937137330754352,0.6133624026337293,0.688233079288154,1.234362365985529,0.000512388666392216,0.0,0.22767321696535814,0.006286266924564797,0.052->0.040,IV
frozen_all_data1,P14,scale_8,8.0,20,T,2068,1,2,0.0,1.0,4.218584963433217,4.224845625853735,4.492253361950105,0.0,0.0,0.0,0.0,0.052->0.040,IV
frozen_all_data1,P14,scale_8,8.0,20,h,2068,1,2,1.0,0.945357833655706,0.0,0.0,0.0,0.012097873555717086,0.020311894270213276,0.8468484075428557,0.945357833655706,0.052->0.040,IV
frozen_all_data1,P21,infinite,inf,1,S,336,1,1,1.0,1.0,0.0,0.0,0.0,0.0,0.0,0.0,1.0,1.500->1.120,VII
frozen_all_data1,P21,infinite,inf,1,T,336,1,1,0.23511904761904762,0.15773809523809523,2.3753801120430613,3.3052470910819993,4.941620696939605,7.32155566719002,9.82898727785074,10.70367718661273,0.9226190476190477,1.500->1.120,VII
frozen_all_data1,P21,infinite,inf,1,h,336,1,1,1.0,1.0,0.0,0.0,0.0,0.0,0.0,0.0,1.0,1.500->1.120,VII
frozen_all_data1,P21,infinite,inf,5,S,332,1,1,0.9969879518072289,1.0,0.0001383046583054136,0.0,0.045917146557397315,0.0,0.0,0.0,0.9969879518072289,1.500->1.120,VII
frozen_all_data1,P21,infinite,inf,5,T,332,1,1,1.0,0.14759036144578314,0.0,0.0,0.0,7.40976718125255,9.829884368958927,10.70367718661273,0.14759036144578314,1.500->1.120,VII
frozen_all_data1,P21,infinite,inf,5,h,332,1,1,1.0,1.0,0.0,0.0,0.0,0.0,0.0,0.0,1.0,1.500->1.120,VII
frozen_all_data1,P21,infinite,inf,10,S,327,1,1,0.10091743119266056,1.0,0.14930212141301344,0.23927116511304217,0.7863074757547848,0.0,0.0,0.0,0.10091743119266056,1.500->1.120,VII
frozen_all_data1,P21,infinite,inf,10,T,327,1,1,0.20489296636085627,0.14067278287461774,1.0481285875952508,1.3784738577353575,1.6100531621783398,7.52289232736065,9.831005732844162,10.70367718661273,0.8868501529051988,1.500->1.120,VII
frozen_all_data1,P21,infinite,inf,10,h,327,1,1,1.0,1.0,0.0,0.0,0.0,0.0,0.0,0.0,1.0,1.500->1.120,VII
frozen_all_data1,P21,infinite,inf,20,S,317,1,1,0.0031545741324921135,1.0,0.4953811211177603,0.5505050229614153,1.1049551881145447,0.0,0.0,0.0,0.0031545741324921135,1.500->1.120,VII
frozen_all_data1,P21,infinite,inf,20,T,317,1,1,0.0,0.12302839116719243,3.858039617557236,3.988897044390625,4.25039439302776,7.75901480512,9.832643445681269,10.70367718661273,0.8769716088328076,1.500->1.120,VII
frozen_all_data1,P21,infinite,inf,20,h,317,1,1,1.0,1.0,0.0,0.0,0.0,0.0,0.0,0.0,1.0,1.500->1.120,VII
frozen_all_data1,P21,scale_8,8.0,1,S,336,1,1,1.0,1.0,0.0,0.0,0.0,0.0,0.0,0.0,1.0,1.500->1.120,VII
frozen_all_data1,P21,scale_8,8.0,1,T,336,1,1,1.0,0.15773809523809523,0.0,0.0,0.0,7.32155566719002,9.82898727785074,10.70367718661273,0.15773809523809523,1.500->1.120,VII
frozen_all_data1,P21,scale_8,8.0,1,h,336,1,1,1.0,1.0,0.0,0.0,0.0,0.0,0.0,0.0,1.0,1.500->1.120,VII
frozen_all_data1,P21,scale_8,8.0,5,S,332,1,1,0.9969879518072289,1.0,0.00013831918660353503,0.0,0.04592196995237363,0.0,0.0,0.0,0.9969879518072289,1.500->1.120,VII
frozen_all_data1,P21,scale_8,8.0,5,T,332,1,1,0.22289156626506024,0.14759036144578314,0.2522113818475243,0.335118654751463,0.5961373325467854,7.40976718125255,9.829884368958927,10.70367718661273,0.9066265060240963,1.500->1.120,VII
frozen_all_data1,P21,scale_8,8.0,5,h,332,1,1,1.0,1.0,0.0,0.0,0.0,0.0,0.0,0.0,1.0,1.500->1.120,VII
frozen_all_data1,P21,scale_8,8.0,10,S,327,1,1,0.10091743119266056,1.0,0.15282395488922287,0.2401714070794663,0.790626631465915,0.0,0.0,0.0,0.10091743119266056,1.500->1.120,VII
frozen_all_data1,P21,scale_8,8.0,10,T,327,1,1,0.0,0.14067278287461774,2.7816599110101885,2.967114199739393,3.222873254370229,7.52289232736065,9.831005732844162,10.70367718661273,0.8593272171253823,1.500->1.120,VII
frozen_all_data1,P21,scale_8,8.0,10,h,327,1,1,1.0,1.0,0.0,0.0,0.0,0.0,0.0,0.0,1.0,1.500->1.120,VII
frozen_all_data1,P21,scale_8,8.0,20,S,317,1,1,0.0,1.0,0.5619989895426114,0.6337410593661381,1.167409153214965,0.0,0.0,0.0,0.0,1.500->1.120,VII
frozen_all_data1,P21,scale_8,8.0,20,T,317,1,1,0.0,0.12302839116719243,4.129416579847677,4.248991074645485,4.4332398185007005,7.75901480512,9.832643445681269,10.70367718661273,0.8769716088328076,1.500->1.120,VII
frozen_all_data1,P21,scale_8,8.0,20,h,317,1,1,1.0,1.0,0.0,0.0,0.0,0.0,0.0,0.0,1.0,1.500->1.120,VII
frozen_all_data1,P22,infinite,inf,1,S,432,1,1,1.0,1.0,0.0,0.0,0.0,0.0,0.0,0.0,1.0,1.120->0.860,VII
frozen_all_data1,P22,infinite,inf,1,T,432,1,1,1.0,0.8078703703703703,0.0,0.0,0.0,0.04123782682881732,0.227846248416962,1.7276843698888733,0.8078703703703703,1.120->0.860,VII
frozen_all_data1,P22,infinite,inf,1,h,432,1,1,0.9953703703703703,0.9722222222222222,0.005881112381059668,0.0,1.4046255802987804,0.01824119422222171,0.0,2.5386749573357568,0.9768518518518519,1.120->0.860,VII
frozen_all_data1,P22,infinite,inf,5,S,428,1,1,0.955607476635514,1.0,0.004403518087646918,0.0,0.3894340682333377,0.0,0.0,0.0,0.955607476635514,1.120->0.860,VII
frozen_all_data1,P22,infinite,inf,5,T,428,1,1,1.0,0.8060747663551402,0.0,0.0,0.0,0.041623227079553925,0.22977996005260226,1.7276843698888733,0.8060747663551402,1.120->0.860,VII
frozen_all_data1,P22,infinite,inf,5,h,428,1,1,1.0,0.9719626168224299,0.0,0.0,0.0,0.018411672672896676,0.0,2.5386749573357568,0.9719626168224299,1.120->0.860,VII
frozen_all_data1,P22,infinite,inf,10,S,423,1,1,0.054373522458628844,1.0,0.20504557121305045,0.35793593997319156,0.8659886610491123,0.0,0.0,0.0,0.054373522458628844,1.120->0.860,VII
frozen_all_data1,P22,infinite,inf,10,T,423,1,1,0.0,0.8037825059101655,2.1415023208078168,2.441045856198132,2.6841539596034614,0.04211522739964321,0.23219709959715273,1.7276843698888733,0.19621749408983452,1.120->0.860,VII
frozen_all_data1,P22,infinite,inf,10,h,423,1,1,1.0,0.9716312056737588,0.0,0.0,0.0,0.018629304737588125,0.0,2.5386749573357568,0.9716312056737588,1.120->0.860,VII
frozen_all_data1,P22,infinite,inf,20,S,413,1,1,0.0,1.0,0.5320959082558347,0.5849158590939675,1.163052743491249,0.0,0.0,0.0,0.0,1.120->0.860,VII
frozen_all_data1,P22,infinite,inf,20,T,413,1,1,0.0,0.7990314769975787,4.047557450058499,4.117294236246067,4.373484054479344,0.04313496656186218,0.23865763826280612,1.7276843698888733,0.2009685230024213,1.120->0.860,VII
frozen_all_data1,P22,infinite,inf,20,h,413,1,1,1.0,0.9709443099273608,0.0,0.0,0.0,0.019080377491524882,0.0,2.5386749573357568,0.9709443099273608,1.120->0.860,VII
frozen_all_data1,P22,scale_8,8.0,1,S,432,1,1,1.0,1.0,0.0,0.0,0.0,0.0,0.0,0.0,1.0,1.120->0.860,VII
frozen_all_data1,P22,scale_8,8.0,1,T,432,1,1,1.0,0.8078703703703703,0.0,0.0,0.0,0.04123782682881732,0.227846248416962,1.7276843698888733,0.8078703703703703,1.120->0.860,VII
frozen_all_data1,P22,scale_8,8.0,1,h,432,1,1,0.9953703703703703,0.9722222222222222,0.005881112381059668,0.0,1.4046255802987804,0.01824119422222171,0.0,2.5386749573357568,0.9768518518518519,1.120->0.860,VII
frozen_all_data1,P22,scale_8,8.0,5,S,428,1,1,0.955607476635514,1.0,0.004403608848159841,0.0,0.3894398072858942,0.0,0.0,0.0,0.955607476635514,1.120->0.860,VII
frozen_all_data1,P22,scale_8,8.0,5,T,428,1,1,0.17289719626168223,0.8060747663551402,0.33663338557346656,0.44250009033092164,0.6676542573602688,0.041623227079553925,0.22977996005260226,1.7276843698888733,0.36682242990654207,1.120->0.860,VII
frozen_all_data1,P22,scale_8,8.0,5,h,428,1,1,1.0,0.9719626168224299,0.0,0.0,0.0,0.018411672672896676,0.0,2.5386749573357568,0.9719626168224299,1.120->0.860,VII
frozen_all_data1,P22,scale_8,8.0,10,S,423,1,1,0.054373522458628844,1.0,0.20829625369555432,0.3592916021243284,0.8698004587315812,0.0,0.0,0.0,0.054373522458628844,1.120->0.860,VII
frozen_all_data1,P22,scale_8,8.0,10,T,423,1,1,0.0,0.8037825059101655,2.8486311258906793,3.011136524817922,3.2620176045190625,0.04211522739964321,0.23219709959715273,1.7276843698888733,0.19621749408983452,1.120->0.860,VII
frozen_all_data1,P22,scale_8,8.0,10,h,423,1,1,1.0,0.9716312056737588,0.0,0.0,0.0,0.018629304737588125,0.0,2.5386749573357568,0.9716312056737588,1.120->0.860,VII
frozen_all_data1,P22,scale_8,8.0,20,S,413,1,1,0.0,1.0,0.5643931840688535,0.6268736444986707,1.1924480671808158,0.0,0.0,0.0,0.0,1.120->0.860,VII
frozen_all_data1,P22,scale_8,8.0,20,T,413,1,1,0.0,0.7990314769975787,4.142095974522003,4.2221030423747115,4.440467519881377,0.04313496656186218,0.23865763826280612,1.7276843698888733,0.2009685230024213,1.120->0.860,VII
frozen_all_data1,P22,scale_8,8.0,20,h,413,1,1,1.0,0.9709443099273608,0.0,0.0,0.0,0.019080377491524882,0.0,2.5386749573357568,0.9709443099273608,1.120->0.860,VII
frozen_all_data1,P23,infinite,inf,1,S,559,1,1,0.9946332737030411,0.4007155635062612,0.0007892417035939328,0.0,0.18845061437716915,0.3339769970220149,1.2117739105432264,2.3509744340163383,0.40608228980322003,0.860->0.669,VII
frozen_all_data1,P23,infinite,inf,1,T,559,1,1,1.0,1.0,0.0,0.0,0.0,0.0,0.0,0.0,1.0,0.860->0.669,VII
frozen_all_data1,P23,infinite,inf,1,h,559,1,1,1.0,0.9946332737030411,0.0,0.0,0.0,0.0039546821726227956,0.0,1.07183181298897,0.9946332737030411,0.860->0.669,VII
frozen_all_data1,P23,infinite,inf,5,S,555,1,1,1.0,0.4036036036036036,0.0,0.0,0.0,0.32758694927659326,1.192697044795794,1.6398709347041187,0.4036036036036036,0.860->0.669,VII
frozen_all_data1,P23,infinite,inf,5,T,555,1,1,0.16036036036036036,1.0,0.19659930542904677,0.34444391536759694,0.7599420421522027,0.0,0.0,0.0,0.16036036036036036,0.860->0.669,VII
frozen_all_data1,P23,infinite,inf,5,h,555,1,1,1.0,0.9981981981981982,0.0,0.0,0.0,0.000788982300736918,0.0,0.43788517690898954,0.9981981981981982,0.860->0.669,VII
frozen_all_data1,P23,infinite,inf,10,S,550,1,1,0.990909090909091,0.3981818181818182,0.0028313644772558284,0.0,0.5562611166626084,0.33056501245183506,1.1988237303518143,1.6398709347041187,0.4,0.860->0.669,VII
frozen_all_data1,P23,infinite,inf,10,T,550,1,1,0.0,1.0,2.7768442202406405,2.9675596744536796,3.169466483464222,0.0,0.0,0.0,0.0,0.860->0.669,VII
frozen_all_data1,P23,infinite,inf,10,h,550,1,1,1.0,0.9981818181818182,0.0,0.0,0.0,0.0007961548671072537,0.0,0.43788517690898954,0.9981818181818182,0.860->0.669,VII
frozen_all_data1,P23,infinite,inf,20,S,540,1,1,0.001851851851851852,0.387037037037037,0.5254161793617164,0.5547542299536387,1.1599182137413107,0.33668658675649865,1.2099003898583123,1.6398709347041187,0.6111111111111112,0.860->0.669,VII
frozen_all_data1,P23,infinite,inf,20,T,540,1,1,0.0,1.0,4.130429761146991,4.168327890871374,4.430492655575814,0.0,0.0,0.0,0.0,0.860->0.669,VII
frozen_all_data1,P23,infinite,inf,20,h,540,1,1,1.0,0.9981481481481481,0.0,0.0,0.0,0.000810898475757388,0.0,0.43788517690898954,0.9981481481481481,0.860->0.669,VII
frozen_all_data1,P23,scale_8,8.0,1,S,559,1,1,0.998211091234347,0.4007155635062612,0.00033712095595200207,0.0,0.18845061437716915,0.3339769970220149,1.2117739105432264,2.3509744340163383,0.40250447227191416,0.860->0.669,VII
frozen_all_data1,P23,scale_8,8.0,1,T,559,1,1,1.0,1.0,0.0,0.0,0.0,0.0,0.0,0.0,1.0,0.860->0.669,VII
frozen_all_data1,P23,scale_8,8.0,1,h,559,1,1,1.0,0.9946332737030411,0.0,0.0,0.0,0.0039546821726227956,0.0,1.07183181298897,0.9946332737030411,0.860->0.669,VII
frozen_all_data1,P23,scale_8,8.0,5,S,555,1,1,1.0,0.4036036036036036,0.0,0.0,0.0,0.32758694927659326,1.192697044795794,1.6398709347041187,0.4036036036036036,0.860->0.669,VII
frozen_all_data1,P23,scale_8,8.0,5,T,555,1,1,0.07747747747747748,1.0,0.6589287193787944,0.7926961454361767,1.0660161741853984,0.0,0.0,0.0,0.07747747747747748,0.860->0.669,VII
frozen_all_data1,P23,scale_8,8.0,5,h,555,1,1,1.0,0.9981981981981982,0.0,0.0,0.0,0.000788982300736918,0.0,0.43788517690898954,0.9981981981981982,0.860->0.669,VII
frozen_all_data1,P23,scale_8,8.0,10,S,550,1,1,0.990909090909091,0.3981818181818182,0.0028541842077142426,0.0,0.5586678899313451,0.33056501245183506,1.1988237303518143,1.6398709347041187,0.4,0.860->0.669,VII
frozen_all_data1,P23,scale_8,8.0,10,T,550,1,1,0.0,1.0,2.9943304739276044,3.118238522785668,3.348860880172088,0.0,0.0,0.0,0.0,0.860->0.669,VII
frozen_all_data1,P23,scale_8,8.0,10,h,550,1,1,1.0,0.9981818181818182,0.0,0.0,0.0,0.0007961548671072537,0.0,0.43788517690898954,0.9981818181818182,0.860->0.669,VII
frozen_all_data1,P23,scale_8,8.0,20,S,540,1,1,0.001851851851851852,0.387037037037037,0.5376633497978375,0.5669576682818301,1.17082900848709,0.33668658675649865,1.2099003898583123,1.6398709347041187,0.6111111111111112,0.860->0.669,VII
frozen_all_data1,P23,scale_8,8.0,20,T,540,1,1,0.0,1.0,4.158720362863364,4.214036463602953,4.452626742524228,0.0,0.0,0.0,0.0,0.860->0.669,VII
frozen_all_data1,P23,scale_8,8.0,20,h,540,1,1,1.0,0.9981481481481481,0.0,0.0,0.0,0.000810898475757388,0.0,0.43788517690898954,0.9981481481481481,0.860->0.669,VII
frozen_all_data1,P24,infinite,inf,1,S,701,1,1,1.0,0.9900142653352354,0.0,0.0,0.0,0.002011191580974824,0.0,0.32737269905796396,0.9900142653352354,0.669->0.531,VII
frozen_all_data1,P24,infinite,inf,1,T,701,1,1,1.0,1.0,0.0,0.0,0.0,0.0,0.0,0.0,1.0,0.669->0.531,VII
frozen_all_data1,P24,infinite,inf,1,h,701,1,1,1.0,0.992867332382311,0.0,0.0,0.0,0.014337859630660215,0.0,8.587306439410053,0.992867332382311,0.669->0.531,VII
frozen_all_data1,P24,infinite,inf,5,S,697,1,1,1.0,0.9899569583931134,0.0,0.0,0.0,0.002022733569961767,0.0,0.32737269905796396,0.9899569583931134,0.669->0.531,VII
frozen_all_data1,P24,infinite,inf,5,T,697,1,1,0.06025824964131994,1.0,0.9632644533436763,1.1810550767937296,1.8006317766897584,0.0,0.0,0.0,0.06025824964131994,0.669->0.531,VII
frozen_all_data1,P24,infinite,inf,5,h,697,1,1,1.0,0.9971305595408895,0.0,0.0,0.0,0.013319513795633373,0.0,8.587306439410053,0.9971305595408895,0.669->0.531,VII
frozen_all_data1,P24,infinite,inf,10,S,692,1,1,0.16329479768786126,0.9898843930635838,0.05874426809364135,0.14011684285028977,0.6164263800986012,0.0020373486969123577,0.0,0.32737269905796396,0.1531791907514451,0.669->0.531,VII
frozen_all_data1,P24,infinite,inf,10,T,692,1,1,0.0,1.0,3.1189032460335797,3.24918584673899,3.455790275857047,0.0,0.0,0.0,0.0,0.669->0.531,VII
frozen_all_data1,P24,infinite,inf,10,h,692,1,1,1.0,0.9971098265895953,0.0,0.0,0.0,0.013415753057162517,0.0,8.587306439410053,0.9971098265895953,0.669->0.531,VII
frozen_all_data1,P24,infinite,inf,20,S,682,1,1,0.0,0.9897360703812317,0.5589595902924696,0.5885733456562218,1.1625561896766579,0.002067221844960926,0.0,0.32737269905796396,0.010263929618768328,0.669->0.531,VII
frozen_all_data1,P24,infinite,inf,20,T,682,1,1,0.0,1.0,4.17756195962918,4.212462908623422,4.457749468856219,0.0,0.0,0.0,0.0,0.669->0.531,VII
frozen_all_data1,P24,infinite,inf,20,h,682,1,1,1.0,0.9970674486803519,0.0,0.0,0.0,0.01361246497882179,0.0,8.587306439410053,0.9970674486803519,0.669->0.531,VII
frozen_all_data1,P24,scale_8,8.0,1,S,701,1,1,1.0,0.9900142653352354,0.0,0.0,0.0,0.002011191580974824,0.0,0.32737269905796396,0.9900142653352354,0.669->0.531,VII
frozen_all_data1,P24,scale_8,8.0,1,T,701,1,1,1.0,1.0,0.0,0.0,0.0,0.0,0.0,0.0,1.0,0.669->0.531,VII
frozen_all_data1,P24,scale_8,8.0,1,h,701,1,1,1.0,0.992867332382311,0.0,0.0,0.0,0.014337859630660215,0.0,8.587306439410053,0.992867332382311,0.669->0.531,VII
frozen_all_data1,P24,scale_8,8.0,5,S,697,1,1,1.0,0.9899569583931134,0.0,0.0,0.0,0.002022733569961767,0.0,0.32737269905796396,0.9899569583931134,0.669->0.531,VII
frozen_all_data1,P24,scale_8,8.0,5,T,697,1,1,0.05164992826398852,1.0,0.970891285828395,1.1810550767937296,1.8006317766897584,0.0,0.0,0.0,0.05164992826398852,0.669->0.531,VII
frozen_all_data1,P24,scale_8,8.0,5,h,697,1,1,1.0,0.9971305595408895,0.0,0.0,0.0,0.013319513795633373,0.0,8.587306439410053,0.9971305595408895,0.669->0.531,VII
frozen_all_data1,P24,scale_8,8.0,10,S,692,1,1,0.16329479768786126,0.9898843930635838,0.05875282293210795,0.14011684285028977,0.6164263800986012,0.0020373486969123577,0.0,0.32737269905796396,0.1531791907514451,0.669->0.531,VII
frozen_all_data1,P24,scale_8,8.0,10,T,692,1,1,0.0,1.0,3.125916552539605,3.24918584673899,3.455790275857047,0.0,0.0,0.0,0.0,0.669->0.531,VII
frozen_all_data1,P24,scale_8,8.0,10,h,692,1,1,1.0,0.9971098265895953,0.0,0.0,0.0,0.013415753057162517,0.0,8.587306439410053,0.9971098265895953,0.669->0.531,VII
frozen_all_data1,P24,scale_8,8.0,20,S,682,1,1,0.0,0.9897360703812317,0.5593293808871638,0.5894290297591342,1.1625561896766579,0.002067221844960926,0.0,0.32737269905796396,0.010263929618768328,0.669->0.531,VII
frozen_all_data1,P24,scale_8,8.0,20,T,682,1,1,0.0,1.0,4.178718643437686,4.232684267030722,4.457749468856219,0.0,0.0,0.0,0.0,0.669->0.531,VII
frozen_all_data1,P24,scale_8,8.0,20,h,682,1,1,1.0,0.9970674486803519,0.0,0.0,0.0,0.01361246497882179,0.0,8.587306439410053,0.9970674486803519,0.669->0.531,VII
frozen_all_data1,P25,infinite,inf,1,S,878,1,1,0.9977220956719818,0.9749430523917996,0.0016295443924634224,0.0,0.9735941086794586,0.014241586929020068,0.0,2.5786119418923725,0.9772209567198178,0.531->0.427,VII
frozen_all_data1,P25,infinite,inf,1,T,878,1,1,1.0,1.0,0.0,0.0,0.0,0.0,0.0,0.0,1.0,0.531->0.427,VII
frozen_all_data1,P25,infinite,inf,1,h,878,1,1,0.9977220956719818,0.9931662870159453,0.008954275591940893,0.0,7.670333402214689,0.003923112975696946,0.0,1.2839531867680831,0.9908883826879271,0.531->0.427,VII
frozen_all_data1,P25,infinite,inf,5,S,874,1,1,1.0,0.9782608695652174,0.0,0.0,0.0,0.009324429229981564,0.0,0.8180560818597371,0.9782608695652174,0.531->0.427,VII
frozen_all_data1,P25,infinite,inf,5,T,874,1,1,0.013729977116704805,1.0,1.3282222629173026,1.5548698234283227,1.7334882738820503,0.0,0.0,0.0,0.013729977116704805,0.531->0.427,VII
frozen_all_data1,P25,infinite,inf,5,h,874,1,1,0.9988558352402745,0.9931350114416476,0.0009143180685611913,0.0,0.7991139919224812,0.003941067726157802,0.0,1.2839531867680831,0.9919908466819222,0.531->0.427,VII
frozen_all_data1,P25,infinite,inf,10,S,869,1,1,0.09436133486766399,0.9781357882623706,0.06611237165874997,0.10888790054823155,0.6891764194838221,0.009378079570775475,0.0,0.8180560818597371,0.07249712313003452,0.531->0.427,VII
frozen_all_data1,P25,infinite,inf,10,T,869,1,1,0.0,1.0,3.263428872036257,3.3768074456700976,3.5513278048303336,0.0,0.0,0.0,0.0,0.531->0.427,VII
frozen_all_data1,P25,infinite,inf,10,h,869,1,1,1.0,0.9930955120828538,0.0,0.0,0.0,0.003963743604904394,0.0,1.2839531867680831,0.9930955120828538,0.531->0.427,VII
frozen_all_data1,P25,infinite,inf,20,S,859,1,1,0.0,0.9778812572759022,0.5688420358330044,0.6056484257775379,1.1983570373348722,0.009487253954602896,0.0,0.8180560818597371,0.02211874272409779,0.531->0.427,VII
frozen_all_data1,P25,infinite,inf,20,T,859,1,1,0.0,1.0,4.196591406008839,4.218349558635141,4.477246652898819,0.0,0.0,0.0,0.0,0.531->0.427,VII
frozen_all_data1,P25,infinite,inf,20,h,859,1,1,1.0,0.9930151338766007,0.0,0.0,0.0,0.004009887302283957,0.0,1.2839531867680831,0.9930151338766007,0.531->0.427,VII
frozen_all_data1,P25,scale_8,8.0,1,S,878,1,1,1.0,0.9749430523917996,0.0,0.0,0.0,0.014241586929020068,0.0,2.5786119418923725,0.9749430523917996,0.531->0.427,VII
frozen_all_data1,P25,scale_8,8.0,1,T,878,1,1,1.0,1.0,0.0,0.0,0.0,0.0,0.0,0.0,1.0,0.531->0.427,VII
frozen_all_data1,P25,scale_8,8.0,1,h,878,1,1,0.9977220956719818,0.9931662870159453,0.0021889359364881933,0.0,1.7303651847272192,0.003923112975696946,0.0,1.2839531867680831,0.9908883826879271,0.531->0.427,VII
frozen_all_data1,P25,scale_8,8.0,5,S,874,1,1,1.0,0.9782608695652174,0.0,0.0,0.0,0.009324429229981564,0.0,0.8180560818597371,0.9782608695652174,0.531->0.427,VII
frozen_all_data1,P25,scale_8,8.0,5,T,874,1,1,0.013729977116704805,1.0,1.3283956082184,1.5548698234283227,1.7334882738820503,0.0,0.0,0.0,0.013729977116704805,0.531->0.427,VII
frozen_all_data1,P25,scale_8,8.0,5,h,874,1,1,1.0,0.9931350114416476,0.0,0.0,0.0,0.003941067726157802,0.0,1.2839531867680831,0.9931350114416476,0.531->0.427,VII
frozen_all_data1,P25,scale_8,8.0,10,S,869,1,1,0.09436133486766399,0.9781357882623706,0.06611249490453708,0.10888790054823155,0.6891764194838221,0.009378079570775475,0.0,0.8180560818597371,0.07249712313003452,0.531->0.427,VII
frozen_all_data1,P25,scale_8,8.0,10,T,869,1,1,0.0,1.0,3.2638353809178255,3.3768074456700976,3.5513278048303336,0.0,0.0,0.0,0.0,0.531->0.427,VII
frozen_all_data1,P25,scale_8,8.0,10,h,869,1,1,1.0,0.9930955120828538,0.0,0.0,0.0,0.003963743604904394,0.0,1.2839531867680831,0.9930955120828538,0.531->0.427,VII
frozen_all_data1,P25,scale_8,8.0,20,S,859,1,1,0.0,0.9778812572759022,0.5690098011431902,0.6056484257775379,1.1983570373348722,0.009487253954602896,0.0,0.8180560818597371,0.02211874272409779,0.531->0.427,VII
frozen_all_data1,P25,scale_8,8.0,20,T,859,1,1,0.0,1.0,4.196618891140496,4.218349558635141,4.477246652898819,0.0,0.0,0.0,0.0,0.531->0.427,VII
frozen_all_data1,P25,scale_8,8.0,20,h,859,1,1,1.0,0.9930151338766007,0.0,0.0,0.0,0.004009887302283957,0.0,1.2839531867680831,0.9930151338766007,0.531->0.427,VII
frozen_all_data1,P26,infinite,inf,1,S,1069,1,1,1.0,1.0,0.0,0.0,0.0,0.0,0.0,0.0,1.0,0.427->0.350,VII
frozen_all_data1,P26,infinite,inf,1,T,1069,1,1,0.02245088868101029,0.9448082319925164,0.6197026048309968,0.9623529374688518,1.8412003895667883,0.019163522268241032,0.03226319640975026,1.2007290045903605,0.07764265668849392,0.427->0.350,VII
frozen_all_data1,P26,infinite,inf,1,h,1069,1,1,0.9962581852198317,0.9943872778297475,0.006697143625004589,0.0,4.398579904578977,0.02498277103170384,0.0,7.207402488874058,0.9962581852198317,0.427->0.350,VII
frozen_all_data1,P26,infinite,inf,5,S,1065,1,1,0.9990610328638497,1.0,0.0001767843393259541,0.0,0.1882753213821411,0.0,0.0,0.0,0.9990610328638497,0.427->0.350,VII
frozen_all_data1,P26,infinite,inf,5,T,1065,1,1,0.0,0.9446009389671362,2.694743082002185,2.886695040872328,3.2593263079112047,0.019235497938732082,0.03246250677478417,1.2007290045903605,0.05539906103286385,0.427->0.350,VII
frozen_all_data1,P26,infinite,inf,5,h,1065,1,1,1.0,0.9971830985915493,0.0,0.0,0.0,0.018649878965277377,0.0,7.207402488874058,0.9971830985915493,0.427->0.350,VII
frozen_all_data1,P26,infinite,inf,10,S,1060,1,1,0.06132075471698113,1.0,0.10906125017798128,0.21092581166054336,0.6801869390361461,0.0,0.0,0.0,0.06132075471698113,0.427->0.350,VII
frozen_all_data1,P26,infinite,inf,10,T,1060,1,1,0.0,0.9443396226415094,3.745139772070485,3.828512425348211,4.037007582731166,0.01932623141957516,0.03266181713981808,1.2007290045903605,0.05566037735849057,0.427->0.350,VII
frozen_all_data1,P26,infinite,inf,10,h,1060,1,1,1.0,0.9971698113207547,0.0,0.0,0.0,0.018737850092472082,0.0,7.207402488874058,0.9971698113207547,0.427->0.350,VII
frozen_all_data1,P26,infinite,inf,20,S,1050,1,1,0.0,1.0,0.6152297986197176,0.6560620426172299,1.2437577284252743,0.0,0.0,0.0,0.0,0.427->0.350,VII
frozen_all_data1,P26,infinite,inf,20,T,1050,1,1,0.0,0.9447619047619048,4.2547701355388865,4.269274236925032,4.541856540541796,0.019317318443412373,0.032213368818491836,1.2007290045903605,0.05523809523809524,0.427->0.350,VII
frozen_all_data1,P26,infinite,inf,20,h,1050,1,1,1.0,0.9971428571428571,0.0,0.0,0.0,0.01891630580763848,0.0,7.207402488874058,0.9971428571428571,0.427->0.350,VII
frozen_all_data1,P26,scale_8,8.0,1,S,1069,1,1,1.0,1.0,0.0,0.0,0.0,0.0,0.0,0.0,1.0,0.427->0.350,VII
frozen_all_data1,P26,scale_8,8.0,1,T,1069,1,1,0.02245088868101029,0.9448082319925164,0.6197026048309968,0.9623529374688518,1.8412003895667883,0.019163522268241032,0.03226319640975026,1.2007290045903605,0.07764265668849392,0.427->0.350,VII
frozen_all_data1,P26,scale_8,8.0,1,h,1069,1,1,0.9962581852198317,0.9943872778297475,0.006615744796551085,0.0,4.311564556962182,0.02498277103170384,0.0,7.207402488874058,0.9962581852198317,0.427->0.350,VII
frozen_all_data1,P26,scale_8,8.0,5,S,1065,1,1,0.9990610328638497,1.0,0.0001767843393259541,0.0,0.1882753213821411,0.0,0.0,0.0,0.9990610328638497,0.427->0.350,VII
frozen_all_data1,P26,scale_8,8.0,5,T,1065,1,1,0.0,0.9446009389671362,2.694743082002185,2.886695040872328,3.2593263079112047,0.019235497938732082,0.03246250677478417,1.2007290045903605,0.05539906103286385,0.427->0.350,VII
frozen_all_data1,P26,scale_8,8.0,5,h,1065,1,1,1.0,0.9971830985915493,0.0,0.0,0.0,0.018649878965277377,0.0,7.207402488874058,0.9971830985915493,0.427->0.350,VII
frozen_all_data1,P26,scale_8,8.0,10,S,1060,1,1,0.06132075471698113,1.0,0.10906125017798128,0.21092581166054336,0.6801869390361461,0.0,0.0,0.0,0.06132075471698113,0.427->0.350,VII
frozen_all_data1,P26,scale_8,8.0,10,T,1060,1,1,0.0,0.9443396226415094,3.745139772070485,3.828512425348211,4.037007582731166,0.01932623141957516,0.03266181713981808,1.2007290045903605,0.05566037735849057,0.427->0.350,VII
frozen_all_data1,P26,scale_8,8.0,10,h,1060,1,1,1.0,0.9971698113207547,0.0,0.0,0.0,0.018737850092472082,0.0,7.207402488874058,0.9971698113207547,0.427->0.350,VII
frozen_all_data1,P26,scale_8,8.0,20,S,1050,1,1,0.0,1.0,0.6152297986197176,0.6560620426172299,1.2437577284252743,0.0,0.0,0.0,0.0,0.427->0.350,VII
frozen_all_data1,P26,scale_8,8.0,20,T,1050,1,1,0.0,0.9447619047619048,4.2547701355388865,4.269274236925032,4.541856540541796,0.019317318443412373,0.032213368818491836,1.2007290045903605,0.05523809523809524,0.427->0.350,VII
frozen_all_data1,P26,scale_8,8.0,20,h,1050,1,1,1.0,0.9971428571428571,0.0,0.0,0.0,0.01891630580763848,0.0,7.207402488874058,0.9971428571428571,0.427->0.350,VII
leave_one_pass_out,P01,infinite,inf,1,S,866,1,1,0.9988452655889145,1.0,0.0001290647390068557,0.0,0.11177006397993705,0.0,0.0,0.0,0.9988452655889145,0.350->0.215,I
leave_one_pass_out,P01,infinite,inf,1,T,866,1,1,0.005773672055427252,0.76905311778291,0.8554266613909188,1.2497319626471703,1.7054596938484998,0.04905873337417101,0.3771541053408012,0.9180025557191303,0.23672055427251731,0.350->0.215,I
leave_one_pass_out,P01,infinite,inf,1,h,866,1,1,1.0,0.9872979214780601,0.0,0.0,0.0,0.0033496518229423457,0.0,1.3978039871218506,0.9872979214780601,0.350->0.215,I
leave_one_pass_out,P01,infinite,inf,5,S,862,1,1,0.46635730858468677,1.0,0.04625915091631531,0.1634598269175195,0.7495491913871524,0.0,0.0,0.0,0.46635730858468677,0.350->0.215,I
leave_one_pass_out,P01,infinite,inf,5,T,862,1,1,0.0,0.7679814385150812,2.8486570019143262,3.0665085556313105,3.2682207644721544,0.049286384109085944,0.3803717794206987,0.9180025557191303,0.23201856148491878,0.350->0.215,I
leave_one_pass_out,P01,infinite,inf,5,h,862,1,1,1.0,0.9907192575406032,0.0,0.0,0.0,0.0005366329904007517,0.0,0.12671668091041077,0.9907192575406032,0.350->0.215,I
leave_one_pass_out,P01,infinite,inf,10,S,857,1,1,0.0011668611435239206,1.0,0.3273315194569423,0.41899459295794245,1.0210199627606786,0.0,0.0,0.0,0.0011668611435239206,0.350->0.215,I
leave_one_pass_out,P01,infinite,inf,10,T,857,1,1,0.0,0.7689614935822637,3.8634388336855565,3.963081909913421,4.165745242208162,0.04900113319683838,0.3811761979406745,0.9180025557191303,0.2310385064177363,0.350->0.215,I
leave_one_pass_out,P01,infinite,inf,10,h,857,1,1,1.0,0.9906651108518086,0.0,0.0,0.0,0.0005397638713249102,0.0,0.12671668091041077,0.9906651108518086,0.350->0.215,I
leave_one_pass_out,P01,infinite,inf,20,S,847,1,1,0.0,1.0,0.6360907296597027,0.7750589474418935,1.2696957061606582,0.0,0.0,0.0,0.0,0.350->0.215,I
leave_one_pass_out,P01,infinite,inf,20,T,847,1,1,0.0,0.7674144037780402,4.35480433022653,4.372703750902961,4.65868211991227,0.048993854752143906,0.3763496868208254,0.9180025557191303,0.23258559622195984,0.350->0.215,I
leave_one_pass_out,P01,infinite,inf,20,h,847,1,1,1.0,0.9905548996458088,0.0,0.0,0.0,0.0005461365262401984,0.0,0.12671668091041077,0.9905548996458088,0.350->0.215,I
leave_one_pass_out,P01,scale_8,8.0,1,S,866,1,1,0.9988452655889145,1.0,0.0001290647390068557,0.0,0.11177006397993705,0.0,0.0,0.0,0.9988452655889145,0.350->0.215,I
leave_one_pass_out,P01,scale_8,8.0,1,T,866,1,1,0.005773672055427252,0.76905311778291,0.8554266613909188,1.2497319626471703,1.7054596938484998,0.04905873337417101,0.3771541053408012,0.9180025557191303,0.23672055427251731,0.350->0.215,I
leave_one_pass_out,P01,scale_8,8.0,1,h,866,1,1,1.0,0.9872979214780601,0.0,0.0,0.0,0.0033496518229423457,0.0,1.3978039871218506,0.9872979214780601,0.350->0.215,I
leave_one_pass_out,P01,scale_8,8.0,5,S,862,1,1,0.46635730858468677,1.0,0.04625915091631531,0.1634598269175195,0.7495491913871524,0.0,0.0,0.0,0.46635730858468677,0.350->0.215,I
leave_one_pass_out,P01,scale_8,8.0,5,T,862,1,1,0.0,0.7679814385150812,2.8486570019143262,3.0665085556313105,3.2682207644721544,0.049286384109085944,0.3803717794206987,0.9180025557191303,0.23201856148491878,0.350->0.215,I
leave_one_pass_out,P01,scale_8,8.0,5,h,862,1,1,1.0,0.9907192575406032,0.0,0.0,0.0,0.0005366329904007517,0.0,0.12671668091041077,0.9907192575406032,0.350->0.215,I
leave_one_pass_out,P01,scale_8,8.0,10,S,857,1,1,0.0011668611435239206,1.0,0.3273315194569423,0.41899459295794245,1.0210199627606786,0.0,0.0,0.0,0.0011668611435239206,0.350->0.215,I
leave_one_pass_out,P01,scale_8,8.0,10,T,857,1,1,0.0,0.7689614935822637,3.8634388336855565,3.963081909913421,4.165745242208162,0.04900113319683838,0.3811761979406745,0.9180025557191303,0.2310385064177363,0.350->0.215,I
leave_one_pass_out,P01,scale_8,8.0,10,h,857,1,1,1.0,0.9906651108518086,0.0,0.0,0.0,0.0005397638713249102,0.0,0.12671668091041077,0.9906651108518086,0.350->0.215,I
leave_one_pass_out,P01,scale_8,8.0,20,S,847,1,1,0.0,1.0,0.6360907296597027,0.7750589474418935,1.2696957061606582,0.0,0.0,0.0,0.0,0.350->0.215,I
leave_one_pass_out,P01,scale_8,8.0,20,T,847,1,1,0.0,0.7674144037780402,4.35480433022653,4.372703750902961,4.65868211991227,0.048993854752143906,0.3763496868208254,0.9180025557191303,0.23258559622195984,0.350->0.215,I
leave_one_pass_out,P01,scale_8,8.0,20,h,847,1,1,1.0,0.9905548996458088,0.0,0.0,0.0,0.0005461365262401984,0.0,0.12671668091041077,0.9905548996458088,0.350->0.215,I
leave_one_pass_out,P02,infinite,inf,1,S,1124,1,1,0.9537366548042705,1.0,0.0015356099423785021,0.0,0.16981378084724152,0.0,0.0,0.0,0.9537366548042705,0.215->0.163,I
leave_one_pass_out,P02,infinite,inf,1,T,1124,1,1,0.8905693950177936,0.9991103202846975,0.01906573710838238,0.12351769264953667,0.9439135020775522,9.448884628198925e-05,0.0,0.10620546322095592,0.891459074733096,0.215->0.163,I
leave_one_pass_out,P02,infinite,inf,1,h,1124,1,1,0.9973309608540926,0.8994661921708185,0.0003210482601226177,0.0,0.2831766901935975,0.029511736290933607,0.2176110287909328,2.3092933778642304,0.8985765124555161,0.215->0.163,I
leave_one_pass_out,P02,infinite,inf,5,S,1120,1,1,0.07142857142857142,1.0,0.16077272137961438,0.2967556755572322,0.8012208113977858,0.0,0.0,0.0,0.07142857142857142,0.215->0.163,I
leave_one_pass_out,P02,infinite,inf,5,T,1120,1,1,0.0,0.9991071428571429,2.329133445677686,2.5334497910049434,2.84642979695165,9.482630644728208e-05,0.0,0.10620546322095592,0.0008928571428571428,0.215->0.163,I
leave_one_pass_out,P02,infinite,inf,5,h,1120,1,1,1.0,0.8991071428571429,0.0,0.0,0.0,0.029617135349115514,0.2218981091309835,2.3092933778642304,0.8991071428571429,0.215->0.163,I
leave_one_pass_out,P02,infinite,inf,10,S,1115,1,1,0.021524663677130046,1.0,0.37146739807146467,0.4299423631088341,0.9618058736401487,0.0,0.0,0.0,0.021524663677130046,0.215->0.163,I
leave_one_pass_out,P02,infinite,inf,10,T,1115,1,1,0.0,0.9991031390134529,3.622710864622077,3.715889984953584,3.943162571369223,9.52515365210367e-05,0.0,0.10620546322095592,0.0008968609865470852,0.215->0.163,I
leave_one_pass_out,P02,infinite,inf,10,h,1115,1,1,1.0,0.8986547085201794,0.0,0.0,0.0,0.029749947615255044,0.22295682259074734,2.3092933778642304,0.8986547085201794,0.215->0.163,I
leave_one_pass_out,P02,infinite,inf,20,S,1105,1,1,0.0,1.0,0.6231605538752282,0.6783581071783156,1.2535049763409134,0.0,0.0,0.0,0.0,0.215->0.163,I
leave_one_pass_out,P02,infinite,inf,20,T,1105,1,1,0.0,0.9990950226244344,4.2353327850190094,4.251050354318556,4.529053237063567,9.61135413764307e-05,0.0,0.10620546322095592,0.0009049773755656109,0.215->0.163,I
leave_one_pass_out,P02,infinite,inf,20,h,1105,1,1,1.0,0.897737556561086,0.0,0.0,0.0,0.030019177910415723,0.225074249510275,2.3092933778642304,0.897737556561086,0.215->0.163,I
leave_one_pass_out,P02,scale_8,8.0,1,S,1124,1,1,0.9537366548042705,1.0,0.0015356099423785021,0.0,0.16981378084724152,0.0,0.0,0.0,0.9537366548042705,0.215->0.163,I
leave_one_pass_out,P02,scale_8,8.0,1,T,1124,1,1,0.8905693950177936,0.9991103202846975,0.01906573710838238,0.12351769264953667,0.9439135020775522,9.448884628198925e-05,0.0,0.10620546322095592,0.891459074733096,0.215->0.163,I
leave_one_pass_out,P02,scale_8,8.0,1,h,1124,1,1,0.9973309608540926,0.8994661921708185,0.0003210482601226177,0.0,0.2831766901935975,0.029511736290933607,0.2176110287909328,2.3092933778642304,0.8985765124555161,0.215->0.163,I
leave_one_pass_out,P02,scale_8,8.0,5,S,1120,1,1,0.07142857142857142,1.0,0.16077272137961438,0.2967556755572322,0.8012208113977858,0.0,0.0,0.0,0.07142857142857142,0.215->0.163,I
leave_one_pass_out,P02,scale_8,8.0,5,T,1120,1,1,0.0,0.9991071428571429,2.329133445677686,2.5334497910049434,2.84642979695165,9.482630644728208e-05,0.0,0.10620546322095592,0.0008928571428571428,0.215->0.163,I
leave_one_pass_out,P02,scale_8,8.0,5,h,1120,1,1,1.0,0.8991071428571429,0.0,0.0,0.0,0.029617135349115514,0.2218981091309835,2.3092933778642304,0.8991071428571429,0.215->0.163,I
leave_one_pass_out,P02,scale_8,8.0,10,S,1115,1,1,0.021524663677130046,1.0,0.37146739807146467,0.4299423631088341,0.9618058736401487,0.0,0.0,0.0,0.021524663677130046,0.215->0.163,I
leave_one_pass_out,P02,scale_8,8.0,10,T,1115,1,1,0.0,0.9991031390134529,3.622710864622077,3.715889984953584,3.943162571369223,9.52515365210367e-05,0.0,0.10620546322095592,0.0008968609865470852,0.215->0.163,I
leave_one_pass_out,P02,scale_8,8.0,10,h,1115,1,1,1.0,0.8986547085201794,0.0,0.0,0.0,0.029749947615255044,0.22295682259074734,2.3092933778642304,0.8986547085201794,0.215->0.163,I
leave_one_pass_out,P02,scale_8,8.0,20,S,1105,1,1,0.0,1.0,0.6231605538752282,0.6783581071783156,1.2535049763409134,0.0,0.0,0.0,0.0,0.215->0.163,I
leave_one_pass_out,P02,scale_8,8.0,20,T,1105,1,1,0.0,0.9990950226244344,4.2353327850190094,4.251050354318556,4.529053237063567,9.61135413764307e-05,0.0,0.10620546322095592,0.0009049773755656109,0.215->0.163,I
leave_one_pass_out,P02,scale_8,8.0,20,h,1105,1,1,1.0,0.897737556561086,0.0,0.0,0.0,0.030019177910415723,0.225074249510275,2.3092933778642304,0.897737556561086,0.215->0.163,I
leave_one_pass_out,P03,infinite,inf,1,S,1458,1,1,1.0,1.0,0.0,0.0,0.0,0.0,0.0,0.0,1.0,0.163->0.126,I
leave_one_pass_out,P03,infinite,inf,1,T,1458,1,1,0.009602194787379973,0.7517146776406035,0.9123008021921555,1.2794490149921864,2.129065476252306,0.055684414361920995,0.3153547519273542,1.5268572895510482,0.2578875171467764,0.163->0.126,I
leave_one_pass_out,P03,infinite,inf,1,h,1458,1,1,0.9986282578875172,0.8957475994513031,6.385789912439074e-05,0.0,0.06278968698517473,0.025762118043521184,0.1787897711917574,1.3336974016248364,0.8943758573388203,0.163->0.126,I
leave_one_pass_out,P03,infinite,inf,5,S,1454,1,1,0.9910591471801926,1.0,0.0007013981829590804,0.0,0.34981414442089886,0.0,0.0,0.0,0.9910591471801926,0.163->0.126,I
leave_one_pass_out,P03,infinite,inf,5,T,1454,1,1,0.0,0.7517193947730398,2.9256331556875,3.1096079302948056,3.4479391725953965,0.05580140042679117,0.31546737780017287,1.5268572895510482,0.2482806052269601,0.163->0.126,I
leave_one_pass_out,P03,infinite,inf,5,h,1454,1,1,1.0,0.8975240715268226,0.0,0.0,0.0,0.02448289025989874,0.17407613732312072,0.9150552123638478,0.8975240715268226,0.163->0.126,I
leave_one_pass_out,P03,infinite,inf,10,S,1449,1,1,0.016563146997929608,1.0,0.23865579322411734,0.32898390747199235,0.8588835438291593,0.0,0.0,0.0,0.016563146997929608,0.163->0.126,I
leave_one_pass_out,P03,infinite,inf,10,T,1449,1,1,0.0,0.7508626639061422,3.9399795234585384,4.02103152482572,4.124968885232989,0.055993951843032685,0.3156081601411962,1.5268572895510482,0.24913733609385783,0.163->0.126,I
leave_one_pass_out,P03,infinite,inf,10,h,1449,1,1,1.0,0.8971704623878537,0.0,0.0,0.0,0.02456737228287976,0.17428579435156466,0.9150552123638478,0.8971704623878537,0.163->0.126,I
leave_one_pass_out,P03,infinite,inf,20,S,1439,1,1,0.0,1.0,0.6158473283707573,0.6342557714046115,1.243368371984583,0.0,0.0,0.0,0.0,0.163->0.126,I
leave_one_pass_out,P03,infinite,inf,20,T,1439,1,1,0.0,0.7505211952744962,4.424784616888166,4.440203647463413,4.548560703226833,0.05595315710150555,0.31532659545914954,1.5268572895510482,0.24947880472550382,0.163->0.126,I
leave_one_pass_out,P03,infinite,inf,20,h,1439,1,1,1.0,0.896455872133426,0.0,0.0,0.0,0.024738097594088095,0.17498372608356888,0.9150552123638478,0.896455872133426,0.163->0.126,I
leave_one_pass_out,P03,scale_8,8.0,1,S,1458,1,1,1.0,1.0,0.0,0.0,0.0,0.0,0.0,0.0,1.0,0.163->0.126,I
leave_one_pass_out,P03,scale_8,8.0,1,T,1458,1,1,0.009602194787379973,0.7517146776406035,0.9123008021921555,1.2794490149921864,2.129065476252306,0.055684414361920995,0.3153547519273542,1.5268572895510482,0.2578875171467764,0.163->0.126,I
leave_one_pass_out,P03,scale_8,8.0,1,h,1458,1,1,0.9986282578875172,0.8957475994513031,6.385789912439074e-05,0.0,0.06278968698517473,0.025762118043521184,0.1787897711917574,1.3336974016248364,0.8943758573388203,0.163->0.126,I
leave_one_pass_out,P03,scale_8,8.0,5,S,1454,1,1,0.9910591471801926,1.0,0.0007013981829590804,0.0,0.34981414442089886,0.0,0.0,0.0,0.9910591471801926,0.163->0.126,I
leave_one_pass_out,P03,scale_8,8.0,5,T,1454,1,1,0.0,0.7517193947730398,2.9256331556875,3.1096079302948056,3.4479391725953965,0.05580140042679117,0.31546737780017287,1.5268572895510482,0.2482806052269601,0.163->0.126,I
leave_one_pass_out,P03,scale_8,8.0,5,h,1454,1,1,1.0,0.8975240715268226,0.0,0.0,0.0,0.02448289025989874,0.17407613732312072,0.9150552123638478,0.8975240715268226,0.163->0.126,I
leave_one_pass_out,P03,scale_8,8.0,10,S,1449,1,1,0.016563146997929608,1.0,0.23865579322411734,0.32898390747199235,0.8588835438291593,0.0,0.0,0.0,0.016563146997929608,0.163->0.126,I
leave_one_pass_out,P03,scale_8,8.0,10,T,1449,1,1,0.0,0.7508626639061422,3.9399795234585384,4.02103152482572,4.124968885232989,0.055993951843032685,0.3156081601411962,1.5268572895510482,0.24913733609385783,0.163->0.126,I
leave_one_pass_out,P03,scale_8,8.0,10,h,1449,1,1,1.0,0.8971704623878537,0.0,0.0,0.0,0.02456737228287976,0.17428579435156466,0.9150552123638478,0.8971704623878537,0.163->0.126,I
leave_one_pass_out,P03,scale_8,8.0,20,S,1439,1,1,0.0,1.0,0.6158473283707573,0.6342557714046115,1.243368371984583,0.0,0.0,0.0,0.0,0.163->0.126,I
leave_one_pass_out,P03,scale_8,8.0,20,T,1439,1,1,0.0,0.7505211952744962,4.424784616888166,4.440203647463413,4.548560703226833,0.05595315710150555,0.31532659545914954,1.5268572895510482,0.24947880472550382,0.163->0.126,I
leave_one_pass_out,P03,scale_8,8.0,20,h,1439,1,1,1.0,0.896455872133426,0.0,0.0,0.0,0.024738097594088095,0.17498372608356888,0.9150552123638478,0.896455872133426,0.163->0.126,I
leave_one_pass_out,P04,infinite,inf,1,S,1864,1,1,0.6646995708154506,0.9957081545064378,0.017705976414620336,0.09408559966407191,0.2007972658689492,8.148077833568716e-05,0.0,0.06273767861818125,0.6689914163090128,0.126->0.098,I
leave_one_pass_out,P04,infinite,inf,1,T,1864,1,1,0.28165236051502146,0.9967811158798283,0.15480737712844347,0.4863457714928361,1.1414783140727716,0.00029489854757975745,0.0,0.2844721357739166,0.28487124463519314,0.126->0.098,I
leave_one_pass_out,P04,infinite,inf,1,h,1864,1,1,0.9973175965665236,0.9109442060085837,0.0016523530485681272,0.0,2.783716686000884,0.03295175487910324,0.17363719373314151,10.043003639585205,0.9114806866952789,0.126->0.098,I
leave_one_pass_out,P04,infinite,inf,5,S,1860,1,1,0.0935483870967742,0.9956989247311828,0.21772044725681872,0.34453525195248136,0.5353030648365262,8.165600581597896e-05,0.0,0.06273767861818125,0.0978494623655914,0.126->0.098,I
leave_one_pass_out,P04,infinite,inf,5,T,1860,1,1,0.0,0.9967741935483871,2.4873999010184775,2.6772868885915084,2.94734680244822,0.00029553273800466014,0.0,0.2844721357739166,0.0032258064516129032,0.126->0.098,I
leave_one_pass_out,P04,infinite,inf,5,h,1860,1,1,1.0,0.910752688172043,0.0,0.0,0.0,0.03302261886809056,0.17371257864865108,10.043003639585205,0.910752688172043,0.126->0.098,I
leave_one_pass_out,P04,infinite,inf,10,S,1855,1,1,0.012398921832884097,0.9956873315363881,0.38815168832580277,0.44922176321424606,0.9360848645948355,8.187610286669589e-05,0.0,0.06273767861818125,0.016711590296495958,0.126->0.098,I
leave_one_pass_out,P04,infinite,inf,10,T,1855,1,1,0.0,0.9967654986522911,3.6777844522401293,3.7564876972995465,3.962321765125111,0.0002963293222041336,0.0,0.2844721357739166,0.003234501347708895,0.126->0.098,I
leave_one_pass_out,P04,infinite,inf,10,h,1855,1,1,1.0,0.9105121293800539,0.0,0.0,0.0,0.033111628622452,0.17371257864865108,10.043003639585205,0.9105121293800539,0.126->0.098,I
leave_one_pass_out,P04,infinite,inf,20,S,1845,1,1,0.0,0.9956639566395664,0.622360047831818,0.6411724783018329,1.241112423253919,8.231987578196253e-05,0.0,0.06273767861818125,0.004336043360433604,0.126->0.098,I
leave_one_pass_out,P04,infinite,inf,20,T,1845,1,1,0.0,0.997289972899729,4.232662637845533,4.244223994786807,4.534759866924726,0.0002487949957841525,0.0,0.2844721357739166,0.0027100271002710027,0.126->0.098,I
leave_one_pass_out,P04,infinite,inf,20,h,1845,1,1,1.0,0.9100271002710028,0.0,0.0,0.0,0.0332910954442539,0.17371257864865108,10.043003639585205,0.9100271002710028,0.126->0.098,I
leave_one_pass_out,P04,scale_8,8.0,1,S,1864,1,1,0.6646995708154506,0.9957081545064378,0.017705976414620336,0.09408559966407191,0.2007972658689492,8.148077833568716e-05,0.0,0.06273767861818125,0.6689914163090128,0.126->0.098,I
leave_one_pass_out,P04,scale_8,8.0,1,T,1864,1,1,0.28165236051502146,0.9967811158798283,0.15480737712844347,0.4863457714928361,1.1414783140727716,0.00029489854757975745,0.0,0.2844721357739166,0.28487124463519314,0.126->0.098,I
leave_one_pass_out,P04,scale_8,8.0,1,h,1864,1,1,0.9973175965665236,0.9109442060085837,0.0016523530485681272,0.0,2.783716686000884,0.03295175487910324,0.17363719373314151,10.043003639585205,0.9114806866952789,0.126->0.098,I
leave_one_pass_out,P04,scale_8,8.0,5,S,1860,1,1,0.0935483870967742,0.9956989247311828,0.21772044725681872,0.34453525195248136,0.5353030648365262,8.165600581597896e-05,0.0,0.06273767861818125,0.0978494623655914,0.126->0.098,I
leave_one_pass_out,P04,scale_8,8.0,5,T,1860,1,1,0.0,0.9967741935483871,2.4873999010184775,2.6772868885915084,2.94734680244822,0.00029553273800466014,0.0,0.2844721357739166,0.0032258064516129032,0.126->0.098,I
leave_one_pass_out,P04,scale_8,8.0,5,h,1860,1,1,1.0,0.910752688172043,0.0,0.0,0.0,0.03302261886809056,0.17371257864865108,10.043003639585205,0.910752688172043,0.126->0.098,I
leave_one_pass_out,P04,scale_8,8.0,10,S,1855,1,1,0.012398921832884097,0.9956873315363881,0.38815168832580277,0.44922176321424606,0.9360848645948355,8.187610286669589e-05,0.0,0.06273767861818125,0.016711590296495958,0.126->0.098,I
leave_one_pass_out,P04,scale_8,8.0,10,T,1855,1,1,0.0,0.9967654986522911,3.6777844522401293,3.7564876972995465,3.962321765125111,0.0002963293222041336,0.0,0.2844721357739166,0.003234501347708895,0.126->0.098,I
leave_one_pass_out,P04,scale_8,8.0,10,h,1855,1,1,1.0,0.9105121293800539,0.0,0.0,0.0,0.033111628622452,0.17371257864865108,10.043003639585205,0.9105121293800539,0.126->0.098,I
leave_one_pass_out,P04,scale_8,8.0,20,S,1845,1,1,0.0,0.9956639566395664,0.622360047831818,0.6411724783018329,1.241112423253919,8.231987578196253e-05,0.0,0.06273767861818125,0.004336043360433604,0.126->0.098,I
leave_one_pass_out,P04,scale_8,8.0,20,T,1845,1,1,0.0,0.997289972899729,4.232662637845533,4.244223994786807,4.534759866924726,0.0002487949957841525,0.0,0.2844721357739166,0.0027100271002710027,0.126->0.098,I
leave_one_pass_out,P04,scale_8,8.0,20,h,1845,1,1,1.0,0.9100271002710028,0.0,0.0,0.0,0.0332910954442539,0.17371257864865108,10.043003639585205,0.9100271002710028,0.126->0.098,I
leave_one_pass_out,P12,infinite,inf,1,S,1385,1,2,0.45126353790613716,0.5992779783393501,0.1047739007145417,0.30822385084934534,0.4387676844204299,0.046981131804805884,0.21505777680904664,0.38922946408885906,0.851985559566787,0.098->0.069,IV
leave_one_pass_out,P12,infinite,inf,1,T,1385,1,2,1.0,1.0,0.0,0.0,0.0,0.0,0.0,0.0,1.0,0.098->0.069,IV
leave_one_pass_out,P12,infinite,inf,1,h,1385,1,2,0.9898916967509025,0.9328519855595668,0.0011476246487250757,0.0,0.3301216986181619,0.01711039976426799,0.07962180394954353,1.148464267925324,0.9371841155234657,0.098->0.069,IV
leave_one_pass_out,P12,infinite,inf,5,S,1377,1,2,0.0457516339869281,0.5969498910675382,0.29352321692921557,0.4679228131895865,0.6274964095388,0.047254079556758276,0.21536150510582464,0.38922946408885906,0.44880174291938996,0.098->0.069,IV
leave_one_pass_out,P12,infinite,inf,5,T,1377,1,2,0.0007262164124909223,1.0,1.5980831229932517,1.7043242216318557,1.949907431666499,0.0,0.0,0.0,0.0007262164124909223,0.098->0.069,IV
leave_one_pass_out,P12,infinite,inf,5,h,1377,1,2,1.0,0.9331880900508351,0.0,0.0,0.0,0.0171082023840802,0.0771483313207857,1.148464267925324,0.9331880900508351,0.098->0.069,IV
leave_one_pass_out,P12,infinite,inf,10,S,1371,1,1,0.0,0.5951859956236324,0.4688875623515542,0.5365644233539968,0.9791216524292429,0.04746088078020142,0.21564977525383927,0.38922946408885906,0.4048140043763676,0.098->0.069,IV
leave_one_pass_out,P12,infinite,inf,10,T,1371,1,1,0.0,1.0,3.3700826036397453,3.438743021551902,3.697767567386282,0.0,0.0,0.0,0.0,0.098->0.069,IV
leave_one_pass_out,P12,infinite,inf,10,h,1371,1,1,1.0,0.9328956965718453,0.0,0.0,0.0,0.017183074166942695,0.07838506763516462,1.148464267925324,0.9328956965718453,0.098->0.069,IV
leave_one_pass_out,P12,infinite,inf,20,S,1361,1,1,0.0,0.5922116091109478,0.6874970960385498,0.750268312824273,1.305428001854296,0.047809601432517376,0.2161302255005304,0.38922946408885906,0.40778839088905217,0.098->0.069,IV
leave_one_pass_out,P12,infinite,inf,20,T,1361,1,1,0.0,1.0,4.200502475567163,4.215033732542498,4.495397434107881,0.0,0.0,0.0,0.0,0.098->0.069,IV
leave_one_pass_out,P12,infinite,inf,20,h,1361,1,1,1.0,0.9324026451138868,0.0,0.0,0.0,0.017309327467214135,0.08044629482579646,1.148464267925324,0.9324026451138868,0.098->0.069,IV
leave_one_pass_out,P12,scale_8,8.0,1,S,1385,1,2,0.45126353790613716,0.5992779783393501,0.1047739007145417,0.30822385084934534,0.4387676844204299,0.046981131804805884,0.21505777680904664,0.38922946408885906,0.851985559566787,0.098->0.069,IV
leave_one_pass_out,P12,scale_8,8.0,1,T,1385,1,2,1.0,1.0,0.0,0.0,0.0,0.0,0.0,0.0,1.0,0.098->0.069,IV
leave_one_pass_out,P12,scale_8,8.0,1,h,1385,1,2,0.9898916967509025,0.9328519855595668,0.0011476246487250757,0.0,0.3301216986181619,0.01711039976426799,0.07962180394954353,1.148464267925324,0.9371841155234657,0.098->0.069,IV
leave_one_pass_out,P12,scale_8,8.0,5,S,1377,1,2,0.0457516339869281,0.5969498910675382,0.29352321692921557,0.4679228131895865,0.6274964095388,0.047254079556758276,0.21536150510582464,0.38922946408885906,0.44880174291938996,0.098->0.069,IV
leave_one_pass_out,P12,scale_8,8.0,5,T,1377,1,2,0.0007262164124909223,1.0,1.5980831229932517,1.7043242216318557,1.949907431666499,0.0,0.0,0.0,0.0007262164124909223,0.098->0.069,IV
leave_one_pass_out,P12,scale_8,8.0,5,h,1377,1,2,1.0,0.9331880900508351,0.0,0.0,0.0,0.0171082023840802,0.0771483313207857,1.148464267925324,0.9331880900508351,0.098->0.069,IV
leave_one_pass_out,P12,scale_8,8.0,10,S,1371,1,1,0.0,0.5951859956236324,0.4688875623515542,0.5365644233539968,0.9791216524292429,0.04746088078020142,0.21564977525383927,0.38922946408885906,0.4048140043763676,0.098->0.069,IV
leave_one_pass_out,P12,scale_8,8.0,10,T,1371,1,1,0.0,1.0,3.3700826036397453,3.438743021551902,3.697767567386282,0.0,0.0,0.0,0.0,0.098->0.069,IV
leave_one_pass_out,P12,scale_8,8.0,10,h,1371,1,1,1.0,0.9328956965718453,0.0,0.0,0.0,0.017183074166942695,0.07838506763516462,1.148464267925324,0.9328956965718453,0.098->0.069,IV
leave_one_pass_out,P12,scale_8,8.0,20,S,1361,1,1,0.0,0.5922116091109478,0.6874970960385498,0.750268312824273,1.305428001854296,0.047809601432517376,0.2161302255005304,0.38922946408885906,0.40778839088905217,0.098->0.069,IV
leave_one_pass_out,P12,scale_8,8.0,20,T,1361,1,1,0.0,1.0,4.200502475567163,4.215033732542498,4.495397434107881,0.0,0.0,0.0,0.0,0.098->0.069,IV
leave_one_pass_out,P12,scale_8,8.0,20,h,1361,1,1,1.0,0.9324026451138868,0.0,0.0,0.0,0.017309327467214135,0.08044629482579646,1.148464267925324,0.9324026451138868,0.098->0.069,IV
leave_one_pass_out,P13,infinite,inf,1,S,1764,1,2,0.9994331065759637,1.0,2.559388037661829e-06,0.0,0.004514760498435466,0.0,0.0,0.0,0.9994331065759637,0.069->0.052,IV
leave_one_pass_out,P13,infinite,inf,1,T,1764,1,2,1.0,1.0,0.0,0.0,0.0,0.0,0.0,0.0,1.0,0.069->0.052,IV
leave_one_pass_out,P13,infinite,inf,1,h,1764,1,2,0.9892290249433107,0.971655328798186,0.004498218864536149,0.0,1.3949972568687068,0.016641884818013854,0.0,2.6139147334819457,0.9801587301587301,0.069->0.052,IV
leave_one_pass_out,P13,infinite,inf,5,S,1756,1,1,0.3439635535307517,1.0,0.08014742282373252,0.22600701497753908,0.4423800018855417,0.0,0.0,0.0,0.3439635535307517,0.069->0.052,IV
leave_one_pass_out,P13,infinite,inf,5,T,1756,1,1,0.003986332574031891,1.0,1.4963950974905151,1.5854978328132536,1.8135980049879041,0.0,0.0,0.0,0.003986332574031891,0.069->0.052,IV
leave_one_pass_out,P13,infinite,inf,5,h,1756,1,1,1.0,0.9738041002277904,0.0,0.0,0.0,0.012587421787287731,0.0,2.0099425326313836,0.9738041002277904,0.069->0.052,IV
leave_one_pass_out,P13,infinite,inf,10,S,1751,1,1,0.015419760137064534,1.0,0.31441005216606777,0.38011429755498954,0.9499076740062248,0.0,0.0,0.0,0.015419760137064534,0.069->0.052,IV
leave_one_pass_out,P13,infinite,inf,10,T,1751,1,1,0.0,1.0,3.3329679693482657,3.3867459546586316,3.64706133385754,0.0,0.0,0.0,0.0,0.069->0.052,IV
leave_one_pass_out,P13,infinite,inf,10,h,1751,1,1,1.0,0.9737292975442604,0.0,0.0,0.0,0.012623365310381073,0.0,2.0099425326313836,0.9737292975442604,0.069->0.052,IV
leave_one_pass_out,P13,infinite,inf,20,S,1741,1,1,0.0,1.0,0.5761118643204535,0.5938567973605573,1.2263782384912516,0.0,0.0,0.0,0.0,0.069->0.052,IV
leave_one_pass_out,P13,infinite,inf,20,T,1741,1,1,0.0,1.0,4.190700893280723,4.1997340569412405,4.488899532189813,0.0,0.0,0.0,0.0,0.069->0.052,IV
leave_one_pass_out,P13,infinite,inf,20,h,1741,1,1,1.0,0.9735784032165422,0.0,0.0,0.0,0.012695871716529155,0.0,2.0099425326313836,0.9735784032165422,0.069->0.052,IV
leave_one_pass_out,P13,scale_8,8.0,1,S,1764,1,2,0.9994331065759637,1.0,2.559388037661829e-06,0.0,0.004514760498435466,0.0,0.0,0.0,0.9994331065759637,0.069->0.052,IV
leave_one_pass_out,P13,scale_8,8.0,1,T,1764,1,2,1.0,1.0,0.0,0.0,0.0,0.0,0.0,0.0,1.0,0.069->0.052,IV
leave_one_pass_out,P13,scale_8,8.0,1,h,1764,1,2,0.9892290249433107,0.971655328798186,0.004498218864536149,0.0,1.3949972568687068,0.016641884818013854,0.0,2.6139147334819457,0.9801587301587301,0.069->0.052,IV
leave_one_pass_out,P13,scale_8,8.0,5,S,1756,1,1,0.3439635535307517,1.0,0.08014742282373252,0.22600701497753908,0.4423800018855417,0.0,0.0,0.0,0.3439635535307517,0.069->0.052,IV
leave_one_pass_out,P13,scale_8,8.0,5,T,1756,1,1,0.003986332574031891,1.0,1.4963950974905151,1.5854978328132536,1.8135980049879041,0.0,0.0,0.0,0.003986332574031891,0.069->0.052,IV
leave_one_pass_out,P13,scale_8,8.0,5,h,1756,1,1,1.0,0.9738041002277904,0.0,0.0,0.0,0.012587421787287731,0.0,2.0099425326313836,0.9738041002277904,0.069->0.052,IV
leave_one_pass_out,P13,scale_8,8.0,10,S,1751,1,1,0.015419760137064534,1.0,0.31441005216606777,0.38011429755498954,0.9499076740062248,0.0,0.0,0.0,0.015419760137064534,0.069->0.052,IV
leave_one_pass_out,P13,scale_8,8.0,10,T,1751,1,1,0.0,1.0,3.3329679693482657,3.3867459546586316,3.64706133385754,0.0,0.0,0.0,0.0,0.069->0.052,IV
leave_one_pass_out,P13,scale_8,8.0,10,h,1751,1,1,1.0,0.9737292975442604,0.0,0.0,0.0,0.012623365310381073,0.0,2.0099425326313836,0.9737292975442604,0.069->0.052,IV
leave_one_pass_out,P13,scale_8,8.0,20,S,1741,1,1,0.0,1.0,0.5761118643204535,0.5938567973605573,1.2263782384912516,0.0,0.0,0.0,0.0,0.069->0.052,IV
leave_one_pass_out,P13,scale_8,8.0,20,T,1741,1,1,0.0,1.0,4.190700893280723,4.1997340569412405,4.488899532189813,0.0,0.0,0.0,0.0,0.069->0.052,IV
leave_one_pass_out,P13,scale_8,8.0,20,h,1741,1,1,1.0,0.9735784032165422,0.0,0.0,0.0,0.012695871716529155,0.0,2.0099425326313836,0.9735784032165422,0.069->0.052,IV
leave_one_pass_out,P14,infinite,inf,1,S,2148,1,7,0.9590316573556797,0.9618249534450651,0.022508073388169153,0.0,1.4343077758371656,0.016718453862876664,0.0,1.4255190817213292,0.9972067039106145,0.052->0.040,IV
leave_one_pass_out,P14,infinite,inf,1,T,2148,1,7,1.0,1.0,0.0,0.0,0.0,0.0,0.0,0.0,1.0,0.052->0.040,IV
leave_one_pass_out,P14,infinite,inf,1,h,2148,1,7,0.9874301675977654,0.9264432029795159,0.016144217308397227,0.0,4.479983889114174,0.0386420736017211,0.12208898055121803,4.3141240549431785,0.9315642458100558,0.052->0.040,IV
leave_one_pass_out,P14,infinite,inf,5,S,2120,1,6,0.4419811320754717,0.9688679245283018,0.08900426205643677,0.23284625394030514,1.391696978110042,0.01277277769593362,0.0,1.1809829377666246,0.4731132075471698,0.052->0.040,IV
leave_one_pass_out,P14,infinite,inf,5,T,2120,1,6,0.0,1.0,1.4860777245579537,1.5601033042558865,1.8387821972495488,0.0,0.0,0.0,0.0,0.052->0.040,IV
leave_one_pass_out,P14,infinite,inf,5,h,2120,1,6,0.9962264150943396,0.9311320754716981,0.001970973399365929,0.0,1.2777374616993118,0.025653040292765165,0.09206845801970887,2.9329881940686224,0.9339622641509434,0.052->0.040,IV
leave_one_pass_out,P14,infinite,inf,10,S,2094,1,5,0.0,0.9742120343839542,0.33659776322401336,0.4146581894765534,1.5103034297752673,0.008638108732141202,0.0,0.9957808692378236,0.025787965616045846,0.052->0.040,IV
leave_one_pass_out,P14,infinite,inf,10,T,2094,1,5,0.0,1.0,3.33407218574514,3.376445276052766,3.646023723711984,0.0,0.0,0.0,0.0,0.052->0.040,IV
leave_one_pass_out,P14,infinite,inf,10,h,2094,1,5,1.0,0.9350525310410697,0.0,0.0,0.0,0.01651869897457689,0.06521303850270344,1.9585201144515745,0.9350525310410697,0.052->0.040,IV
leave_one_pass_out,P14,infinite,inf,20,S,2068,1,2,0.0,0.980174081237911,0.605678162834503,0.6755415579586111,1.6161491629092963,0.004045317823216398,0.0,0.8094107185260448,0.019825918762088973,0.052->0.040,IV
leave_one_pass_out,P14,infinite,inf,20,T,2068,1,2,0.0,1.0,4.188006835045195,4.193776305097692,4.487652111727606,0.0,0.0,0.0,0.0,0.052->0.040,IV
leave_one_pass_out,P14,infinite,inf,20,h,2068,1,2,1.0,0.9376208897485493,0.0,0.0,0.0,0.014290994867756337,0.053703572995415616,0.9073222647859398,0.9376208897485493,0.052->0.040,IV
leave_one_pass_out,P14,scale_8,8.0,1,S,2148,1,7,0.9590316573556797,0.9618249534450651,0.022508073388169153,0.0,1.4343077758371656,0.016718453862876664,0.0,1.4255190817213292,0.9972067039106145,0.052->0.040,IV
leave_one_pass_out,P14,scale_8,8.0,1,T,2148,1,7,1.0,1.0,0.0,0.0,0.0,0.0,0.0,0.0,1.0,0.052->0.040,IV
leave_one_pass_out,P14,scale_8,8.0,1,h,2148,1,7,0.9874301675977654,0.9264432029795159,0.016144217308397227,0.0,4.479983889114174,0.0386420736017211,0.12208898055121803,4.3141240549431785,0.9315642458100558,0.052->0.040,IV
leave_one_pass_out,P14,scale_8,8.0,5,S,2120,1,6,0.4419811320754717,0.9688679245283018,0.08900426205643677,0.23284625394030514,1.391696978110042,0.01277277769593362,0.0,1.1809829377666246,0.4731132075471698,0.052->0.040,IV
leave_one_pass_out,P14,scale_8,8.0,5,T,2120,1,6,0.0,1.0,1.4860777245579537,1.5601033042558865,1.8387821972495488,0.0,0.0,0.0,0.0,0.052->0.040,IV
leave_one_pass_out,P14,scale_8,8.0,5,h,2120,1,6,0.9962264150943396,0.9311320754716981,0.001970973399365929,0.0,1.2777374616993118,0.025653040292765165,0.09206845801970887,2.9329881940686224,0.9339622641509434,0.052->0.040,IV
leave_one_pass_out,P14,scale_8,8.0,10,S,2094,1,5,0.0,0.9742120343839542,0.33659776322401336,0.4146581894765534,1.5103034297752673,0.008638108732141202,0.0,0.9957808692378236,0.025787965616045846,0.052->0.040,IV
leave_one_pass_out,P14,scale_8,8.0,10,T,2094,1,5,0.0,1.0,3.33407218574514,3.376445276052766,3.646023723711984,0.0,0.0,0.0,0.0,0.052->0.040,IV
leave_one_pass_out,P14,scale_8,8.0,10,h,2094,1,5,1.0,0.9350525310410697,0.0,0.0,0.0,0.01651869897457689,0.06521303850270344,1.9585201144515745,0.9350525310410697,0.052->0.040,IV
leave_one_pass_out,P14,scale_8,8.0,20,S,2068,1,2,0.0,0.980174081237911,0.605678162834503,0.6755415579586111,1.6161491629092963,0.004045317823216398,0.0,0.8094107185260448,0.019825918762088973,0.052->0.040,IV
leave_one_pass_out,P14,scale_8,8.0,20,T,2068,1,2,0.0,1.0,4.188006835045195,4.193776305097692,4.487652111727606,0.0,0.0,0.0,0.0,0.052->0.040,IV
leave_one_pass_out,P14,scale_8,8.0,20,h,2068,1,2,1.0,0.9376208897485493,0.0,0.0,0.0,0.014290994867756337,0.053703572995415616,0.9073222647859398,0.9376208897485493,0.052->0.040,IV
leave_one_pass_out,P21,infinite,inf,1,S,336,1,1,1.0,1.0,0.0,0.0,0.0,0.0,0.0,0.0,1.0,1.500->1.120,VII
leave_one_pass_out,P21,infinite,inf,1,T,336,1,1,0.0,0.0,3.90429779332589,5.147223076327199,6.39882718122967,9.92981004466579,10.361939114022128,11.749864671029759,1.0,1.500->1.120,VII
leave_one_pass_out,P21,infinite,inf,1,h,336,1,1,1.0,1.0,0.0,0.0,0.0,0.0,0.0,0.0,1.0,1.500->1.120,VII
leave_one_pass_out,P21,infinite,inf,5,S,332,1,1,0.9969879518072289,1.0,0.0001317142798887818,0.0,0.04372914092307556,0.0,0.0,0.0,0.9969879518072289,1.500->1.120,VII
leave_one_pass_out,P21,infinite,inf,5,T,332,1,1,1.0,0.0,0.0,0.0,0.0,9.937937755200725,10.365949945779288,11.749864671029759,0.0,1.500->1.120,VII
leave_one_pass_out,P21,infinite,inf,5,h,332,1,1,1.0,1.0,0.0,0.0,0.0,0.0,0.0,0.0,1.0,1.500->1.120,VII
leave_one_pass_out,P21,infinite,inf,10,S,327,1,1,0.11314984709480122,1.0,0.14691875270904414,0.2370831594787204,0.784119470120463,0.0,0.0,0.0,0.11314984709480122,1.500->1.120,VII
leave_one_pass_out,P21,infinite,inf,10,T,327,1,1,0.20489296636085627,0.0,1.0467039001035037,1.3767712275447965,1.6054519119558401,9.942026947522397,10.37096348547574,11.749864671029759,0.7951070336391437,1.500->1.120,VII
leave_one_pass_out,P21,infinite,inf,10,h,327,1,1,1.0,1.0,0.0,0.0,0.0,0.0,0.0,0.0,1.0,1.500->1.120,VII
leave_one_pass_out,P21,infinite,inf,20,S,317,1,1,0.0031545741324921135,1.0,0.4887824198295613,0.54736693310257,1.102767182480223,0.0,0.0,0.0,0.0031545741324921135,1.500->1.120,VII
leave_one_pass_out,P21,infinite,inf,20,T,317,1,1,0.0,0.0,3.851409483587459,3.987194414200064,4.24579314280526,9.952024074382361,10.377438709957605,11.749864671029759,1.0,1.500->1.120,VII
leave_one_pass_out,P21,infinite,inf,20,h,317,1,1,1.0,1.0,0.0,0.0,0.0,0.0,0.0,0.0,1.0,1.500->1.120,VII
leave_one_pass_out,P21,scale_8,8.0,1,S,336,1,1,1.0,1.0,0.0,0.0,0.0,0.0,0.0,0.0,1.0,1.500->1.120,VII
leave_one_pass_out,P21,scale_8,8.0,1,T,336,1,1,1.0,0.0,0.0,0.0,0.0,9.92981004466579,10.361939114022128,11.749864671029759,0.0,1.500->1.120,VII
leave_one_pass_out,P21,scale_8,8.0,1,h,336,1,1,1.0,1.0,0.0,0.0,0.0,0.0,0.0,0.0,1.0,1.500->1.120,VII
leave_one_pass_out,P21,scale_8,8.0,5,S,332,1,1,0.9969879518072289,1.0,0.00013172880818690323,0.0,0.04373396431805188,0.0,0.0,0.0,0.9969879518072289,1.500->1.120,VII
leave_one_pass_out,P21,scale_8,8.0,5,T,332,1,1,0.22289156626506024,0.0,0.25086206121722143,0.3334160245609021,0.5915360823242857,9.937937755200725,10.365949945779288,11.749864671029759,0.7771084337349398,1.500->1.120,VII
leave_one_pass_out,P21,scale_8,8.0,5,h,332,1,1,1.0,1.0,0.0,0.0,0.0,0.0,0.0,0.0,1.0,1.500->1.120,VII
leave_one_pass_out,P21,scale_8,8.0,10,S,327,1,1,0.11314984709480122,1.0,0.15043429302455344,0.23798340144514454,0.7884386258315933,0.0,0.0,0.0,0.11314984709480122,1.500->1.120,VII
leave_one_pass_out,P21,scale_8,8.0,10,T,327,1,1,0.0,0.0,2.7729693430631177,2.965411569548832,3.2182720041477295,9.942026947522397,10.37096348547574,11.749864671029759,1.0,1.500->1.120,VII
leave_one_pass_out,P21,scale_8,8.0,10,h,327,1,1,1.0,1.0,0.0,0.0,0.0,0.0,0.0,0.0,1.0,1.500->1.120,VII
leave_one_pass_out,P21,scale_8,8.0,20,S,317,1,1,0.0,1.0,0.5553953046533803,0.6315530537318164,1.1652211475806433,0.0,0.0,0.0,0.0,1.500->1.120,VII
leave_one_pass_out,P21,scale_8,8.0,20,T,317,1,1,0.0,0.0,4.1227864458778996,4.244389824422985,4.428638568278201,9.952024074382361,10.377438709957605,11.749864671029759,1.0,1.500->1.120,VII
leave_one_pass_out,P21,scale_8,8.0,20,h,317,1,1,1.0,1.0,0.0,0.0,0.0,0.0,0.0,0.0,1.0,1.500->1.120,VII
leave_one_pass_out,P22,infinite,inf,1,S,432,1,1,1.0,1.0,0.0,0.0,0.0,0.0,0.0,0.0,1.0,1.120->0.860,VII
leave_one_pass_out,P22,infinite,inf,1,T,432,1,1,0.2037037037037037,0.18287037037037038,0.385810044137343,0.709502053656255,1.5594626669694858,3.7479806730020795,4.946244152623538,6.446082274095449,0.9791666666666666,1.120->0.860,VII
leave_one_pass_out,P22,infinite,inf,1,h,432,1,1,0.9907407407407407,0.9606481481481481,0.00826867207444395,0.0,1.7204986594583689,0.02402702458232449,0.0,2.8545480364953453,0.9606481481481481,1.120->0.860,VII
leave_one_pass_out,P22,infinite,inf,5,S,428,1,1,0.955607476635514,1.0,0.004306386996403662,0.0,0.38724606259901595,0.0,0.0,0.0,0.955607476635514,1.120->0.860,VII
leave_one_pass_out,P22,infinite,inf,5,T,428,1,1,1.0,0.17523364485981308,0.0,0.0,0.0,3.7830085297591083,4.948177864259178,6.446082274095449,0.17523364485981308,1.120->0.860,VII
leave_one_pass_out,P22,infinite,inf,5,h,428,1,1,1.0,0.9602803738317757,0.0,0.0,0.0,0.024251576213935,0.0,2.8545480364953453,0.9602803738317757,1.120->0.860,VII
leave_one_pass_out,P22,infinite,inf,10,S,423,1,1,0.07328605200945626,1.0,0.20082460893379236,0.3557479343388698,0.8638006554147906,0.0,0.0,0.0,0.07328605200945626,1.120->0.860,VII
leave_one_pass_out,P22,infinite,inf,10,T,423,1,1,0.0,0.16548463356973994,2.133663129154731,2.4384630281257884,2.6795527093809617,3.8277249426404216,4.950595003803729,6.446082274095449,0.83451536643026,1.120->0.860,VII
leave_one_pass_out,P22,infinite,inf,10,h,423,1,1,1.0,0.9598108747044918,0.0,0.0,0.0,0.024538237871310115,0.0,2.8545480364953453,0.9598108747044918,1.120->0.860,VII
leave_one_pass_out,P22,infinite,inf,20,S,413,1,1,0.0,1.0,0.5259557089717094,0.5801756116902115,1.1608647378569272,0.0,0.0,0.0,0.0,1.120->0.860,VII
leave_one_pass_out,P22,infinite,inf,20,T,413,1,1,0.0,0.14527845036319612,4.041320368172343,4.114711408173724,4.368882804256844,3.9204059339876474,4.957055542469382,6.446082274095449,0.8547215496368039,1.120->0.860,VII
leave_one_pass_out,P22,infinite,inf,20,h,413,1,1,1.0,0.9588377723970944,0.0,0.0,0.0,0.025132384066741353,0.0,2.8545480364953453,0.9588377723970944,1.120->0.860,VII
leave_one_pass_out,P22,scale_8,8.0,1,S,432,1,1,1.0,1.0,0.0,0.0,0.0,0.0,0.0,0.0,1.0,1.120->0.860,VII
leave_one_pass_out,P22,scale_8,8.0,1,T,432,1,1,1.0,0.18287037037037038,0.0,0.0,0.0,3.7479806730020795,4.946244152623538,6.446082274095449,0.18287037037037038,1.120->0.860,VII
leave_one_pass_out,P22,scale_8,8.0,1,h,432,1,1,0.9907407407407407,0.9606481481481481,0.00826867207444395,0.0,1.7204986594583689,0.02402702458232449,0.0,2.8545480364953453,0.9606481481481481,1.120->0.860,VII
leave_one_pass_out,P22,scale_8,8.0,5,S,428,1,1,0.955607476635514,1.0,0.004306477756916585,0.0,0.38725180165157247,0.0,0.0,0.0,0.955607476635514,1.120->0.860,VII
leave_one_pass_out,P22,scale_8,8.0,5,T,428,1,1,0.17289719626168223,0.17523364485981308,0.33448297341444777,0.4399172622585782,0.6630530071377692,3.7830085297591083,4.948177864259178,6.446082274095449,0.9883177570093458,1.120->0.860,VII
leave_one_pass_out,P22,scale_8,8.0,5,h,428,1,1,1.0,0.9602803738317757,0.0,0.0,0.0,0.024251576213935,0.0,2.8545480364953453,0.9602803738317757,1.120->0.860,VII
leave_one_pass_out,P22,scale_8,8.0,10,S,423,1,1,0.07328605200945626,1.0,0.20406293802212835,0.35710359649000667,0.8676124530972594,0.0,0.0,0.0,0.07328605200945626,1.120->0.860,VII
leave_one_pass_out,P22,scale_8,8.0,10,T,423,1,1,0.0,0.16548463356973994,2.840791934237594,3.0085536967455786,3.257416354296563,3.8277249426404216,4.950595003803729,6.446082274095449,0.83451536643026,1.120->0.860,VII
leave_one_pass_out,P22,scale_8,8.0,10,h,423,1,1,1.0,0.9598108747044918,0.0,0.0,0.0,0.024538237871310115,0.0,2.8545480364953453,0.9598108747044918,1.120->0.860,VII
leave_one_pass_out,P22,scale_8,8.0,20,S,413,1,1,0.0,1.0,0.5582529847847283,0.6225541713430787,1.190260061546494,0.0,0.0,0.0,0.0,1.120->0.860,VII
leave_one_pass_out,P22,scale_8,8.0,20,T,413,1,1,0.0,0.14527845036319612,4.135858892635847,4.217501792152212,4.435866269658877,3.9204059339876474,4.957055542469382,6.446082274095449,0.8547215496368039,1.120->0.860,VII
leave_one_pass_out,P22,scale_8,8.0,20,h,413,1,1,1.0,0.9588377723970944,0.0,0.0,0.0,0.025132384066741353,0.0,2.8545480364953453,0.9588377723970944,1.120->0.860,VII
leave_one_pass_out,P23,infinite,inf,1,S,559,1,1,0.8425760286225402,0.046511627906976744,0.043607296854871795,0.3020420368371406,1.5956608947243156,1.116702149736024,2.115717247644393,3.7803704178069237,0.2039355992844365,0.860->0.669,VII
leave_one_pass_out,P23,infinite,inf,1,T,559,1,1,1.0,1.0,0.0,0.0,0.0,0.0,0.0,0.0,1.0,0.860->0.669,VII
leave_one_pass_out,P23,infinite,inf,1,h,559,1,1,0.998211091234347,0.9928443649373881,0.0005805943885878683,0.0,0.32455226322061836,0.0067086652926009425,0.0,1.5993818580907053,0.9946332737030411,0.860->0.669,VII
leave_one_pass_out,P23,infinite,inf,5,S,555,1,1,1.0,0.04684684684684685,0.0,0.0,0.0,1.1056514113161766,2.086206514038041,2.5333804039463654,0.04684684684684685,0.860->0.669,VII
leave_one_pass_out,P23,infinite,inf,5,T,555,1,1,0.16036036036036036,1.0,0.1941433998701354,0.3415261888918409,0.7570243156764467,0.0,0.0,0.0,0.16036036036036036,0.860->0.669,VII
leave_one_pass_out,P23,infinite,inf,5,h,555,1,1,1.0,0.9981981981981982,0.0,0.0,0.0,0.0007777308509364197,0.0,0.4316406222697129,0.9981981981981982,0.860->0.669,VII
leave_one_pass_out,P23,infinite,inf,10,S,550,1,1,0.990909090909091,0.045454545454545456,0.0028114735169438125,0.0,0.5540731110282866,1.1133517348432094,2.092333199594061,2.5333804039463654,0.05090909090909091,0.860->0.669,VII
leave_one_pass_out,P23,infinite,inf,10,T,550,1,1,0.0,1.0,2.769926495753221,2.9646419479779236,3.164865233241722,0.0,0.0,0.0,0.0,0.860->0.669,VII
leave_one_pass_out,P23,infinite,inf,10,h,550,1,1,1.0,0.9981818181818182,0.0,0.0,0.0,0.000784801131399478,0.0,0.4316406222697129,0.9981818181818182,0.860->0.669,VII
leave_one_pass_out,P23,infinite,inf,20,S,540,1,1,0.001851851851851852,0.046296296296296294,0.519880730548043,0.5513956993138205,1.157730208106989,1.1282519256665162,2.1034098591005588,2.5333804039463654,0.9518518518518518,0.860->0.669,VII
leave_one_pass_out,P23,infinite,inf,20,T,540,1,1,0.0,1.0,4.12475441815105,4.165408106536109,4.4258914053533145,0.0,0.0,0.0,0.0,0.860->0.669,VII
leave_one_pass_out,P23,infinite,inf,20,h,540,1,1,1.0,0.9981481481481481,0.0,0.0,0.0,0.0007993344856846535,0.0,0.4316406222697129,0.9981481481481481,0.860->0.669,VII
leave_one_pass_out,P23,scale_8,8.0,1,S,559,1,1,0.8425760286225402,0.046511627906976744,0.04048729603210472,0.3020420368371406,1.0819600836194159,1.116702149736024,2.115717247644393,3.7803704178069237,0.2039355992844365,0.860->0.669,VII
leave_one_pass_out,P23,scale_8,8.0,1,T,559,1,1,1.0,1.0,0.0,0.0,0.0,0.0,0.0,0.0,1.0,0.860->0.669,VII
leave_one_pass_out,P23,scale_8,8.0,1,h,559,1,1,0.998211091234347,0.9928443649373881,0.0005805943885878683,0.0,0.32455226322061836,0.0067086652926009425,0.0,1.5993818580907053,0.9946332737030411,0.860->0.669,VII
leave_one_pass_out,P23,scale_8,8.0,5,S,555,1,1,1.0,0.04684684684684685,0.0,0.0,0.0,1.1056514113161766,2.086206514038041,2.5333804039463654,0.04684684684684685,0.860->0.669,VII
leave_one_pass_out,P23,scale_8,8.0,5,T,555,1,1,0.07747747747747748,1.0,0.6561339162022604,0.7897784189604207,1.0614149239628987,0.0,0.0,0.0,0.07747747747747748,0.860->0.669,VII
leave_one_pass_out,P23,scale_8,8.0,5,h,555,1,1,1.0,0.9981981981981982,0.0,0.0,0.0,0.0007777308509364197,0.0,0.4316406222697129,0.9981981981981982,0.860->0.669,VII
leave_one_pass_out,P23,scale_8,8.0,10,S,550,1,1,0.990909090909091,0.045454545454545456,0.0028342932474022266,0.0,0.5564798842970233,1.1133517348432094,2.092333199594061,2.5333804039463654,0.05090909090909091,0.860->0.669,VII
leave_one_pass_out,P23,scale_8,8.0,10,T,550,1,1,0.0,1.0,2.987412749440184,3.115320796309912,3.344259629949588,0.0,0.0,0.0,0.0,0.860->0.669,VII
leave_one_pass_out,P23,scale_8,8.0,10,h,550,1,1,1.0,0.9981818181818182,0.0,0.0,0.0,0.000784801131399478,0.0,0.4316406222697129,0.9981818181818182,0.860->0.669,VII
leave_one_pass_out,P23,scale_8,8.0,20,S,540,1,1,0.001851851851851852,0.046296296296296294,0.532127900984164,0.563036262908387,1.1686410028527683,1.1282519256665162,2.1034098591005588,2.5333804039463654,0.9518518518518518,0.860->0.669,VII
leave_one_pass_out,P23,scale_8,8.0,20,T,540,1,1,0.0,1.0,4.153045019867421,4.209435213380453,4.448025492301729,0.0,0.0,0.0,0.0,0.860->0.669,VII
leave_one_pass_out,P23,scale_8,8.0,20,h,540,1,1,1.0,0.9981481481481481,0.0,0.0,0.0,0.0007993344856846535,0.0,0.4316406222697129,0.9981481481481481,0.860->0.669,VII
leave_one_pass_out,P24,infinite,inf,1,S,701,1,1,1.0,0.9871611982881597,0.0,0.0,0.0,0.0033776221995513943,0.0,0.44727673812963786,0.9871611982881597,0.669->0.531,VII
leave_one_pass_out,P24,infinite,inf,1,T,701,1,1,1.0,1.0,0.0,0.0,0.0,0.0,0.0,0.0,1.0,0.669->0.531,VII
leave_one_pass_out,P24,infinite,inf,1,h,701,1,1,1.0,0.992867332382311,0.0,0.0,0.0,0.015803371036562746,0.0,9.003149826152532,0.992867332382311,0.669->0.531,VII
leave_one_pass_out,P24,infinite,inf,5,S,697,1,1,1.0,0.9870875179340028,0.0,0.0,0.0,0.0033970059711413594,0.0,0.44727673812963786,0.9870875179340028,0.669->0.531,VII
leave_one_pass_out,P24,infinite,inf,5,T,697,1,1,0.06025824964131994,1.0,0.9597722157126077,1.1773873680637943,1.7960305264672587,0.0,0.0,0.0,0.06025824964131994,0.669->0.531,VII
leave_one_pass_out,P24,infinite,inf,5,h,697,1,1,1.0,0.9971305595408895,0.0,0.0,0.0,0.014512751634205765,0.0,9.003149826152532,0.9971305595408895,0.669->0.531,VII
leave_one_pass_out,P24,infinite,inf,10,S,692,1,1,0.1777456647398844,0.9869942196531792,0.05519953222936986,0.13616705113334876,0.6142383744642794,0.0034215508119733056,0.0,0.44727673812963786,0.16473988439306358,0.669->0.531,VII
leave_one_pass_out,P24,infinite,inf,10,T,692,1,1,0.0,1.0,3.1121322133894496,3.2455181380090545,3.451189025634547,0.0,0.0,0.0,0.0,0.669->0.531,VII
leave_one_pass_out,P24,infinite,inf,10,h,692,1,1,1.0,0.9971098265895953,0.0,0.0,0.0,0.014617612556418235,0.0,9.003149826152532,0.9971098265895953,0.669->0.531,VII
leave_one_pass_out,P24,infinite,inf,20,S,682,1,1,0.0,0.9868035190615836,0.5530081946017609,0.5834589331659868,1.160368184042336,0.003471720178717782,0.0,0.44727673812963786,0.013196480938416423,0.669->0.531,VII
leave_one_pass_out,P24,infinite,inf,20,T,682,1,1,0.0,1.0,4.171776781712075,4.2078854377592405,4.45314821863372,0.0,0.0,0.0,0.0,0.669->0.531,VII
leave_one_pass_out,P24,infinite,inf,20,h,682,1,1,1.0,0.9970674486803519,0.0,0.0,0.0,0.014831947051380379,0.0,9.003149826152532,0.9970674486803519,0.669->0.531,VII
leave_one_pass_out,P24,scale_8,8.0,1,S,701,1,1,1.0,0.9871611982881597,0.0,0.0,0.0,0.0033776221995513943,0.0,0.44727673812963786,0.9871611982881597,0.669->0.531,VII
leave_one_pass_out,P24,scale_8,8.0,1,T,701,1,1,1.0,1.0,0.0,0.0,0.0,0.0,0.0,0.0,1.0,0.669->0.531,VII
leave_one_pass_out,P24,scale_8,8.0,1,h,701,1,1,1.0,0.992867332382311,0.0,0.0,0.0,0.015803371036562746,0.0,9.003149826152532,0.992867332382311,0.669->0.531,VII
leave_one_pass_out,P24,scale_8,8.0,5,S,697,1,1,1.0,0.9870875179340028,0.0,0.0,0.0,0.0033970059711413594,0.0,0.44727673812963786,0.9870875179340028,0.669->0.531,VII
leave_one_pass_out,P24,scale_8,8.0,5,T,697,1,1,0.05164992826398852,1.0,0.9673594391566737,1.1773873680637943,1.7960305264672587,0.0,0.0,0.0,0.05164992826398852,0.669->0.531,VII
leave_one_pass_out,P24,scale_8,8.0,5,h,697,1,1,1.0,0.9971305595408895,0.0,0.0,0.0,0.014512751634205765,0.0,9.003149826152532,0.9971305595408895,0.669->0.531,VII
leave_one_pass_out,P24,scale_8,8.0,10,S,692,1,1,0.1777456647398844,0.9869942196531792,0.05520706489414032,0.13616705113334876,0.6142383744642794,0.0034215508119733056,0.0,0.44727673812963786,0.16473988439306358,0.669->0.531,VII
leave_one_pass_out,P24,scale_8,8.0,10,T,692,1,1,0.0,1.0,3.1191455198954747,3.2455181380090545,3.451189025634547,0.0,0.0,0.0,0.0,0.669->0.531,VII
leave_one_pass_out,P24,scale_8,8.0,10,h,692,1,1,1.0,0.9971098265895953,0.0,0.0,0.0,0.014617612556418235,0.0,9.003149826152532,0.9971098265895953,0.669->0.531,VII
leave_one_pass_out,P24,scale_8,8.0,20,S,682,1,1,0.0,0.9868035190615836,0.553377985196455,0.5847388090737055,1.160368184042336,0.003471720178717782,0.0,0.44727673812963786,0.013196480938416423,0.669->0.531,VII
leave_one_pass_out,P24,scale_8,8.0,20,T,682,1,1,0.0,1.0,4.172933465520582,4.228083016808222,4.45314821863372,0.0,0.0,0.0,0.0,0.669->0.531,VII
leave_one_pass_out,P24,scale_8,8.0,20,h,682,1,1,1.0,0.9970674486803519,0.0,0.0,0.0,0.014831947051380379,0.0,9.003149826152532,0.9970674486803519,0.669->0.531,VII
leave_one_pass_out,P25,infinite,inf,1,S,878,1,1,0.9977220956719818,0.9749430523917996,0.0017795754875079392,0.0,1.0394577594040015,0.01445887548287896,0.0,2.6444755926169154,0.9772209567198178,0.531->0.427,VII
leave_one_pass_out,P25,infinite,inf,1,T,878,1,1,1.0,1.0,0.0,0.0,0.0,0.0,0.0,0.0,1.0,0.531->0.427,VII
leave_one_pass_out,P25,infinite,inf,1,h,878,1,1,0.9965831435079726,0.9931662870159453,0.009370498147401965,0.0,7.670333402214689,0.0052806972422604825,0.0,1.6997965735105613,0.9920273348519362,0.531->0.427,VII
leave_one_pass_out,P25,infinite,inf,5,S,874,1,1,1.0,0.9782608695652174,0.0,0.0,0.0,0.009316635635146873,0.0,0.8176975764973413,0.9782608695652174,0.531->0.427,VII
leave_one_pass_out,P25,infinite,inf,5,T,874,1,1,0.02402745995423341,1.0,1.3199220366004623,1.5476982549212293,1.7263167053749569,0.0,0.0,0.0,0.02402745995423341,0.531->0.427,VII
leave_one_pass_out,P25,infinite,inf,5,h,874,1,1,0.9988558352402745,0.9931350114416476,0.0009143180685611913,0.0,0.7991139919224812,0.005304865193025977,0.0,1.6997965735105613,0.9919908466819222,0.531->0.427,VII
leave_one_pass_out,P25,infinite,inf,10,S,869,1,1,0.09896432681242807,0.9781357882623706,0.06139622118482057,0.10357006512601591,0.6869884138495004,0.009370241133622977,0.0,0.8176975764973413,0.07710011507479862,0.531->0.427,VII
leave_one_pass_out,P25,infinite,inf,10,T,869,1,1,0.0,1.0,3.2540683162285644,3.369635877163004,3.546726554607834,0.0,0.0,0.0,0.0,0.531->0.427,VII
leave_one_pass_out,P25,infinite,inf,10,h,869,1,1,1.0,0.9930955120828538,0.0,0.0,0.0,0.005335388007715425,0.0,1.6997965735105613,0.9930955120828538,0.531->0.427,VII
leave_one_pass_out,P25,infinite,inf,20,S,859,1,1,0.0,0.9778812572759022,0.5619313145061761,0.600884097895355,1.1961690317005504,0.009479324266726853,0.0,0.8176975764973413,0.02211874272409779,0.531->0.427,VII
leave_one_pass_out,P25,infinite,inf,20,T,859,1,1,0.0,1.0,4.18798342027355,4.211177990128047,4.472645402676319,0.0,0.0,0.0,0.0,0.531->0.427,VII
leave_one_pass_out,P25,infinite,inf,20,h,859,1,1,1.0,0.9930151338766007,0.0,0.0,0.0,0.005397499625965895,0.0,1.6997965735105613,0.9930151338766007,0.531->0.427,VII
leave_one_pass_out,P25,scale_8,8.0,1,S,878,1,1,1.0,0.9749430523917996,0.0,0.0,0.0,0.01445887548287896,0.0,2.6444755926169154,0.9749430523917996,0.531->0.427,VII
leave_one_pass_out,P25,scale_8,8.0,1,T,878,1,1,1.0,1.0,0.0,0.0,0.0,0.0,0.0,0.0,1.0,0.531->0.427,VII
leave_one_pass_out,P25,scale_8,8.0,1,h,878,1,1,0.9965831435079726,0.9931662870159453,0.0026051584919492663,0.0,1.7303651847272192,0.0052806972422604825,0.0,1.6997965735105613,0.9920273348519362,0.531->0.427,VII
leave_one_pass_out,P25,scale_8,8.0,5,S,874,1,1,1.0,0.9782608695652174,0.0,0.0,0.0,0.009316635635146873,0.0,0.8176975764973413,0.9782608695652174,0.531->0.427,VII
leave_one_pass_out,P25,scale_8,8.0,5,T,874,1,1,0.02402745995423341,1.0,1.3200953819015597,1.5476982549212293,1.7263167053749569,0.0,0.0,0.0,0.02402745995423341,0.531->0.427,VII
leave_one_pass_out,P25,scale_8,8.0,5,h,874,1,1,1.0,0.9931350114416476,0.0,0.0,0.0,0.005304865193025977,0.0,1.6997965735105613,0.9931350114416476,0.531->0.427,VII
leave_one_pass_out,P25,scale_8,8.0,10,S,869,1,1,0.09896432681242807,0.9781357882623706,0.06139634443060769,0.10357006512601591,0.6869884138495004,0.009370241133622977,0.0,0.8176975764973413,0.07710011507479862,0.531->0.427,VII
leave_one_pass_out,P25,scale_8,8.0,10,T,869,1,1,0.0,1.0,3.2544748251101323,3.369635877163004,3.546726554607834,0.0,0.0,0.0,0.0,0.531->0.427,VII
leave_one_pass_out,P25,scale_8,8.0,10,h,869,1,1,1.0,0.9930955120828538,0.0,0.0,0.0,0.005335388007715425,0.0,1.6997965735105613,0.9930955120828538,0.531->0.427,VII
leave_one_pass_out,P25,scale_8,8.0,20,S,859,1,1,0.0,0.9778812572759022,0.5620990798163619,0.600884097895355,1.1961690317005504,0.009479324266726853,0.0,0.8176975764973413,0.02211874272409779,0.531->0.427,VII
leave_one_pass_out,P25,scale_8,8.0,20,T,859,1,1,0.0,1.0,4.188010905405206,4.211177990128047,4.472645402676319,0.0,0.0,0.0,0.0,0.531->0.427,VII
leave_one_pass_out,P25,scale_8,8.0,20,h,859,1,1,1.0,0.9930151338766007,0.0,0.0,0.0,0.005397499625965895,0.0,1.6997965735105613,0.9930151338766007,0.531->0.427,VII
leave_one_pass_out,P26,infinite,inf,1,S,1069,1,1,1.0,1.0,0.0,0.0,0.0,0.0,0.0,0.0,1.0,0.427->0.350,VII
leave_one_pass_out,P26,infinite,inf,1,T,1069,1,1,0.019644527595884004,0.941066417212348,0.6491512315283221,0.9896941759843372,1.867493717875746,0.02137431322708408,0.05895514544877578,1.2270223328993182,0.07857811038353602,0.427->0.350,VII
leave_one_pass_out,P26,infinite,inf,1,h,1069,1,1,0.9962581852198317,0.9943872778297475,0.007838817854867751,0.0,4.943592539756599,0.02669528237649858,0.0,7.75241512405168,0.9962581852198317,0.427->0.350,VII
leave_one_pass_out,P26,infinite,inf,5,S,1065,1,1,0.9990610328638497,1.0,0.0001016745321887504,0.0,0.10828337678101918,0.0,0.0,0.0,0.9990610328638497,0.427->0.350,VII
leave_one_pass_out,P26,infinite,inf,5,T,1065,1,1,0.0,0.9408450704225352,2.7250446230085825,2.912988369181286,3.2856196362201624,0.021454592337796133,0.05895514544877578,1.2270223328993182,0.059154929577464786,0.427->0.350,VII
leave_one_pass_out,P26,infinite,inf,5,h,1065,1,1,1.0,0.9971830985915493,0.0,0.0,0.0,0.020185125824932648,0.0,7.75241512405168,0.9971830985915493,0.427->0.350,VII
leave_one_pass_out,P26,infinite,inf,10,S,1060,1,1,0.06132075471698113,1.0,0.10270622558165991,0.2044911249965714,0.6619355143737102,0.0,0.0,0.0,0.06132075471698113,0.427->0.350,VII
leave_one_pass_out,P26,infinite,inf,10,T,1060,1,1,0.0,0.940566037735849,3.7748270340367953,3.8548057536571685,4.052563626063072,0.021555793245049887,0.05957842999475976,1.2270223328993182,0.059433962264150944,0.427->0.350,VII
leave_one_pass_out,P26,infinite,inf,10,h,1060,1,1,1.0,0.9971698113207547,0.0,0.0,0.0,0.020280338682597425,0.0,7.75241512405168,0.9971698113207547,0.427->0.350,VII
leave_one_pass_out,P26,infinite,inf,20,S,1050,1,1,0.0,1.0,0.6075557996533104,0.6510590337763384,1.2415697227909526,0.0,0.0,0.0,0.0,0.427->0.350,VII
leave_one_pass_out,P26,infinite,inf,20,T,1050,1,1,0.0,0.9419047619047619,4.283211288595306,4.2955675652339895,4.557412583873702,0.021296131728285334,0.05850669712744953,1.2270223328993182,0.058095238095238096,0.427->0.350,VII
leave_one_pass_out,P26,infinite,inf,20,h,1050,1,1,1.0,0.9971428571428571,0.0,0.0,0.0,0.02047348476528883,0.0,7.75241512405168,0.9971428571428571,0.427->0.350,VII
leave_one_pass_out,P26,scale_8,8.0,1,S,1069,1,1,1.0,1.0,0.0,0.0,0.0,0.0,0.0,0.0,1.0,0.427->0.350,VII
leave_one_pass_out,P26,scale_8,8.0,1,T,1069,1,1,0.019644527595884004,0.941066417212348,0.6491512315283221,0.9896941759843372,1.867493717875746,0.02137431322708408,0.05895514544877578,1.2270223328993182,0.07857811038353602,0.427->0.350,VII
leave_one_pass_out,P26,scale_8,8.0,1,h,1069,1,1,0.9962581852198317,0.9943872778297475,0.007757419026414248,0.0,4.856577192139804,0.02669528237649858,0.0,7.75241512405168,0.9962581852198317,0.427->0.350,VII
leave_one_pass_out,P26,scale_8,8.0,5,S,1065,1,1,0.9990610328638497,1.0,0.0001016745321887504,0.0,0.10828337678101918,0.0,0.0,0.0,0.9990610328638497,0.427->0.350,VII
leave_one_pass_out,P26,scale_8,8.0,5,T,1065,1,1,0.0,0.9408450704225352,2.7250446230085825,2.912988369181286,3.2856196362201624,0.021454592337796133,0.05895514544877578,1.2270223328993182,0.059154929577464786,0.427->0.350,VII
leave_one_pass_out,P26,scale_8,8.0,5,h,1065,1,1,1.0,0.9971830985915493,0.0,0.0,0.0,0.020185125824932648,0.0,7.75241512405168,0.9971830985915493,0.427->0.350,VII
leave_one_pass_out,P26,scale_8,8.0,10,S,1060,1,1,0.06132075471698113,1.0,0.10270622558165991,0.2044911249965714,0.6619355143737102,0.0,0.0,0.0,0.06132075471698113,0.427->0.350,VII
leave_one_pass_out,P26,scale_8,8.0,10,T,1060,1,1,0.0,0.940566037735849,3.7748270340367953,3.8548057536571685,4.052563626063072,0.021555793245049887,0.05957842999475976,1.2270223328993182,0.059433962264150944,0.427->0.350,VII
leave_one_pass_out,P26,scale_8,8.0,10,h,1060,1,1,1.0,0.9971698113207547,0.0,0.0,0.0,0.020280338682597425,0.0,7.75241512405168,0.9971698113207547,0.427->0.350,VII
leave_one_pass_out,P26,scale_8,8.0,20,S,1050,1,1,0.0,1.0,0.6075557996533104,0.6510590337763384,1.2415697227909526,0.0,0.0,0.0,0.0,0.427->0.350,VII
leave_one_pass_out,P26,scale_8,8.0,20,T,1050,1,1,0.0,0.9419047619047619,4.283211288595306,4.2955675652339895,4.557412583873702,0.021296131728285334,0.05850669712744953,1.2270223328993182,0.058095238095238096,0.427->0.350,VII
leave_one_pass_out,P26,scale_8,8.0,20,h,1050,1,1,1.0,0.9971428571428571,0.0,0.0,0.0,0.02047348476528883,0.0,7.75241512405168,0.9971428571428571,0.427->0.350,VII
