pass_id,guardrail_label,guardrail_scale,horizon_updates,channel,n_origins,n_passes,n_segments,discrepancy_mean,mae,rmse,discrepancy_norm_mean,mae_norm,rmse_norm,median_abs_discrepancy_norm,p95_abs_discrepancy_norm,max_abs_discrepancy_norm,correlation_norm,r2_norm,guardrail_trajectory_activation_rate,guardrail_any_channel_trajectory_activation_rate,guardrail_step_channel_activation_rate,eight_scale_boundary_crossing_rate,prediction_guardrail_occupancy_p95,prediction_guardrail_occupancy_max,prediction_beyond_8scale_rate,recorded_target_guardrail_occupancy_p95,recorded_target_guardrail_occupancy_max,recorded_target_beyond_8scale_rate,condition_id,batch
P01,infinite,inf,1,S,866,1,1,3.116846917456365,3.1175026218365898,3.3583177719274344,0.45887932975091533,0.45897586615276026,0.4944299957889169,0.396548112302667,0.81996004675094,1.0655561626870955,0.9886255041911932,0.39961330168599896,,,,0.0,0.3660758366613553,0.3986040689307978,0.0,0.46594734013276246,0.49866704904961906,0.0,0.350->0.215,I
P01,infinite,inf,1,T,866,1,1,0.3346634194735116,0.3347761071530043,0.348820611603238,1.065075345079703,1.065433976654408,1.1101309902907908,1.0665593801796005,1.5731523057887586,2.8895921789539387,0.45389911862722776,-10.079475107272058,,,,0.0,0.5023283647929568,0.5896967054155141,0.0,0.6488766706826032,0.7803030664215033,0.0,0.350->0.215,I
P01,infinite,inf,1,h,866,1,1,-0.12224013471002539,1.0614262444574838,1.3398216111801278,-0.04955266178255325,0.4302719055692741,0.5431254416174935,0.3634774343560616,1.0453899336008583,3.233719755414993,0.6554816162428018,0.41561989623838247,,,,0.0,0.07186815310619055,0.7140498488492758,0.0,0.12253431102191373,0.9343163896951069,0.0,0.350->0.215,I
P01,infinite,inf,5,S,862,1,1,8.469593244833025,8.469593244833025,9.066845729569245,1.246940056531111,1.246940056531111,1.334870849138497,1.0563222937475159,2.203423864009903,2.4353379861340714,0.8162723481636702,-3.4217390142367545,,,,0.0,0.19552624213300676,0.2591585008872451,0.0,0.46429715372046104,0.49866704904961906,0.0,0.350->0.215,I
P01,infinite,inf,5,T,862,1,1,0.9609152793211689,0.9609152793211689,0.968447623027063,3.0581387542308263,3.0581387542308263,3.082110640923537,3.0759212370365825,3.6958382953584046,4.84398229494832,0.029431184113792995,-84.01787696143192,,,,0.0,0.2591987625875259,0.31192104561746464,0.0,0.6489810020455432,0.7803030664215033,0.0,0.350->0.215,I
P01,infinite,inf,5,h,862,1,1,-0.3501540149084545,1.071809855077195,1.4346906182194896,-0.1419424439748979,0.43448112495815017,0.5815826294357151,0.3537760979481527,1.0118729238114998,3.5371380732520463,0.2728578122615333,-0.018159818812516937,,,,0.0,0.040240381635469516,0.37222409204241014,0.0,0.11723644946763456,0.46589017194197585,0.0,0.350->0.215,I
P01,infinite,inf,10,S,857,1,1,11.14197540650782,11.14197540650782,11.864004356433218,1.6403828426748746,1.6403828426748746,1.746683912113638,1.377462050197226,2.862694444441472,3.1109851307890644,0.37613372985989113,-6.540480346639075,,,,0.0,0.13091914734904234,0.1735021780580824,0.0,0.46475492874125485,0.49866704904961906,0.0,0.350->0.215,I
P01,infinite,inf,10,T,857,1,1,1.279630240643512,1.279630240643512,1.2845979411537087,4.072457701746769,4.072457701746769,4.088267542402417,4.087930816790665,4.624926134513633,5.71333971487976,0.0025865119525348766,-149.40799491562277,,,,0.0,0.11521206890824721,0.17114918343091426,0.0,0.6495677177641512,0.7803030664215033,0.0,0.350->0.215,I
P01,infinite,inf,10,h,857,1,1,-0.38604808172341165,1.0573501300508097,1.4325800173913263,-0.15649287421698815,0.42861956512429616,0.5807270520981734,0.3479087841850361,1.0025579772973232,3.8653197778014254,0.03150694785611088,-0.10551569159001994,,,,0.0,0.024297000744430673,0.16423716706583522,0.0,0.11481483499186078,0.46589017194197585,0.0,0.350->0.215,I
P01,infinite,inf,20,S,847,1,1,13.27318804165518,13.27318804165518,13.976470175454734,1.9541516774854133,1.9541516774854133,2.0576927376434475,1.6744945776826048,3.2695882586935343,3.52246750911508,0.014284951064502113,-9.354066627408667,,,,0.0,0.08021355842630161,0.11720757977282537,0.0,0.4658389390971707,0.49866704904961906,0.0,0.350->0.215,I
P01,infinite,inf,20,T,847,1,1,1.433096251672502,1.433096251672502,1.4369706232116992,4.560867414740945,4.560867414740945,4.573197706502648,4.5656464053893915,5.109247572192473,6.152335382706683,-0.015641621752957646,-188.55518764138273,,,,0.0,0.02005088315687904,0.04872927112431456,0.0,0.6488505878418682,0.7803030664215033,0.0,0.350->0.215,I
P01,infinite,inf,20,h,847,1,1,-0.24095881535937183,1.024142714522556,1.386998583335973,-0.09767782659395571,0.4151582266347099,0.5622496396618516,0.33920892972325023,0.9231047958831787,3.7908215352606764,-0.026315179618021392,-0.03704757348671217,,,,0.0,0.011424298333384509,0.02997323577641923,0.0,0.11461071423145072,0.46589017194197585,0.0,0.350->0.215,I
P01,scale_8,8.0,1,S,866,1,1,3.116846917456365,3.1175026218365898,3.3583177719274344,0.45887932975091533,0.45897586615276026,0.4944299957889169,0.396548112302667,0.81996004675094,1.0655561626870955,0.9886255041911932,0.39961330168599896,0.0,0.0,0.0,0.0,0.3660758366613553,0.3986040689307978,0.0,0.46594734013276246,0.49866704904961906,0.0,0.350->0.215,I
P01,scale_8,8.0,1,T,866,1,1,0.3346634194735116,0.3347761071530043,0.348820611603238,1.065075345079703,1.065433976654408,1.1101309902907908,1.0665593801796005,1.5731523057887586,2.8895921789539387,0.45389911862722776,-10.079475107272058,0.0,0.0,0.0,0.0,0.5023283647929568,0.5896967054155141,0.0,0.6488766706826032,0.7803030664215033,0.0,0.350->0.215,I
P01,scale_8,8.0,1,h,866,1,1,-0.12224013471002539,1.0614262444574838,1.3398216111801278,-0.04955266178255325,0.4302719055692741,0.5431254416174935,0.3634774343560616,1.0453899336008583,3.233719755414993,0.6554816162428018,0.41561989623838247,0.0,0.0,0.0,0.0,0.07186815310619055,0.7140498488492758,0.0,0.12253431102191373,0.9343163896951069,0.0,0.350->0.215,I
P01,scale_8,8.0,5,S,862,1,1,8.469593244833025,8.469593244833025,9.066845729569245,1.246940056531111,1.246940056531111,1.334870849138497,1.0563222937475159,2.203423864009903,2.4353379861340714,0.8162723481636702,-3.4217390142367545,0.0,0.0,0.0,0.0,0.19552624213300676,0.2591585008872451,0.0,0.46429715372046104,0.49866704904961906,0.0,0.350->0.215,I
P01,scale_8,8.0,5,T,862,1,1,0.9609152793211689,0.9609152793211689,0.968447623027063,3.0581387542308263,3.0581387542308263,3.082110640923537,3.0759212370365825,3.6958382953584046,4.84398229494832,0.029431184113792995,-84.01787696143192,0.0,0.0,0.0,0.0,0.2591987625875259,0.31192104561746464,0.0,0.6489810020455432,0.7803030664215033,0.0,0.350->0.215,I
P01,scale_8,8.0,5,h,862,1,1,-0.3501540149084545,1.071809855077195,1.4346906182194896,-0.1419424439748979,0.43448112495815017,0.5815826294357151,0.3537760979481527,1.0118729238114998,3.5371380732520463,0.2728578122615333,-0.018159818812516937,0.0,0.0,0.0,0.0,0.040240381635469516,0.37222409204241014,0.0,0.11723644946763456,0.46589017194197585,0.0,0.350->0.215,I
P01,scale_8,8.0,10,S,857,1,1,11.14197540650782,11.14197540650782,11.864004356433218,1.6403828426748746,1.6403828426748746,1.746683912113638,1.377462050197226,2.862694444441472,3.1109851307890644,0.37613372985989113,-6.540480346639075,0.0,0.0,0.0,0.0,0.13091914734904234,0.1735021780580824,0.0,0.46475492874125485,0.49866704904961906,0.0,0.350->0.215,I
P01,scale_8,8.0,10,T,857,1,1,1.279630240643512,1.279630240643512,1.2845979411537087,4.072457701746769,4.072457701746769,4.088267542402417,4.087930816790665,4.624926134513633,5.71333971487976,0.0025865119525348766,-149.40799491562277,0.0,0.0,0.0,0.0,0.11521206890824721,0.17114918343091426,0.0,0.6495677177641512,0.7803030664215033,0.0,0.350->0.215,I
P01,scale_8,8.0,10,h,857,1,1,-0.38604808172341165,1.0573501300508097,1.4325800173913263,-0.15649287421698815,0.42861956512429616,0.5807270520981734,0.3479087841850361,1.0025579772973232,3.8653197778014254,0.03150694785611088,-0.10551569159001994,0.0,0.0,0.0,0.0,0.024297000744430673,0.16423716706583522,0.0,0.11481483499186078,0.46589017194197585,0.0,0.350->0.215,I
P01,scale_8,8.0,20,S,847,1,1,13.27318804165518,13.27318804165518,13.976470175454734,1.9541516774854133,1.9541516774854133,2.0576927376434475,1.6744945776826048,3.2695882586935343,3.52246750911508,0.014284951064502113,-9.354066627408667,0.0,0.0,0.0,0.0,0.08021355842630161,0.11720757977282537,0.0,0.4658389390971707,0.49866704904961906,0.0,0.350->0.215,I
P01,scale_8,8.0,20,T,847,1,1,1.433096251672502,1.433096251672502,1.4369706232116992,4.560867414740945,4.560867414740945,4.573197706502648,4.5656464053893915,5.109247572192473,6.152335382706683,-0.015641621752957646,-188.55518764138273,0.0,0.0,0.0,0.0,0.02005088315687904,0.04872927112431456,0.0,0.6488505878418682,0.7803030664215033,0.0,0.350->0.215,I
P01,scale_8,8.0,20,h,847,1,1,-0.24095881535937183,1.024142714522556,1.386998583335973,-0.09767782659395571,0.4151582266347099,0.5622496396618516,0.33920892972325023,0.9231047958831787,3.7908215352606764,-0.026315179618021392,-0.03704757348671217,0.0,0.0,0.0,0.0,0.011424298333384509,0.02997323577641923,0.0,0.11461071423145072,0.46589017194197585,0.0,0.350->0.215,I
P02,infinite,inf,1,S,1124,1,1,2.1599647231765084,2.160466150561335,2.3561077061986118,0.2669889050560827,0.2670508854889127,0.29123374558963144,0.25414881533594336,0.41928222957527506,1.0434821044524913,0.9921943860705351,0.795049708375815,,,,0.0,0.2669543317778208,0.7886829785391508,0.0,0.3081852185728286,0.896024514125916,0.0,0.215->0.163,I
P02,infinite,inf,1,T,1124,1,1,0.2896112635342412,0.289880638248413,0.2970956107088341,1.3783729451491449,1.379655004464071,1.4139938720829572,1.3894766719943488,1.8341729482619455,4.472602490955618,0.45654589248058064,-16.97841385028308,,,,0.0,0.6207201255971031,0.8052488280686847,0.0,0.805564014859256,1.048374537481136,0.0026690391459074734,0.215->0.163,I
P02,infinite,inf,1,h,1124,1,1,-0.06371440665773957,1.0340915620265387,1.3042703529089834,-0.03997841193196601,0.6488538559912225,0.8183809623990603,0.556852353807367,1.6224211690712835,4.10349201474843,0.04358129227712843,-0.33536249385411265,,,,0.0,0.09003086924995791,0.7342955235215739,0.0,0.1649751178647373,0.5461192457201914,0.0,0.215->0.163,I
P02,infinite,inf,5,S,1120,1,1,5.859478942001882,5.859478942001882,6.359456426188746,0.7242784338734848,0.7242784338734848,0.7860796473948953,0.6849692120086347,1.070509706808114,2.9740861724208805,0.9268377678770552,-0.8902761750801036,,,,0.0,0.20486708338761853,0.4525373512299664,0.0,0.30541693792502117,0.6924963050049691,0.0,0.215->0.163,I
P02,infinite,inf,5,T,1120,1,1,0.829229168251878,0.829229168251878,0.8333109922017142,3.9466249927526724,3.9466249927526724,3.9660519847510365,3.980135212794894,4.4621714381264965,6.715419410990018,0.03918719016126621,-140.061872842541,,,,0.0,0.3225139639404732,0.4199689298869228,0.0,0.8056212221650811,1.048374537481136,0.0026785714285714286,0.215->0.163,I
P02,infinite,inf,5,h,1120,1,1,-0.16347724739622171,0.8642455923229595,1.1030637291846415,-0.10257587068208499,0.54228184978438,0.6921313163825467,0.45149734089888405,1.3334873589218204,3.2010760694565548,0.09941774801285047,-0.05601048025314559,,,,0.0,0.046862701690781376,0.37825789573354895,0.0,0.16299323350526887,0.41590848587105744,0.0,0.215->0.163,I
P02,infinite,inf,10,S,1115,1,1,7.713913645890396,7.713913645890396,8.368494514651514,0.953501386348869,0.953501386348869,1.0344128139967126,0.9036496895775245,1.365744323464956,3.9778025769941814,0.8165849866971793,-2.808771632503035,,,,0.0,0.1511928353758509,0.25506145130773783,0.0,0.2991225182968652,0.6597070779927108,0.0,0.215->0.163,I
P02,infinite,inf,10,T,1115,1,1,1.1009748128904584,1.1009748128904584,1.1035938611071936,5.239968490380994,5.239968490380994,5.2524335622153355,5.25751496759802,5.754912144506909,7.704134275336404,0.024161371806978037,-248.0524060746584,,,,0.0,0.1420305629798402,0.20533720049172535,0.0,0.805564014859256,1.048374537481136,0.0026905829596412557,0.215->0.163,I
P02,infinite,inf,10,h,1115,1,1,-0.18023315128313425,0.8388477532663516,1.0741044622643612,-0.11308957492925541,0.5263456537927705,0.6739604573426771,0.4354859617182648,1.2840370497625972,3.4143753268752417,0.12154156308395986,-0.013773429030721873,,,,0.0,0.023956327326654262,0.16791969927607842,0.0,0.16248579451468034,0.41590848587105744,0.0,0.215->0.163,I
P02,infinite,inf,20,S,1105,1,1,9.571067529670005,9.571067529670005,10.079614622631524,1.183060451194045,1.183060451194045,1.245920936859558,1.1443694745303394,1.6275940080097844,4.420908468885791,0.5721960184080903,-7.126244076890291,,,,0.0,0.08549545420350022,0.12733401085880774,0.0,0.2887261775653812,0.6462707171906344,0.0,0.215->0.163,I
P02,infinite,inf,20,T,1105,1,1,1.2288628502730734,1.2288628502730734,1.2307764206799674,5.848637533791929,5.848637533791929,5.857744961608487,5.847771468403767,6.331369024410994,8.289470497805832,-0.006425191079706147,-328.5392135771639,,,,0.0,0.021738477229189864,0.0598932363764615,0.0,0.8049159793639249,1.048374537481136,0.0027149321266968325,0.215->0.163,I
P02,infinite,inf,20,h,1105,1,1,-0.08047215007215809,0.8336930290848127,1.0638976877380806,-0.05049327041398303,0.5231112567774732,0.6675560873122017,0.44381663641625957,1.2979538982639274,3.3605323086513343,0.16560902193202354,0.0060443609548539445,,,,0.0,0.010037833671570783,0.032889084507361534,0.0,0.16282089573488032,0.41590848587105744,0.0,0.215->0.163,I
P02,scale_8,8.0,1,S,1124,1,1,2.1599647231765084,2.160466150561335,2.3561077061986118,0.2669889050560827,0.2670508854889127,0.29123374558963144,0.25414881533594336,0.41928222957527506,1.0434821044524913,0.9921943860705351,0.795049708375815,0.0,0.0,0.0,0.0,0.2669543317778208,0.7886829785391508,0.0,0.3081852185728286,0.896024514125916,0.0,0.215->0.163,I
P02,scale_8,8.0,1,T,1124,1,1,0.2896112635342412,0.289880638248413,0.2970956107088341,1.3783729451491449,1.379655004464071,1.4139938720829572,1.3894766719943488,1.8341729482619455,4.472602490955618,0.45654589248058064,-16.97841385028308,0.0,0.0,0.0,0.0,0.6207201255971031,0.8052488280686847,0.0,0.805564014859256,1.048374537481136,0.0026690391459074734,0.215->0.163,I
P02,scale_8,8.0,1,h,1124,1,1,-0.06371440665773957,1.0340915620265387,1.3042703529089834,-0.03997841193196601,0.6488538559912225,0.8183809623990603,0.556852353807367,1.6224211690712835,4.10349201474843,0.04358129227712843,-0.33536249385411265,0.0,0.0,0.0,0.0,0.09003086924995791,0.7342955235215739,0.0,0.1649751178647373,0.5461192457201914,0.0,0.215->0.163,I
P02,scale_8,8.0,5,S,1120,1,1,5.859478942001882,5.859478942001882,6.359456426188746,0.7242784338734848,0.7242784338734848,0.7860796473948953,0.6849692120086347,1.070509706808114,2.9740861724208805,0.9268377678770552,-0.8902761750801036,0.0,0.0,0.0,0.0,0.20486708338761853,0.4525373512299664,0.0,0.30541693792502117,0.6924963050049691,0.0,0.215->0.163,I
P02,scale_8,8.0,5,T,1120,1,1,0.829229168251878,0.829229168251878,0.8333109922017142,3.9466249927526724,3.9466249927526724,3.9660519847510365,3.980135212794894,4.4621714381264965,6.715419410990018,0.03918719016126621,-140.061872842541,0.0,0.0,0.0,0.0,0.3225139639404732,0.4199689298869228,0.0,0.8056212221650811,1.048374537481136,0.0026785714285714286,0.215->0.163,I
P02,scale_8,8.0,5,h,1120,1,1,-0.16347724739622171,0.8642455923229595,1.1030637291846415,-0.10257587068208499,0.54228184978438,0.6921313163825467,0.45149734089888405,1.3334873589218204,3.2010760694565548,0.09941774801285047,-0.05601048025314559,0.0,0.0,0.0,0.0,0.046862701690781376,0.37825789573354895,0.0,0.16299323350526887,0.41590848587105744,0.0,0.215->0.163,I
P02,scale_8,8.0,10,S,1115,1,1,7.713913645890396,7.713913645890396,8.368494514651514,0.953501386348869,0.953501386348869,1.0344128139967126,0.9036496895775245,1.365744323464956,3.9778025769941814,0.8165849866971793,-2.808771632503035,0.0,0.0,0.0,0.0,0.1511928353758509,0.25506145130773783,0.0,0.2991225182968652,0.6597070779927108,0.0,0.215->0.163,I
P02,scale_8,8.0,10,T,1115,1,1,1.1009748128904584,1.1009748128904584,1.1035938611071936,5.239968490380994,5.239968490380994,5.2524335622153355,5.25751496759802,5.754912144506909,7.704134275336404,0.024161371806978037,-248.0524060746584,0.0,0.0,0.0,0.0,0.1420305629798402,0.20533720049172535,0.0,0.805564014859256,1.048374537481136,0.0026905829596412557,0.215->0.163,I
P02,scale_8,8.0,10,h,1115,1,1,-0.18023315128313425,0.8388477532663516,1.0741044622643612,-0.11308957492925541,0.5263456537927705,0.6739604573426771,0.4354859617182648,1.2840370497625972,3.4143753268752417,0.12154156308395986,-0.013773429030721873,0.0,0.0,0.0,0.0,0.023956327326654262,0.16791969927607842,0.0,0.16248579451468034,0.41590848587105744,0.0,0.215->0.163,I
P02,scale_8,8.0,20,S,1105,1,1,9.571067529670005,9.571067529670005,10.079614622631524,1.183060451194045,1.183060451194045,1.245920936859558,1.1443694745303394,1.6275940080097844,4.420908468885791,0.5721960184080903,-7.126244076890291,0.0,0.0,0.0,0.0,0.08549545420350022,0.12733401085880774,0.0,0.2887261775653812,0.6462707171906344,0.0,0.215->0.163,I
P02,scale_8,8.0,20,T,1105,1,1,1.2288628502730734,1.2288628502730734,1.2307764206799674,5.848637533791929,5.848637533791929,5.857744961608487,5.847771468403767,6.331369024410994,8.289470497805832,-0.006425191079706147,-328.5392135771639,0.0,0.0,0.0,0.0,0.021738477229189864,0.0598932363764615,0.0,0.8049159793639249,1.048374537481136,0.0027149321266968325,0.215->0.163,I
P02,scale_8,8.0,20,h,1105,1,1,-0.08047215007215809,0.8336930290848127,1.0638976877380806,-0.05049327041398303,0.5231112567774732,0.6675560873122017,0.44381663641625957,1.2979538982639274,3.3605323086513343,0.16560902193202354,0.0060443609548539445,0.0,0.0,0.0,0.0,0.010037833671570783,0.032889084507361534,0.0,0.16282089573488032,0.41590848587105744,0.0,0.215->0.163,I
P03,infinite,inf,1,S,1458,1,1,2.5889603610538376,2.5889603610538376,2.6761834202875106,0.691193128177628,0.691193128177628,0.7144796875502115,0.6795915180396861,1.0120361217118645,1.6644839751459983,0.9826203044667241,-0.1523668904073181,,,,0.0,0.44142442383530406,0.5529905751978764,0.0,0.5651962357195159,0.6556300316572719,0.0,0.163->0.126,I
P03,infinite,inf,1,T,1458,1,1,0.24915271781231868,0.2492912699698713,0.25821529212391026,1.0838242722478744,1.0844269796662254,1.1232468324117648,1.0820418151512172,1.5494645853843414,3.5552749001225328,0.5220210736083283,-10.348073451571656,,,,0.0,0.4985613387671773,0.609286672232922,0.0,0.6458579194535321,0.7684010980065047,0.0,0.163->0.126,I
P03,infinite,inf,1,h,1458,1,1,-0.06277236265041854,0.8029065691130415,1.0685031726269216,-0.046599693418314304,0.596045749824407,0.7932140540607598,0.5032677894852484,1.4597182402196585,9.944444428392373,0.1616238299412653,-0.19039891873527104,,,,0.0,0.08853722358823991,0.710544721751743,0.0,0.15651794131665606,0.9238721399519793,0.0,0.163->0.126,I
P03,infinite,inf,5,S,1454,1,1,7.066406913859723,7.066406913859723,7.266587849870199,1.886568822466862,1.886568822466862,1.9400125481584698,1.832950996262358,2.7070432005170453,3.8711162208862873,0.8675644628618393,-7.516379557877045,,,,0.0,0.2336334216731132,0.346734489083581,0.0,0.5649128731855979,0.6556300316572719,0.0,0.163->0.126,I
P03,infinite,inf,5,T,1454,1,1,0.7121850499934967,0.7121850499934967,0.7172434908293193,3.0980334081543535,3.0980334081543535,3.120037827795981,3.1198260300185257,3.6173793442928117,5.014847346442014,0.06298246088996771,-86.42812902693301,,,,0.0,0.24447154436759833,0.335591311333664,0.0,0.6460614967957018,0.7684010980065047,0.0,0.163->0.126,I
P03,infinite,inf,5,h,1454,1,1,-0.135719553581023,0.7253166602407404,0.9168648381544815,-0.100752772728461,0.5384461022543459,0.6806438145712573,0.47097468352191674,1.3027126156222035,4.258671658046615,0.02976603912410391,-0.1133793387442894,,,,0.0,0.044121518789062855,0.3485143246404499,0.0,0.154966071733853,0.35194589735541926,0.0,0.163->0.126,I
P03,infinite,inf,10,S,1449,1,1,9.205648453603386,9.205648453603386,9.452353468215545,2.457697324094856,2.457697324094856,2.5235619133531775,2.387073317457486,3.5082054998768504,3.833695637187663,0.6603686280271498,-13.617122291318282,,,,0.0,0.12291559237299615,0.21490373980540747,0.0,0.5639022095759049,0.6556300316572719,0.0,0.163->0.126,I
P03,infinite,inf,10,T,1449,1,1,0.9453050941055482,0.9453050941055482,0.9487452017633428,4.1121149095508605,4.1121149095508605,4.127079515240902,4.1223043315936945,4.62046230058417,5.639961383996244,0.034954070527913154,-151.48216313248935,,,,0.0,0.09004888265428199,0.17950197271465995,0.0,0.6463159684734139,0.7684010980065047,0.0,0.163->0.126,I
P03,infinite,inf,10,h,1449,1,1,-0.14349210174946275,0.6966185007602502,0.8681134539561866,-0.10652280186923856,0.5171417355395171,0.6444527352261843,0.45191037090630254,1.2469927495059372,2.5612305412477454,0.07292919893257242,-0.025335368862415608,,,,0.0,0.022305454995983492,0.13356381328621045,0.0,0.15369172627352196,0.35194589735541926,0.0,0.163->0.126,I
P03,infinite,inf,20,S,1439,1,1,10.607606293697833,10.607606293697833,10.864373776151101,2.8319879620069757,2.8319879620069757,2.90053899974435,2.7471624111971518,3.9902722239869526,4.421568341600465,0.3883410845820461,-18.61938259410778,,,,0.0,0.06088390030206482,0.12495086149496604,0.0,0.562262577879344,0.6556300316572719,0.0,0.163->0.126,I
P03,infinite,inf,20,T,1439,1,1,1.056645870685018,1.056645870685018,1.059456903282234,4.59645173399866,4.59645173399866,4.60867983805345,4.602525832432638,5.0810465572207315,6.054341157717421,0.03237950507791824,-189.28143689007848,,,,0.0,0.013219403556432826,0.06707336177540744,0.0,0.6458070251179897,0.7684010980065047,0.0,0.163->0.126,I
P03,infinite,inf,20,h,1439,1,1,-0.0647291809509024,0.6866661526865255,0.8573424867144193,-0.04805235712297233,0.5097535100618382,0.6364567995931687,0.4387424371815653,1.2283100202856607,2.651497607935115,0.05898511608384047,-0.002819720845024465,,,,0.0,0.004923370678625024,0.023755458991168984,0.0,0.15387296651676904,0.35194589735541926,0.0,0.163->0.126,I
P03,scale_8,8.0,1,S,1458,1,1,2.5889603610538376,2.5889603610538376,2.6761834202875106,0.691193128177628,0.691193128177628,0.7144796875502115,0.6795915180396861,1.0120361217118645,1.6644839751459983,0.9826203044667241,-0.1523668904073181,0.0,0.0,0.0,0.0,0.44142442383530406,0.5529905751978764,0.0,0.5651962357195159,0.6556300316572719,0.0,0.163->0.126,I
P03,scale_8,8.0,1,T,1458,1,1,0.24915271781231868,0.2492912699698713,0.25821529212391026,1.0838242722478744,1.0844269796662254,1.1232468324117648,1.0820418151512172,1.5494645853843414,3.5552749001225328,0.5220210736083283,-10.348073451571656,0.0,0.0,0.0,0.0,0.4985613387671773,0.609286672232922,0.0,0.6458579194535321,0.7684010980065047,0.0,0.163->0.126,I
P03,scale_8,8.0,1,h,1458,1,1,-0.06277236265041854,0.8029065691130415,1.0685031726269216,-0.046599693418314304,0.596045749824407,0.7932140540607598,0.5032677894852484,1.4597182402196585,9.944444428392373,0.1616238299412653,-0.19039891873527104,0.0,0.0,0.0,0.0,0.08853722358823991,0.710544721751743,0.0,0.15651794131665606,0.9238721399519793,0.0,0.163->0.126,I
P03,scale_8,8.0,5,S,1454,1,1,7.066406913859723,7.066406913859723,7.266587849870199,1.886568822466862,1.886568822466862,1.9400125481584698,1.832950996262358,2.7070432005170453,3.8711162208862873,0.8675644628618393,-7.516379557877045,0.0,0.0,0.0,0.0,0.2336334216731132,0.346734489083581,0.0,0.5649128731855979,0.6556300316572719,0.0,0.163->0.126,I
P03,scale_8,8.0,5,T,1454,1,1,0.7121850499934967,0.7121850499934967,0.7172434908293193,3.0980334081543535,3.0980334081543535,3.120037827795981,3.1198260300185257,3.6173793442928117,5.014847346442014,0.06298246088996771,-86.42812902693301,0.0,0.0,0.0,0.0,0.24447154436759833,0.335591311333664,0.0,0.6460614967957018,0.7684010980065047,0.0,0.163->0.126,I
P03,scale_8,8.0,5,h,1454,1,1,-0.135719553581023,0.7253166602407404,0.9168648381544815,-0.100752772728461,0.5384461022543459,0.6806438145712573,0.47097468352191674,1.3027126156222035,4.258671658046615,0.02976603912410391,-0.1133793387442894,0.0,0.0,0.0,0.0,0.044121518789062855,0.3485143246404499,0.0,0.154966071733853,0.35194589735541926,0.0,0.163->0.126,I
P03,scale_8,8.0,10,S,1449,1,1,9.205648453603386,9.205648453603386,9.452353468215545,2.457697324094856,2.457697324094856,2.5235619133531775,2.387073317457486,3.5082054998768504,3.833695637187663,0.6603686280271498,-13.617122291318282,0.0,0.0,0.0,0.0,0.12291559237299615,0.21490373980540747,0.0,0.5639022095759049,0.6556300316572719,0.0,0.163->0.126,I
P03,scale_8,8.0,10,T,1449,1,1,0.9453050941055482,0.9453050941055482,0.9487452017633428,4.1121149095508605,4.1121149095508605,4.127079515240902,4.1223043315936945,4.62046230058417,5.639961383996244,0.034954070527913154,-151.48216313248935,0.0,0.0,0.0,0.0,0.09004888265428199,0.17950197271465995,0.0,0.6463159684734139,0.7684010980065047,0.0,0.163->0.126,I
P03,scale_8,8.0,10,h,1449,1,1,-0.14349210174946275,0.6966185007602502,0.8681134539561866,-0.10652280186923856,0.5171417355395171,0.6444527352261843,0.45191037090630254,1.2469927495059372,2.5612305412477454,0.07292919893257242,-0.025335368862415608,0.0,0.0,0.0,0.0,0.022305454995983492,0.13356381328621045,0.0,0.15369172627352196,0.35194589735541926,0.0,0.163->0.126,I
P03,scale_8,8.0,20,S,1439,1,1,10.607606293697833,10.607606293697833,10.864373776151101,2.8319879620069757,2.8319879620069757,2.90053899974435,2.7471624111971518,3.9902722239869526,4.421568341600465,0.3883410845820461,-18.61938259410778,0.0,0.0,0.0,0.0,0.06088390030206482,0.12495086149496604,0.0,0.562262577879344,0.6556300316572719,0.0,0.163->0.126,I
P03,scale_8,8.0,20,T,1439,1,1,1.056645870685018,1.056645870685018,1.059456903282234,4.59645173399866,4.59645173399866,4.60867983805345,4.602525832432638,5.0810465572207315,6.054341157717421,0.03237950507791824,-189.28143689007848,0.0,0.0,0.0,0.0,0.013219403556432826,0.06707336177540744,0.0,0.6458070251179897,0.7684010980065047,0.0,0.163->0.126,I
P03,scale_8,8.0,20,h,1439,1,1,-0.0647291809509024,0.6866661526865255,0.8573424867144193,-0.04805235712297233,0.5097535100618382,0.6364567995931687,0.4387424371815653,1.2283100202856607,2.651497607935115,0.05898511608384047,-0.002819720845024465,0.0,0.0,0.0,0.0,0.004923370678625024,0.023755458991168984,0.0,0.15387296651676904,0.35194589735541926,0.0,0.163->0.126,I
P04,infinite,inf,1,S,1864,1,1,1.6862393646860012,1.6866861325974571,2.045688738319404,0.22470796520609143,0.2247675014204659,0.27260812637852766,0.1885899985193138,0.6203635547772579,1.1775161269282697,0.9927723527566971,0.8295071745319396,,,,0.0,0.32417757829993227,0.5827460857296656,0.0,0.41032425732183314,0.7263986569004481,0.0,0.126->0.098,I
P04,infinite,inf,1,T,1864,1,1,0.23706059944411298,0.23706433634467658,0.2430538260366918,1.2828419543705163,1.2828621764269588,1.3152740098577533,1.285057219494234,1.743756675404876,3.09984138688997,0.5361813445588413,-14.564092454390089,,,,0.0,0.5798179603233684,0.699399725919375,0.0,0.7575151796385103,0.8589604155586779,0.0,0.126->0.098,I
P04,infinite,inf,1,h,1864,1,1,-0.03562069903041115,0.6920493102791668,0.9379936636922097,-0.03045821346926364,0.5917510379496961,0.8020508305343117,0.48887372198980505,1.420381077318493,12.434955995691915,0.08370095466985486,-0.17378367010252815,,,,0.0,0.08506132493609346,0.757038592787028,0.0,0.15314970435667255,1.664449461985068,0.001072961373390558,0.126->0.098,I
P04,infinite,inf,5,S,1860,1,1,4.546377780593413,4.546377780593413,5.483912115766037,0.6058495143277405,0.6058495143277405,0.7307851771876309,0.48333190354740274,1.7287280215756022,2.706034764536294,0.9181171817310322,-0.3270147302593396,,,,0.0,0.181277760516417,0.3398465429933077,0.0,0.40810589290109517,0.5860496280512029,0.0,0.126->0.098,I
P04,infinite,inf,5,T,1860,1,1,0.6770510460935634,0.6770510460935634,0.6805611331452444,3.6638289501331904,3.6638289501331904,3.6828236162394434,3.669885218417088,4.2332732473861805,5.090370440771131,0.033796438203036384,-120.76864120220726,,,,0.0,0.2624446231946468,0.37992580811603366,0.0,0.7577736272419417,0.8589604155586779,0.0,0.126->0.098,I
P04,infinite,inf,5,h,1860,1,1,-0.10335199196847934,0.6186302932182525,0.8994908598437189,-0.08837325261814861,0.5289725929664667,0.769128213889947,0.4231807236899816,1.2954015076309153,13.383173572478938,-0.09180746511855696,-0.09740141001787284,,,,0.0,0.04298223342792798,0.11420799911814655,0.0,0.1520015382309794,1.664449461985068,0.001075268817204301,0.126->0.098,I
P04,infinite,inf,10,S,1855,1,1,6.037170707712758,6.037170707712758,7.226542463810238,0.8045123211701137,0.8045123211701137,0.9630077950532226,0.6388714244434472,2.287784960036932,3.5054924093579602,0.7479270585684292,-1.3884012863709985,,,,0.0,0.10634888846890726,0.20241433665356312,0.0,0.39083345925167473,0.5860496280512029,0.0,0.126->0.098,I
P04,infinite,inf,10,T,1855,1,1,0.8970779449570458,0.8970779449570458,0.8994865828713663,4.854493858658643,4.854493858658643,4.867528086095101,4.868537355152754,5.407732998166661,6.2665427100926,-0.022842394555981468,-211.9911946910413,,,,0.0,0.09238840306627495,0.1874344518136055,0.0,0.7582867425935328,0.8589604155586779,0.0,0.126->0.098,I
P04,infinite,inf,10,h,1855,1,1,-0.11211652147157265,0.5932068761707271,0.863606421064504,-0.0958675443594467,0.5072337758003426,0.7384444843081969,0.4154212246346651,1.2403706959113194,13.18567436722383,0.03517049481356664,-0.017481116267390906,,,,0.0,0.022122078730043647,0.05809131712764104,0.0,0.1507750880512616,1.664449461985068,0.001078167115902965,0.126->0.098,I
P04,infinite,inf,20,S,1845,1,1,7.713544218221371,7.713544218221371,8.79304090250379,1.0279055643600734,1.0279055643600734,1.1717591052344405,0.8453890990451628,2.5323008320245592,3.9279439670346297,0.45241214042683475,-2.909932267074967,,,,0.0,0.05882769277248823,0.12324795971840156,0.0,0.37384547482297864,0.5837336506574553,0.0,0.126->0.098,I
P04,infinite,inf,20,T,1845,1,1,0.9994612564742634,0.9994612564742634,1.0013813587070857,5.408536191081904,5.408536191081904,5.418926731334991,5.413115008222736,5.96451157218709,6.765646351216053,-0.05497896832310133,-267.3134426696284,,,,0.0,0.013674288503666514,0.06173506299421088,0.0,0.7565878236491562,0.8589604155586779,0.0,0.126->0.098,I
P04,infinite,inf,20,h,1845,1,1,-0.037324827113014214,0.5823924248859331,0.8548945210450346,-0.031915363338068235,0.49798665615499277,0.7309951944924818,0.4079654016339845,1.221150183406166,13.111453363866614,0.09216269021812148,0.0023665648360898794,,,,0.0,0.0051033116468619496,0.02616173033988159,0.0,0.1506968039972371,1.664449461985068,0.001084010840108401,0.126->0.098,I
P04,scale_8,8.0,1,S,1864,1,1,1.6862393646860012,1.6866861325974571,2.045688738319404,0.22470796520609143,0.2247675014204659,0.27260812637852766,0.1885899985193138,0.6203635547772579,1.1775161269282697,0.9927723527566971,0.8295071745319396,0.0,0.0,0.0,0.0,0.32417757829993227,0.5827460857296656,0.0,0.41032425732183314,0.7263986569004481,0.0,0.126->0.098,I
P04,scale_8,8.0,1,T,1864,1,1,0.23706059944411298,0.23706433634467658,0.2430538260366918,1.2828419543705163,1.2828621764269588,1.3152740098577533,1.285057219494234,1.743756675404876,3.09984138688997,0.5361813445588413,-14.564092454390089,0.0,0.0,0.0,0.0,0.5798179603233684,0.699399725919375,0.0,0.7575151796385103,0.8589604155586779,0.0,0.126->0.098,I
P04,scale_8,8.0,1,h,1864,1,1,-0.03562069903041115,0.6920493102791668,0.9379936636922097,-0.03045821346926364,0.5917510379496961,0.8020508305343117,0.48887372198980505,1.420381077318493,12.434955995691915,0.08370095466985486,-0.17378367010252815,0.0,0.0,0.0,0.0,0.08506132493609346,0.757038592787028,0.0,0.15314970435667255,1.664449461985068,0.001072961373390558,0.126->0.098,I
P04,scale_8,8.0,5,S,1860,1,1,4.546377780593413,4.546377780593413,5.483912115766037,0.6058495143277405,0.6058495143277405,0.7307851771876309,0.48333190354740274,1.7287280215756022,2.706034764536294,0.9181171817310322,-0.3270147302593396,0.0,0.0,0.0,0.0,0.181277760516417,0.3398465429933077,0.0,0.40810589290109517,0.5860496280512029,0.0,0.126->0.098,I
P04,scale_8,8.0,5,T,1860,1,1,0.6770510460935634,0.6770510460935634,0.6805611331452444,3.6638289501331904,3.6638289501331904,3.6828236162394434,3.669885218417088,4.2332732473861805,5.090370440771131,0.033796438203036384,-120.76864120220726,0.0,0.0,0.0,0.0,0.2624446231946468,0.37992580811603366,0.0,0.7577736272419417,0.8589604155586779,0.0,0.126->0.098,I
P04,scale_8,8.0,5,h,1860,1,1,-0.10335199196847934,0.6186302932182525,0.8994908598437189,-0.08837325261814861,0.5289725929664667,0.769128213889947,0.4231807236899816,1.2954015076309153,13.383173572478938,-0.09180746511855696,-0.09740141001787284,0.0,0.0,0.0,0.0,0.04298223342792798,0.11420799911814655,0.0,0.1520015382309794,1.664449461985068,0.001075268817204301,0.126->0.098,I
P04,scale_8,8.0,10,S,1855,1,1,6.037170707712758,6.037170707712758,7.226542463810238,0.8045123211701137,0.8045123211701137,0.9630077950532226,0.6388714244434472,2.287784960036932,3.5054924093579602,0.7479270585684292,-1.3884012863709985,0.0,0.0,0.0,0.0,0.10634888846890726,0.20241433665356312,0.0,0.39083345925167473,0.5860496280512029,0.0,0.126->0.098,I
P04,scale_8,8.0,10,T,1855,1,1,0.8970779449570458,0.8970779449570458,0.8994865828713663,4.854493858658643,4.854493858658643,4.867528086095101,4.868537355152754,5.407732998166661,6.2665427100926,-0.022842394555981468,-211.9911946910413,0.0,0.0,0.0,0.0,0.09238840306627495,0.1874344518136055,0.0,0.7582867425935328,0.8589604155586779,0.0,0.126->0.098,I
P04,scale_8,8.0,10,h,1855,1,1,-0.11211652147157265,0.5932068761707271,0.863606421064504,-0.0958675443594467,0.5072337758003426,0.7384444843081969,0.4154212246346651,1.2403706959113194,13.18567436722383,0.03517049481356664,-0.017481116267390906,0.0,0.0,0.0,0.0,0.022122078730043647,0.05809131712764104,0.0,0.1507750880512616,1.664449461985068,0.001078167115902965,0.126->0.098,I
P04,scale_8,8.0,20,S,1845,1,1,7.713544218221371,7.713544218221371,8.79304090250379,1.0279055643600734,1.0279055643600734,1.1717591052344405,0.8453890990451628,2.5323008320245592,3.9279439670346297,0.45241214042683475,-2.909932267074967,0.0,0.0,0.0,0.0,0.05882769277248823,0.12324795971840156,0.0,0.37384547482297864,0.5837336506574553,0.0,0.126->0.098,I
P04,scale_8,8.0,20,T,1845,1,1,0.9994612564742634,0.9994612564742634,1.0013813587070857,5.408536191081904,5.408536191081904,5.418926731334991,5.413115008222736,5.96451157218709,6.765646351216053,-0.05497896832310133,-267.3134426696284,0.0,0.0,0.0,0.0,0.013674288503666514,0.06173506299421088,0.0,0.7565878236491562,0.8589604155586779,0.0,0.126->0.098,I
P04,scale_8,8.0,20,h,1845,1,1,-0.037324827113014214,0.5823924248859331,0.8548945210450346,-0.031915363338068235,0.49798665615499277,0.7309951944924818,0.4079654016339845,1.221150183406166,13.111453363866614,0.09216269021812148,0.0023665648360898794,0.0,0.0,0.0,0.0,0.0051033116468619496,0.02616173033988159,0.0,0.1506968039972371,1.664449461985068,0.001084010840108401,0.126->0.098,I
P12,infinite,inf,1,S,1385,1,2,0.7989260757345714,0.8010539357554515,0.951137812966584,0.22382465746030356,0.22442079214004731,0.26646782681244735,0.1841316722096598,0.49071838233550874,0.7419771088146568,0.9842689734706944,0.7284462151547657,,,,0.0,0.24783007495930398,0.29969729978476495,0.0,0.30103532077793377,0.3688146140026452,0.0,0.098->0.069,IV
P12,infinite,inf,1,T,1385,1,2,0.14289156783359983,0.14289156783359983,0.14345736617439978,1.905220904447997,1.905220904447997,1.9127648823253303,1.933935287239406,2.0194594966732633,2.7901323748458977,0.21151429378285286,-272.7978157779547,,,,0.0,0.8432777233780878,0.9066435260342337,0.0,1.0339874774217326,1.1229328190286672,0.9848375451263538,0.098->0.069,IV
P12,infinite,inf,1,h,1385,1,2,-0.03999811460342702,0.3408060471335526,0.42941892703670037,-0.050114467316277514,0.4270029645047521,0.5380278794972962,0.35781940727910094,1.0528145303868564,1.7585395292717025,0.6630694379252944,0.42880300955651973,,,,0.0,0.10975713249881487,0.733129475976932,0.0,0.15917691154074654,0.7782959486937056,0.0,0.098->0.069,IV
P12,infinite,inf,5,S,1377,1,2,2.136475950396811,2.136475950396811,2.4833474649177503,0.598548491899036,0.598548491899036,0.695726942169296,0.46737200746529095,1.2452226204594115,1.7682609839429282,0.8769570293750704,-0.8935665760665916,,,,0.0,0.15575940502477947,0.20485708868004265,0.0,0.2991173841766092,0.3688146140026452,0.0,0.098->0.069,IV
P12,infinite,inf,5,T,1377,1,2,0.4084354236020999,0.4084354236020999,0.4089384565200745,5.445805648027997,5.445805648027997,5.452512753600992,5.494486948591459,5.606420928892409,6.3578835812303165,-0.01567012582274904,-2238.0124889683398,,,,0.0,0.4043572619551349,0.521869434114207,0.0,1.0339870117604328,1.1229328190286672,0.9854756717501816,0.098->0.069,IV
P12,infinite,inf,5,h,1377,1,2,-0.10590119254223988,0.34929057737956287,0.45265624177603403,-0.1326858004441583,0.43763340841250625,0.5671423930579583,0.3584993725336587,1.1429993216724272,2.3727539508848463,0.5450180340352575,0.2248056984775897,,,,0.0,0.04819096248727176,0.35717857035112494,0.0,0.15485623150132682,0.5303347977588649,0.0,0.098->0.069,IV
P12,infinite,inf,10,S,1371,1,1,2.7523766740816287,2.7523766740816287,3.1642460025184196,0.7710973330187327,0.7710973330187327,0.8864853697291497,0.592172753472361,1.5743932345193534,1.9732506277200932,0.6613741450215566,-2.1556039472437094,,,,0.0,0.10532163818792062,0.16602058215589374,0.0,0.2980991895374543,0.33318086717822815,0.0,0.098->0.069,IV
P12,infinite,inf,10,T,1371,1,1,0.541261749509264,0.541261749509264,0.5415115448277263,7.216823326790185,7.216823326790185,7.220153931036351,7.2519489205319,7.350377474831706,8.063867792387386,-0.0114882426738024,-3952.283682293182,,,,0.0,0.1359296539646856,0.2653276242747817,0.0,1.0338867393631663,1.1229328190286672,0.9861415025528811,0.098->0.069,IV
P12,infinite,inf,10,h,1371,1,1,-0.12875332552911106,0.3680017662407626,0.48072202791514357,-0.16131771179879154,0.46107704499214003,0.6023065985741236,0.35896592521459236,1.1749593302543926,2.639688047324878,0.46310256408366346,0.04612229636618459,,,,0.0,0.026172886427576477,0.1364377684713757,0.0,0.1530400164405088,0.3827434265008102,0.0,0.098->0.069,IV
P12,infinite,inf,20,S,1361,1,1,3.512346001835518,3.512346001835518,3.8845873232646184,0.9840079884989077,0.9840079884989077,1.0882939653770984,0.7920287544466348,1.8413451917222068,2.146853296785928,0.43099043485239646,-3.854347286300233,,,,0.0,0.06974950537095578,0.1208509677489556,0.0,0.29686950740112883,0.33318086717822815,0.0,0.098->0.069,IV
P12,infinite,inf,20,T,1361,1,1,0.6034715047610107,0.6034715047610107,0.603546056456475,8.046286730146807,8.046286730146807,8.047280752753,8.051982901805049,8.138482804279063,8.84502239668759,0.002651416041436564,-5204.872743576596,,,,0.0,0.01864554526093418,0.08354740776468392,0.0,1.0337967115143327,1.1229328190286672,0.9875091844232182,0.098->0.069,IV
P12,infinite,inf,20,h,1361,1,1,-0.07154856295922547,0.3600634270213873,0.4695063080432393,-0.08964467839290391,0.4511309351492321,0.5882541905413481,0.356469922614586,1.1776659727396577,2.653135198351791,0.08908468622333077,-0.01792443628917595,,,,0.0,0.006340557062184544,0.027779626612932606,0.0,0.14548838539816014,0.32940405787257543,0.0,0.098->0.069,IV
P12,scale_8,8.0,1,S,1385,1,2,0.7989260757345714,0.8010539357554515,0.951137812966584,0.22382465746030356,0.22442079214004731,0.26646782681244735,0.1841316722096598,0.49071838233550874,0.7419771088146568,0.9842689734706944,0.7284462151547657,0.0,0.0,0.0,0.0,0.24783007495930398,0.29969729978476495,0.0,0.30103532077793377,0.3688146140026452,0.0,0.098->0.069,IV
P12,scale_8,8.0,1,T,1385,1,2,0.14289156783359983,0.14289156783359983,0.14345736617439978,1.905220904447997,1.905220904447997,1.9127648823253303,1.933935287239406,2.0194594966732633,2.7901323748458977,0.21151429378285286,-272.7978157779547,0.0,0.0,0.0,0.0,0.8432777233780878,0.9066435260342337,0.0,1.0339874774217326,1.1229328190286672,0.9848375451263538,0.098->0.069,IV
P12,scale_8,8.0,1,h,1385,1,2,-0.03999811460342702,0.3408060471335526,0.42941892703670037,-0.050114467316277514,0.4270029645047521,0.5380278794972962,0.35781940727910094,1.0528145303868564,1.7585395292717025,0.6630694379252944,0.42880300955651973,0.0,0.0,0.0,0.0,0.10975713249881487,0.733129475976932,0.0,0.15917691154074654,0.7782959486937056,0.0,0.098->0.069,IV
P12,scale_8,8.0,5,S,1377,1,2,2.136475950396811,2.136475950396811,2.4833474649177503,0.598548491899036,0.598548491899036,0.695726942169296,0.46737200746529095,1.2452226204594115,1.7682609839429282,0.8769570293750704,-0.8935665760665916,0.0,0.0,0.0,0.0,0.15575940502477947,0.20485708868004265,0.0,0.2991173841766092,0.3688146140026452,0.0,0.098->0.069,IV
P12,scale_8,8.0,5,T,1377,1,2,0.4084354236020999,0.4084354236020999,0.4089384565200745,5.445805648027997,5.445805648027997,5.452512753600992,5.494486948591459,5.606420928892409,6.3578835812303165,-0.01567012582274904,-2238.0124889683398,0.0,0.0,0.0,0.0,0.4043572619551349,0.521869434114207,0.0,1.0339870117604328,1.1229328190286672,0.9854756717501816,0.098->0.069,IV
P12,scale_8,8.0,5,h,1377,1,2,-0.10590119254223988,0.34929057737956287,0.45265624177603403,-0.1326858004441583,0.43763340841250625,0.5671423930579583,0.3584993725336587,1.1429993216724272,2.3727539508848463,0.5450180340352575,0.2248056984775897,0.0,0.0,0.0,0.0,0.04819096248727176,0.35717857035112494,0.0,0.15485623150132682,0.5303347977588649,0.0,0.098->0.069,IV
P12,scale_8,8.0,10,S,1371,1,1,2.7523766740816287,2.7523766740816287,3.1642460025184196,0.7710973330187327,0.7710973330187327,0.8864853697291497,0.592172753472361,1.5743932345193534,1.9732506277200932,0.6613741450215566,-2.1556039472437094,0.0,0.0,0.0,0.0,0.10532163818792062,0.16602058215589374,0.0,0.2980991895374543,0.33318086717822815,0.0,0.098->0.069,IV
P12,scale_8,8.0,10,T,1371,1,1,0.541261749509264,0.541261749509264,0.5415115448277263,7.216823326790185,7.216823326790185,7.220153931036351,7.2519489205319,7.350377474831706,8.063867792387386,-0.0114882426738024,-3952.283682293182,0.0,0.0,0.0,0.0,0.1359296539646856,0.2653276242747817,0.0,1.0338867393631663,1.1229328190286672,0.9861415025528811,0.098->0.069,IV
P12,scale_8,8.0,10,h,1371,1,1,-0.12875332552911106,0.3680017662407626,0.48072202791514357,-0.16131771179879154,0.46107704499214003,0.6023065985741236,0.35896592521459236,1.1749593302543926,2.639688047324878,0.46310256408366346,0.04612229636618459,0.0,0.0,0.0,0.0,0.026172886427576477,0.1364377684713757,0.0,0.1530400164405088,0.3827434265008102,0.0,0.098->0.069,IV
P12,scale_8,8.0,20,S,1361,1,1,3.512346001835518,3.512346001835518,3.8845873232646184,0.9840079884989077,0.9840079884989077,1.0882939653770984,0.7920287544466348,1.8413451917222068,2.146853296785928,0.43099043485239646,-3.854347286300233,0.0,0.0,0.0,0.0,0.06974950537095578,0.1208509677489556,0.0,0.29686950740112883,0.33318086717822815,0.0,0.098->0.069,IV
P12,scale_8,8.0,20,T,1361,1,1,0.6034715047610107,0.6034715047610107,0.603546056456475,8.046286730146807,8.046286730146807,8.047280752753,8.051982901805049,8.138482804279063,8.84502239668759,0.002651416041436564,-5204.872743576596,0.0,0.0,0.0,0.0,0.01864554526093418,0.08354740776468392,0.0,1.0337967115143327,1.1229328190286672,0.9875091844232182,0.098->0.069,IV
P12,scale_8,8.0,20,h,1361,1,1,-0.07154856295922547,0.3600634270213873,0.4695063080432393,-0.08964467839290391,0.4511309351492321,0.5882541905413481,0.356469922614586,1.1776659727396577,2.653135198351791,0.08908468622333077,-0.01792443628917595,0.0,0.0,0.0,0.0,0.006340557062184544,0.027779626612932606,0.0,0.14548838539816014,0.32940405787257543,0.0,0.098->0.069,IV
P13,infinite,inf,1,S,1764,1,2,1.3237506068140383,1.3238774633655679,1.4455455755381141,0.36094208601514943,0.36097667551267115,0.3941514608408363,0.33375056641568146,0.647706870270896,1.241914568235276,0.9917470036269185,0.646036832765071,,,,0.0,0.2975718946484668,0.5799419205876337,0.0,0.377643424088942,0.6991325424806368,0.0,0.069->0.052,IV
P13,infinite,inf,1,T,1764,1,2,0.14873697638319516,0.14873697638319516,0.14915471074300787,1.9831596851092688,1.9831596851092688,1.9887294765734382,2.005098561767504,2.0975511693719158,3.230421829449976,0.21342997699936325,-374.87241476979597,,,,0.0,0.8261673292426772,0.9580563328698226,0.0,1.075267745181817,1.1728376771011668,0.9909297052154195,0.069->0.052,IV
P13,infinite,inf,1,h,1764,1,2,-0.03796856239640692,0.28612667013032556,0.36815078585262545,-0.0520763711267678,0.392441475855909,0.5049429250048941,0.3188159664876362,0.9959319654150272,3.0471357976403555,0.694044729034973,0.4742821572925875,,,,0.0,0.0754691689226414,0.8536648972236123,0.0,0.12574846561778458,1.0060295818002671,0.0005668934240362812,0.069->0.052,IV
P13,infinite,inf,5,S,1756,1,1,3.564947947892023,3.564947947892023,3.884310472321905,0.9720409133140707,0.9720409133140707,1.059120288514674,0.9057671533676093,1.716798399912291,3.2462454950252577,0.9119456171654224,-1.7530807222996088,,,,0.0,0.17697682973716067,0.34111431647971296,0.0,0.36463443662909883,0.6991325424806368,0.0,0.069->0.052,IV
P13,infinite,inf,5,T,1756,1,1,0.4246994024378967,0.4246994024378967,0.4250481881947524,5.662658699171956,5.662658699171956,5.667309175930031,5.7039552195526415,5.815693803317368,6.562990386193885,0.04687605917734301,-3456.0669533464343,,,,0.0,0.3593525982871375,0.550578167611269,0.0,1.0752779509250419,1.1728376771011668,0.9943052391799544,0.069->0.052,IV
P13,infinite,inf,5,h,1756,1,1,-0.10897050854292638,0.2795663713085351,0.389675322132308,-0.1494601925010223,0.3834435961737858,0.5344652368567224,0.30517102865220647,0.9184813698724751,4.655004564974464,0.4446993460768357,0.11377785507355775,,,,0.0,0.034963862550297424,0.3251586315282524,0.0,0.12353005214429119,0.6042037450920266,0.0,0.069->0.052,IV
P13,infinite,inf,10,S,1751,1,1,4.580006479854172,4.580006479854172,4.9770339970821755,1.2488130953761278,1.2488130953761278,1.3570690912835373,1.1783526241089983,2.1184165424402837,4.139911595171876,0.7201878189126298,-3.8750811377940924,,,,0.0,0.10840085184176615,0.2052198162942132,0.0,0.36139695041947456,0.6991325424806368,0.0,0.069->0.052,IV
P13,infinite,inf,10,T,1751,1,1,0.5624324181854995,0.5624324181854995,0.5625962820573209,7.499098909139992,7.499098909139992,7.501283760764278,7.5286674204441475,7.63066756872959,8.405241096376047,0.05655428808310089,-6041.9392491642375,,,,0.0,0.1279660859286569,0.2811333438415141,0.0,1.0752851298699166,1.1728376771011668,0.9942889777270132,0.069->0.052,IV
P13,infinite,inf,10,h,1751,1,1,-0.13782063350842402,0.3009970758593762,0.4289942495894284,-0.18903002922728884,0.4128372116614064,0.5883937221437301,0.3254782564062098,1.023579036705124,4.695967549202295,0.06515976180800523,-0.11444150733169534,,,,0.0,0.02093907983413321,0.14666008566009628,0.0,0.1224313096220421,0.6042037450920266,0.0,0.069->0.052,IV
P13,infinite,inf,20,S,1741,1,1,5.48086343524292,5.48086343524292,5.824102137357189,1.4944463642150743,1.4944463642150743,1.5880359667463466,1.4275550159146293,2.3553100229483483,4.82363831342024,0.31491004724801264,-7.154861106394389,,,,0.0,0.06987404613997363,0.129292857901142,0.0,0.3542367162034582,0.6973981811695533,0.0,0.069->0.052,IV
P13,infinite,inf,20,T,1741,1,1,0.6266747679031259,0.6266747679031259,0.6267178244053009,8.355663572041678,8.355663572041678,8.356237658737344,8.362649280392532,8.463674892153673,9.242279048353797,0.04055026127085648,-8911.264819131087,,,,0.0,0.018501155123190192,0.07580753609090152,0.0,1.0752397278943333,1.1728376771011668,0.9954049396898335,0.069->0.052,IV
P13,infinite,inf,20,h,1741,1,1,-0.08923514559571795,0.28461607487856855,0.4029321669548625,-0.12239184910602595,0.3903695954899493,0.5526478681542047,0.309160911779643,0.9780003413702062,4.627934431931744,0.05183296932789457,-0.04883152543036151,,,,0.0,0.0061252488096694745,0.03210357718624358,0.0,0.11740848666318908,0.6042037450920266,0.0,0.069->0.052,IV
P13,scale_8,8.0,1,S,1764,1,2,1.3237506068140383,1.3238774633655679,1.4455455755381141,0.36094208601514943,0.36097667551267115,0.3941514608408363,0.33375056641568146,0.647706870270896,1.241914568235276,0.9917470036269185,0.646036832765071,0.0,0.0,0.0,0.0,0.2975718946484668,0.5799419205876337,0.0,0.377643424088942,0.6991325424806368,0.0,0.069->0.052,IV
P13,scale_8,8.0,1,T,1764,1,2,0.14873697638319516,0.14873697638319516,0.14915471074300787,1.9831596851092688,1.9831596851092688,1.9887294765734382,2.005098561767504,2.0975511693719158,3.230421829449976,0.21342997699936325,-374.87241476979597,0.0,0.0,0.0,0.0,0.8261673292426772,0.9580563328698226,0.0,1.075267745181817,1.1728376771011668,0.9909297052154195,0.069->0.052,IV
P13,scale_8,8.0,1,h,1764,1,2,-0.03796856239640692,0.28612667013032556,0.36815078585262545,-0.0520763711267678,0.392441475855909,0.5049429250048941,0.3188159664876362,0.9959319654150272,3.0471357976403555,0.694044729034973,0.4742821572925875,0.0,0.0,0.0,0.0,0.0754691689226414,0.8536648972236123,0.0,0.12574846561778458,1.0060295818002671,0.0005668934240362812,0.069->0.052,IV
P13,scale_8,8.0,5,S,1756,1,1,3.564947947892023,3.564947947892023,3.884310472321905,0.9720409133140707,0.9720409133140707,1.059120288514674,0.9057671533676093,1.716798399912291,3.2462454950252577,0.9119456171654224,-1.7530807222996088,0.0,0.0,0.0,0.0,0.17697682973716067,0.34111431647971296,0.0,0.36463443662909883,0.6991325424806368,0.0,0.069->0.052,IV
P13,scale_8,8.0,5,T,1756,1,1,0.4246994024378967,0.4246994024378967,0.4250481881947524,5.662658699171956,5.662658699171956,5.667309175930031,5.7039552195526415,5.815693803317368,6.562990386193885,0.04687605917734301,-3456.0669533464343,0.0,0.0,0.0,0.0,0.3593525982871375,0.550578167611269,0.0,1.0752779509250419,1.1728376771011668,0.9943052391799544,0.069->0.052,IV
P13,scale_8,8.0,5,h,1756,1,1,-0.10897050854292638,0.2795663713085351,0.389675322132308,-0.1494601925010223,0.3834435961737858,0.5344652368567224,0.30517102865220647,0.9184813698724751,4.655004564974464,0.4446993460768357,0.11377785507355775,0.0,0.0,0.0,0.0,0.034963862550297424,0.3251586315282524,0.0,0.12353005214429119,0.6042037450920266,0.0,0.069->0.052,IV
P13,scale_8,8.0,10,S,1751,1,1,4.580006479854172,4.580006479854172,4.9770339970821755,1.2488130953761278,1.2488130953761278,1.3570690912835373,1.1783526241089983,2.1184165424402837,4.139911595171876,0.7201878189126298,-3.8750811377940924,0.0,0.0,0.0,0.0,0.10840085184176615,0.2052198162942132,0.0,0.36139695041947456,0.6991325424806368,0.0,0.069->0.052,IV
P13,scale_8,8.0,10,T,1751,1,1,0.5624324181854995,0.5624324181854995,0.5625962820573209,7.499098909139992,7.499098909139992,7.501283760764278,7.5286674204441475,7.63066756872959,8.405241096376047,0.05655428808310089,-6041.9392491642375,0.0,0.0,0.0,0.0,0.1279660859286569,0.2811333438415141,0.0,1.0752851298699166,1.1728376771011668,0.9942889777270132,0.069->0.052,IV
P13,scale_8,8.0,10,h,1751,1,1,-0.13782063350842402,0.3009970758593762,0.4289942495894284,-0.18903002922728884,0.4128372116614064,0.5883937221437301,0.3254782564062098,1.023579036705124,4.695967549202295,0.06515976180800523,-0.11444150733169534,0.0,0.0,0.0,0.0,0.02093907983413321,0.14666008566009628,0.0,0.1224313096220421,0.6042037450920266,0.0,0.069->0.052,IV
P13,scale_8,8.0,20,S,1741,1,1,5.48086343524292,5.48086343524292,5.824102137357189,1.4944463642150743,1.4944463642150743,1.5880359667463466,1.4275550159146293,2.3553100229483483,4.82363831342024,0.31491004724801264,-7.154861106394389,0.0,0.0,0.0,0.0,0.06987404613997363,0.129292857901142,0.0,0.3542367162034582,0.6973981811695533,0.0,0.069->0.052,IV
P13,scale_8,8.0,20,T,1741,1,1,0.6266747679031259,0.6266747679031259,0.6267178244053009,8.355663572041678,8.355663572041678,8.356237658737344,8.362649280392532,8.463674892153673,9.242279048353797,0.04055026127085648,-8911.264819131087,0.0,0.0,0.0,0.0,0.018501155123190192,0.07580753609090152,0.0,1.0752397278943333,1.1728376771011668,0.9954049396898335,0.069->0.052,IV
P13,scale_8,8.0,20,h,1741,1,1,-0.08923514559571795,0.28461607487856855,0.4029321669548625,-0.12239184910602595,0.3903695954899493,0.5526478681542047,0.309160911779643,0.9780003413702062,4.627934431931744,0.05183296932789457,-0.04883152543036151,0.0,0.0,0.0,0.0,0.0061252488096694745,0.03210357718624358,0.0,0.11740848666318908,0.6042037450920266,0.0,0.069->0.052,IV
P14,infinite,inf,1,S,2148,1,7,2.7953405804100147,2.798093677035107,3.022495127616196,0.3916359817245954,0.39202169919569957,0.4234610461628079,0.3887558127957548,0.6530697226539023,0.9477389936799315,0.9756796172600825,0.25745795779622793,,,,0.0,0.2879100652018865,0.3236495895711401,0.0,0.36322271809376955,0.4178994250103788,0.0,0.052->0.040,IV
P14,infinite,inf,1,T,2148,1,7,0.1508204096711296,0.1508204096711296,0.15109498106284885,2.0109387956150613,2.0109387956150613,2.014599747504651,2.027514265194928,2.110318316727851,3.688704116789424,0.11806311724477289,-804.2970010936693,,,,0.0,0.8263099390468391,0.9087694807671708,0.0,1.0796273204807414,1.3500655069946663,1.0,0.052->0.040,IV
P14,infinite,inf,1,h,2148,1,7,-0.004754552400888333,0.34224394265348906,0.43772201952156575,-0.007471425790036301,0.5378109239362319,0.6878476268153366,0.45501468201837947,1.2837284213772073,5.811719732628398,0.3757206316095444,0.05649391708426388,,,,0.0,0.08859550876529847,0.716154403728271,0.0,0.15089388841117324,0.9641575167667692,0.0,0.052->0.040,IV
P14,infinite,inf,5,S,2120,1,6,7.618374286783802,7.618374286783802,8.07366350555344,1.067358129402735,1.067358129402735,1.1311455767753618,1.0109475926045945,1.6821958072453982,2.0927312289229203,0.8191603465191358,-4.385890283387533,,,,0.0,0.16277726181954014,0.19304449226340537,0.0,0.36352705228994375,0.4178994250103788,0.0,0.052->0.040,IV
P14,infinite,inf,5,T,2120,1,6,0.4296577576213955,0.4296577576213955,0.42987506927585745,5.728770101618606,5.728770101618606,5.731667590344765,5.756529170777654,5.847612990252623,7.049609644592109,0.1030405225123238,-6679.229673155389,,,,0.0,0.358476382816972,0.5129679313636979,0.0,1.079600777787441,1.3500655069946663,1.0,0.052->0.040,IV
P14,infinite,inf,5,h,2120,1,6,-0.019924250265003392,0.2953468524050946,0.37656502686500665,-0.03130947873227158,0.4641156315057503,0.5917439573952868,0.3895455613229958,1.1441110095633051,3.6518844938287267,0.26136806147945946,0.060043567856007285,,,,0.0,0.044887244739516434,0.37385167242111644,0.0,0.14459964946187517,0.4922694309679625,0.0,0.052->0.040,IV
P14,infinite,inf,10,S,2094,1,5,9.881866795119873,9.881866795119873,10.421716584397844,1.3844805283121513,1.3844805283121513,1.4601151768016325,1.3047876459750563,2.1390539679540304,2.593681966275036,0.32885185316879073,-8.09061476651942,,,,0.0,0.1044572614197206,0.1671310113461162,0.0,0.36361648852134076,0.4178994250103788,0.0,0.052->0.040,IV
P14,infinite,inf,10,T,2094,1,5,0.5681813282266173,0.5681813282266173,0.5682676087815797,7.5757510430215635,7.5757510430215635,7.576901450421061,7.591474428404677,7.671104703592022,9.148943765649921,0.11460920800994731,-11551.624664589934,,,,0.0,0.12590309540812658,0.2527950923007462,0.0,1.0796474215262748,1.3500655069946663,1.0,0.052->0.040,IV
P14,infinite,inf,10,h,2094,1,5,-0.023996140413450575,0.28783221590762653,0.36224819830430977,-0.037708151520822374,0.45230693865814575,0.5692461251871628,0.3844049561469337,1.1248119907714713,2.7881078798177867,0.09233570649176084,0.0035897088109497766,,,,0.0,0.02415025185462836,0.1669708436730636,0.0,0.14075117193287578,0.3704609210158315,0.0,0.052->0.040,IV
P14,infinite,inf,20,S,2068,1,2,11.86547733026613,11.86547733026613,12.379042695831698,1.6623905850456704,1.6623905850456704,1.7343427033430125,1.576906815078556,2.481604324876137,2.972283573702932,-0.11262031647504821,-11.965156569151446,,,,0.0,0.06281674081094041,0.12342071301174472,0.0,0.36347650561394707,0.4178994250103788,0.0,0.052->0.040,IV
P14,infinite,inf,20,T,2068,1,2,0.6321101488834706,0.6321101488834706,0.632131961790195,8.428135318446273,8.428135318446273,8.428426157202601,8.429784703336754,8.503715520859345,10.502638820154507,0.12118968214991196,-15334.035916024837,,,,0.0,0.01776149638054668,0.06291753316767129,0.0,1.0795516505215919,1.3500655069946663,1.0,0.052->0.040,IV
P14,infinite,inf,20,h,2068,1,2,0.022319703705489993,0.2841357981293986,0.3548039849094739,0.03507375580927652,0.446498292798266,0.557548097012246,0.3833184782066581,1.0832402792076212,1.8946692525546815,0.07889059657094243,0.00041566119685532144,,,,0.0,0.006396188976359068,0.02901263377022101,0.0,0.1374661786526706,0.2611209986965958,0.0,0.052->0.040,IV
P14,scale_8,8.0,1,S,2148,1,7,2.7953405804100147,2.798093677035107,3.022495127616196,0.3916359817245954,0.39202169919569957,0.4234610461628079,0.3887558127957548,0.6530697226539023,0.9477389936799315,0.9756796172600825,0.25745795779622793,0.0,0.0,0.0,0.0,0.2879100652018865,0.3236495895711401,0.0,0.36322271809376955,0.4178994250103788,0.0,0.052->0.040,IV
P14,scale_8,8.0,1,T,2148,1,7,0.1508204096711296,0.1508204096711296,0.15109498106284885,2.0109387956150613,2.0109387956150613,2.014599747504651,2.027514265194928,2.110318316727851,3.688704116789424,0.11806311724477289,-804.2970010936693,0.0,0.0,0.0,0.0,0.8263099390468391,0.9087694807671708,0.0,1.0796273204807414,1.3500655069946663,1.0,0.052->0.040,IV
P14,scale_8,8.0,1,h,2148,1,7,-0.004754552400888333,0.34224394265348906,0.43772201952156575,-0.007471425790036301,0.5378109239362319,0.6878476268153366,0.45501468201837947,1.2837284213772073,5.811719732628398,0.3757206316095444,0.05649391708426388,0.0,0.0,0.0,0.0,0.08859550876529847,0.716154403728271,0.0,0.15089388841117324,0.9641575167667692,0.0,0.052->0.040,IV
P14,scale_8,8.0,5,S,2120,1,6,7.618374286783802,7.618374286783802,8.07366350555344,1.067358129402735,1.067358129402735,1.1311455767753618,1.0109475926045945,1.6821958072453982,2.0927312289229203,0.8191603465191358,-4.385890283387533,0.0,0.0,0.0,0.0,0.16277726181954014,0.19304449226340537,0.0,0.36352705228994375,0.4178994250103788,0.0,0.052->0.040,IV
P14,scale_8,8.0,5,T,2120,1,6,0.4296577576213955,0.4296577576213955,0.42987506927585745,5.728770101618606,5.728770101618606,5.731667590344765,5.756529170777654,5.847612990252623,7.049609644592109,0.1030405225123238,-6679.229673155389,0.0,0.0,0.0,0.0,0.358476382816972,0.5129679313636979,0.0,1.079600777787441,1.3500655069946663,1.0,0.052->0.040,IV
P14,scale_8,8.0,5,h,2120,1,6,-0.019924250265003392,0.2953468524050946,0.37656502686500665,-0.03130947873227158,0.4641156315057503,0.5917439573952868,0.3895455613229958,1.1441110095633051,3.6518844938287267,0.26136806147945946,0.060043567856007285,0.0,0.0,0.0,0.0,0.044887244739516434,0.37385167242111644,0.0,0.14459964946187517,0.4922694309679625,0.0,0.052->0.040,IV
P14,scale_8,8.0,10,S,2094,1,5,9.881866795119873,9.881866795119873,10.421716584397844,1.3844805283121513,1.3844805283121513,1.4601151768016325,1.3047876459750563,2.1390539679540304,2.593681966275036,0.32885185316879073,-8.09061476651942,0.0,0.0,0.0,0.0,0.1044572614197206,0.1671310113461162,0.0,0.36361648852134076,0.4178994250103788,0.0,0.052->0.040,IV
P14,scale_8,8.0,10,T,2094,1,5,0.5681813282266173,0.5681813282266173,0.5682676087815797,7.5757510430215635,7.5757510430215635,7.576901450421061,7.591474428404677,7.671104703592022,9.148943765649921,0.11460920800994731,-11551.624664589934,0.0,0.0,0.0,0.0,0.12590309540812658,0.2527950923007462,0.0,1.0796474215262748,1.3500655069946663,1.0,0.052->0.040,IV
P14,scale_8,8.0,10,h,2094,1,5,-0.023996140413450575,0.28783221590762653,0.36224819830430977,-0.037708151520822374,0.45230693865814575,0.5692461251871628,0.3844049561469337,1.1248119907714713,2.7881078798177867,0.09233570649176084,0.0035897088109497766,0.0,0.0,0.0,0.0,0.02415025185462836,0.1669708436730636,0.0,0.14075117193287578,0.3704609210158315,0.0,0.052->0.040,IV
P14,scale_8,8.0,20,S,2068,1,2,11.86547733026613,11.86547733026613,12.379042695831698,1.6623905850456704,1.6623905850456704,1.7343427033430125,1.576906815078556,2.481604324876137,2.972283573702932,-0.11262031647504821,-11.965156569151446,0.0,0.0,0.0,0.0,0.06281674081094041,0.12342071301174472,0.0,0.36347650561394707,0.4178994250103788,0.0,0.052->0.040,IV
P14,scale_8,8.0,20,T,2068,1,2,0.6321101488834706,0.6321101488834706,0.632131961790195,8.428135318446273,8.428135318446273,8.428426157202601,8.429784703336754,8.503715520859345,10.502638820154507,0.12118968214991196,-15334.035916024837,0.0,0.0,0.0,0.0,0.01776149638054668,0.06291753316767129,0.0,1.0795516505215919,1.3500655069946663,1.0,0.052->0.040,IV
P14,scale_8,8.0,20,h,2068,1,2,0.022319703705489993,0.2841357981293986,0.3548039849094739,0.03507375580927652,0.446498292798266,0.557548097012246,0.3833184782066581,1.0832402792076212,1.8946692525546815,0.07889059657094243,0.00041566119685532144,0.0,0.0,0.0,0.0,0.006396188976359068,0.02901263377022101,0.0,0.1374661786526706,0.2611209986965958,0.0,0.052->0.040,IV
P21,infinite,inf,1,S,336,1,1,1.7561955404154996,1.7561955404154996,1.7852286051214132,0.8229995169448824,0.8229995169448824,0.8366051762684128,0.8262722786836032,1.048923687150469,1.2884920806162197,0.9733894605367684,-0.7520556972369479,,,,0.0,0.5550563027250872,0.8284661135401743,0.0,0.6515862763815573,0.9328536199340192,0.0,1.500->1.120,VII
P21,infinite,inf,1,T,336,1,1,1.721495855149166,1.721495855149166,1.7373410512966698,6.0255122513399,6.0255122513399,6.080972985227869,6.343610699330489,6.747969666418959,7.324852581685365,0.1027549130402669,-330.8168090337358,,,,1.0,2.819659559804459,2.982317503434064,1.0,3.440172153384043,3.651197189659075,1.0,1.500->1.120,VII
P21,infinite,inf,1,h,336,1,1,-1.2943264908421437,2.8759258669597925,7.883095313333555,-0.08986620494143734,0.19967801415269806,0.5473301087579432,0.10197522459146062,0.5176401291309469,7.238584381593824,0.6227929098834221,0.31208464886652254,,,,0.0,0.08117939316351692,0.6087121141806161,0.0,0.1127976067682526,0.7570693133896244,0.0,1.500->1.120,VII
P21,infinite,inf,5,S,332,1,1,4.854955410161511,4.854955410161511,4.91440074584497,2.2751600635579217,2.2751600635579217,2.303017714614557,2.2586798398313945,2.9192470377525455,3.2653129626836592,0.7440234277638654,-17.614532406198236,,,,0.0,0.3354664351229313,0.4723296124206557,0.0,0.635431375053767,0.7897009113473654,0.0,1.500->1.120,VII
P21,infinite,inf,5,T,332,1,1,5.002463059013609,5.002463059013609,5.018202110558138,17.50942493343963,17.50942493343963,17.56451414415272,18.154321440328374,18.577830310673445,19.383390894279117,0.06268275754458903,-2812.07811823667,,,,1.0,1.5401421074507482,1.55887917153083,1.0,3.441152694827932,3.651197189659075,1.0,1.500->1.120,VII
P21,infinite,inf,5,h,332,1,1,-2.2762073085666112,4.04676796765943,8.327218493249461,-0.15803903723530607,0.28097059135018443,0.5781659643074943,0.1661989644889172,0.8599308015948698,6.472340639769208,0.037096209262501185,-0.4006249311004195,,,,0.0,0.03664888622537592,0.31534778562527227,0.0,0.10613378647547238,0.5702916476317308,0.0,1.500->1.120,VII
P21,infinite,inf,10,S,327,1,1,6.280255487947032,6.280255487947032,6.34827495964677,2.943093245555105,2.943093245555105,2.9749689627309306,2.8953292549020513,3.714453436569208,4.426559207902118,0.39718771088078264,-39.671055703812314,,,,0.0,0.20257566070606667,0.26403706923724546,0.0,0.6222423288998159,0.7315678914438146,0.0,1.500->1.120,VII
P21,infinite,inf,10,T,327,1,1,6.714449929577635,6.714449929577635,6.721434719569581,23.50165421000838,23.50165421000838,23.526102097898217,23.9520328900863,24.359809127700245,25.227274621764384,0.060763134245846645,-4974.967846819984,,,,1.0,0.7225411515918861,0.7498385056106963,0.0,3.442378371632793,3.651197189659075,1.0,1.500->1.120,VII
P21,infinite,inf,10,h,327,1,1,-2.543354979741271,3.835687570649962,5.477454339917165,-0.17658733052704687,0.26631509727586417,0.3803043805030139,0.18299522120669898,0.8414993182883502,1.9739177929411862,-0.28290713889969943,-0.8040029647984772,,,,0.0,0.030238237438939698,0.1429790628338814,0.0,0.08973591517314294,0.1364546985230669,0.0,1.500->1.120,VII
P21,infinite,inf,20,S,317,1,1,6.974258945831774,6.974258945831774,7.032041291397161,3.2683215572396267,3.2683215572396267,3.2953998872967722,3.232271827782637,4.051225461268731,4.379707507880433,0.08371165960511939,-71.68014314591919,,,,0.0,0.15022620759745114,0.15150227684966167,0.0,0.6017778421077481,0.6549746900116042,0.0,1.500->1.120,VII
P21,infinite,inf,20,T,317,1,1,7.582927573719987,7.582927573719987,7.583985684553083,26.541465586342554,26.541465586342554,26.545169144366827,26.631141159071824,26.996635560483906,28.102574056096536,0.07163934585708466,-6199.955053295208,,,,1.0,0.16822214401650937,0.18525943309599152,0.0,3.4441771175394984,3.651197189659075,1.0,1.500->1.120,VII
P21,infinite,inf,20,h,317,1,1,-2.499020835071649,3.285069339408773,4.772987337586987,-0.1735091726132802,0.2280851984340214,0.33139262875118736,0.15685887803675602,0.7981162758916729,1.3608101559556394,-0.17904107066649674,-0.5383710150197629,,,,0.0,0.03256718042961617,0.040524805338465184,0.0,0.07595483816702443,0.1364546985230669,0.0,1.500->1.120,VII
P21,scale_8,8.0,1,S,336,1,1,1.7561955404154996,1.7561955404154996,1.7852286051214132,0.8229995169448824,0.8229995169448824,0.8366051762684128,0.8262722786836032,1.048923687150469,1.2884920806162197,0.9733894605367684,-0.7520556972369479,0.0,1.0,0.0,0.0,0.5550563027250872,0.8284661135401743,0.0,0.6515862763815573,0.9328536199340192,0.0,1.500->1.120,VII
P21,scale_8,8.0,1,T,336,1,1,5.44432828283182,5.44432828283182,5.445163624536509,19.056024253788834,19.056024253788834,19.058948084049945,19.04517571015444,19.521377227072342,21.2095775172726,,-3258.493268960257,1.0,1.0,1.0,1.0,1.0,1.0,0.0,3.440172153384043,3.651197189659075,1.0,1.500->1.120,VII
P21,scale_8,8.0,1,h,336,1,1,-1.2943264908421437,2.8759258669597925,7.883095313333555,-0.08986620494143734,0.19967801415269806,0.5473301087579432,0.10197522459146062,0.5176401291309469,7.238584381593824,0.6227929098834221,0.31208464886652254,0.0,1.0,0.0,0.0,0.08117939316351692,0.6087121141806161,0.0,0.1127976067682526,0.7570693133896244,0.0,1.500->1.120,VII
P21,scale_8,8.0,5,S,332,1,1,4.854964094894401,4.854964094894401,4.914409476589412,2.2751641334526513,2.2751641334526513,2.303021806071512,2.2586846976061463,2.919250532910036,3.265314232081238,0.7440225126846146,-17.61459854605053,0.0,1.0,0.0,0.0,0.3354662707990929,0.4723293904514836,0.0,0.635431375053767,0.7897009113473654,0.0,1.500->1.120,VII
P21,scale_8,8.0,5,T,332,1,1,6.5230059542758765,6.5230059542758765,6.524479439431297,22.831569518735044,22.831569518735044,22.8367269536656,22.95299765397872,23.336778493489746,24.37740200141465,0.06220889797911332,-4754.292424011896,1.0,1.0,0.4,1.0,0.6244066114988598,0.6379225457789455,0.0,3.441152694827932,3.651197189659075,1.0,1.500->1.120,VII
P21,scale_8,8.0,5,h,332,1,1,-2.2761671012101616,4.04674390666117,8.327208776358553,-0.15803624560385882,0.2809689207743166,0.5781652896553752,0.16619783949749817,0.85992974788609,6.472339443439444,0.03709543124610001,-0.4006216623710761,0.0,1.0,0.0,0.0,0.03664875090032957,0.31534763608405175,0.0,0.10613378647547238,0.5702916476317308,0.0,1.500->1.120,VII
P21,scale_8,8.0,10,S,327,1,1,6.287984542825126,6.287984542825126,6.355991586624714,2.9467152843797835,2.9467152843797835,2.978585177514046,2.8996699613543204,3.717848748326722,4.427065246440334,0.39722669641578984,-39.76999096208397,0.0,1.0,0.0,0.0,0.20246247022234032,0.26389751373239234,0.0,0.6222423288998159,0.7315678914438146,0.0,1.500->1.120,VII
P21,scale_8,8.0,10,T,327,1,1,7.2767668825830985,7.2767668825830985,7.278105504949126,25.46985394707771,25.46985394707771,25.474539340564025,25.579945965266994,25.965426637838412,26.98177598376202,0.06230876777918398,-5833.320586893648,1.0,1.0,0.2,1.0,0.303800291340421,0.328662829361381,0.0,3.442378371632793,3.651197189659075,1.0,1.500->1.120,VII
P21,scale_8,8.0,10,h,327,1,1,-2.509440064358478,3.8107429055968622,5.462659676706885,-0.17423258869187158,0.2645831676601774,0.37927717427220453,0.18102662318961163,0.8409113988452247,1.9731945407187839,-0.2841129074037923,-0.7942708629241952,0.0,1.0,0.0,0.0,0.03015714099273115,0.1428886563060811,0.0,0.08973591517314294,0.1364546985230669,0.0,1.500->1.120,VII
P21,scale_8,8.0,20,S,317,1,1,7.116521410187252,7.116521410187252,7.172163293596626,3.3349894975398553,3.3349894975398553,3.361064750616164,3.296558953303268,4.1115558192316595,4.44758376000203,0.0903802594921607,-74.6054821570562,0.0,1.0,0.0,0.0,0.13981464547884667,0.14095539830554277,0.0,0.6017778421077481,0.6549746900116042,0.0,1.500->1.120,VII
P21,scale_8,8.0,20,T,317,1,1,7.660460287334846,7.660460287334846,7.661145365595606,26.812842548632993,26.812842548632993,26.81524043268307,26.83290261232441,27.31723175550907,28.787762289894413,0.047107899386262746,-6326.774297326815,1.0,1.0,0.1,1.0,0.07964653742062903,0.09705215108981881,0.0,3.4441771175394984,3.651197189659075,1.0,1.500->1.120,VII
P21,scale_8,8.0,20,h,317,1,1,-2.0288606724661884,2.9938940078468117,4.516363469223827,-0.14086554689214453,0.20786864395168758,0.3135750121680768,0.1381009320773031,0.772238899225209,1.3138226987582875,-0.1724142850973747,-0.37739434639689473,0.0,1.0,0.0,0.0,0.026809481931256283,0.03440872543486567,0.0,0.07595483816702443,0.1364546985230669,0.0,1.500->1.120,VII
P22,infinite,inf,1,S,432,1,1,1.7354077959107936,1.7354077959107936,1.7907050412620018,0.6747435544976912,0.6747435544976912,0.6962436652901651,0.6622552608443291,0.9861036478127815,1.3591774841998132,0.978893399161335,-0.11154611590435137,,,,0.0,0.4850887730343771,0.5878745476914485,0.0,0.5947288975300201,0.7354563783101863,0.0,1.120->0.860,VII
P22,infinite,inf,1,T,432,1,1,1.4451168594919965,1.4451168594919965,1.4589546015032147,3.92325619259235,3.92325619259235,3.960823401555707,4.080129519402526,4.463129200063193,6.4251249023225006,0.2006663922875479,-139.87453046035554,,,,1.0,1.8053505590509595,1.9153555491244953,1.0,2.2225369798821473,2.4054829649674327,1.0,1.120->0.860,VII
P22,infinite,inf,1,h,432,1,1,-0.4480657122453997,2.078780203688537,3.3992046602284263,-0.08776187734346118,0.40716718167492794,0.6657964988244907,0.2595565141077399,1.2548683160751581,7.138165359099241,0.4033307460223627,0.02347227036285493,,,,0.0,0.13120572666378053,0.6328802385803075,0.0,0.1871831168655781,0.5260135489117318,0.0,1.120->0.860,VII
P22,infinite,inf,5,S,428,1,1,4.749498442372335,4.749498442372335,4.87451321018943,1.8466515297666037,1.8466515297666037,1.8952584963829655,1.8025227342906311,2.721384336416492,3.189856065944934,0.7785852325447385,-8.217567211795593,,,,0.0,0.28858543890268185,0.3413616714663755,0.0,0.5905326487456842,0.6747860576450345,0.0,1.120->0.860,VII
P22,infinite,inf,5,T,428,1,1,4.176507661028961,4.176507661028961,4.188974954021457,11.33853600621702,11.33853600621702,11.372382669977394,11.663844859244515,12.130717742869813,13.513144547977527,0.04575156761390178,-1151.389131108323,,,,1.0,0.9962218057167964,1.040381406196106,0.04205607476635514,2.2232070028730573,2.4054829649674327,1.0,1.120->0.860,VII
P22,infinite,inf,5,h,428,1,1,-0.9664482311348255,2.3189023855260036,3.592221172619761,-0.18929658932082322,0.45419950950973964,0.7036023184237227,0.26675533282355934,1.5775514710731287,4.15397178077915,0.06703056212245144,-0.15761824912306932,,,,0.0,0.05602586414331845,0.32746073717883795,0.0,0.17414336053659019,0.5260135489117318,0.0,1.120->0.860,VII
P22,infinite,inf,10,S,423,1,1,6.113641749100584,6.113641749100584,6.269831785288674,2.3770438132373455,2.3770438132373455,2.437772029650229,2.2885283374917997,3.4904793676729993,3.953749338779135,0.4216036323517109,-15.789202062549759,,,,0.0,0.18514628831923355,0.21619087069648144,0.0,0.5865278035848667,0.6317857067978098,0.0,1.120->0.860,VII
P22,infinite,inf,10,T,423,1,1,5.587028542999266,5.587028542999266,5.5926036286524266,15.16786977159578,15.16786977159578,15.183005218372513,15.385137358800664,15.794533259999378,17.313825450714454,0.0700025345271628,-2209.8727528170352,,,,1.0,0.4737083430378435,0.49359127528587615,0.0,2.2210294281525997,2.4054829649674327,1.0,1.120->0.860,VII
P22,infinite,inf,10,h,423,1,1,-1.186016925404271,2.3319896261763238,3.573589950021331,-0.2323031401197498,0.45676288532120696,0.699953052193892,0.30145565491026755,1.4853900847456385,4.422209950492626,-0.09684601398546941,-0.1783874980838127,,,,0.0,0.02925578750569339,0.148005299838172,0.0,0.1716567510326437,0.5260135489117318,0.0,1.120->0.860,VII
P22,infinite,inf,20,S,413,1,1,6.901003914329425,6.901003914329425,7.05370639859274,2.6831779376174203,2.6831779376174203,2.7425501596710737,2.5870878645673825,3.858934649344406,4.27681722184633,0.08850519959348442,-23.401717896854386,,,,0.0,0.1397411803451516,0.14741547705247318,0.0,0.5796309819821285,0.6141635819875453,0.0,1.120->0.860,VII
P22,infinite,inf,20,T,413,1,1,6.28770799478021,6.28770799478021,6.289205024785589,17.070100016967174,17.070100016967174,17.07416420887008,17.114403525638554,17.521048976094367,18.99736319806992,0.032058449019061304,-2730.798330260202,,,,1.0,0.10647608416482791,0.12518683707464637,0.0,2.2223694741344198,2.4054829649674327,1.0,1.120->0.860,VII
P22,infinite,inf,20,h,413,1,1,-0.9165416940953554,2.1621551350208086,3.453054516957314,-0.17952147986121772,0.423497689225782,0.6763439796784045,0.2579292895649519,1.3877851418942413,4.497196229285504,-0.2724706360154493,-0.1257608667887382,,,,0.0,0.027599957977272722,0.03901417442583395,0.0,0.16286096765510266,0.5260135489117318,0.0,1.120->0.860,VII
P22,scale_8,8.0,1,S,432,1,1,1.7354077959107936,1.7354077959107936,1.7907050412620018,0.6747435544976912,0.6747435544976912,0.6962436652901651,0.6622552608443291,0.9861036478127815,1.3591774841998132,0.978893399161335,-0.11154611590435137,0.0,1.0,0.0,0.0,0.4850887730343771,0.5878745476914485,0.0,0.5947288975300201,0.7354563783101863,0.0,1.120->0.860,VII
P22,scale_8,8.0,1,T,432,1,1,3.459737591602216,3.459737591602216,3.4619205272360434,9.392622362574484,9.392622362574484,9.398548676205932,9.401163961747317,9.78029583905718,11.243863719739466,,-792.200744358768,1.0,1.0,1.0,1.0,1.0,1.0,0.0,2.2225369798821473,2.4054829649674327,1.0,1.120->0.860,VII
P22,scale_8,8.0,1,h,432,1,1,-0.4480657122453997,2.078780203688537,3.3992046602284263,-0.08776187734346118,0.40716718167492794,0.6657964988244907,0.2595565141077399,1.2548683160751581,7.138165359099241,0.4033307460223627,0.02347227036285493,0.0,1.0,0.0,0.0,0.13120572666378053,0.6328802385803075,0.0,0.1871831168655781,0.5260135489117318,0.0,1.120->0.860,VII
P22,scale_8,8.0,5,S,428,1,1,4.749511592894162,4.749511592894162,4.87452618335915,1.8466566428183386,1.8466566428183386,1.8952635404784635,1.8025287968480455,2.7213856299111074,3.189860866595798,0.7785835292685224,-8.217616275658106,0.0,1.0,0.0,0.0,0.2885852680708101,0.34136144972321913,0.0,0.5905326487456842,0.6747860576450345,0.0,1.120->0.860,VII
P22,scale_8,8.0,5,T,428,1,1,4.891119619879399,4.891119619879399,4.894443600164704,13.278590732203734,13.278590732203734,13.287614795657648,13.396127707806283,13.808124975042222,15.293402234184656,0.04667812064888356,-1572.2229850273097,1.0,1.0,0.2369158878504673,1.0,0.6242261524419495,0.6357364718694604,0.0,2.2232070028730573,2.4054829649674327,1.0,1.120->0.860,VII
P22,scale_8,8.0,5,h,428,1,1,-0.9664303126390535,2.318897049760147,3.5922172695653525,-0.18929307965519798,0.45419846440225686,0.703601553939021,0.26675529612801097,1.5775505162044907,4.153970585656311,0.06702948979575726,-0.1576157335515942,0.0,1.0,0.0,0.0,0.056025977717090676,0.32746058778848314,0.0,0.17414336053659019,0.5260135489117318,0.0,1.120->0.860,VII
P22,scale_8,8.0,10,S,423,1,1,6.1221335315008,6.1221335315008,6.278129689386799,2.3803455014366515,2.3803455014366515,2.440998336066071,2.292300799601336,3.494243220799229,3.9575589473789705,0.4211805438146497,-15.833671318751257,0.0,1.0,0.0,0.0,0.18505412498603305,0.2160731422416916,0.0,0.5865278035848667,0.6317857067978098,0.0,1.120->0.860,VII
P22,scale_8,8.0,10,T,423,1,1,5.8474968142243595,5.8474968142243595,5.8499380111422,15.874998576678642,15.874998576678642,15.881626027505435,15.976486470455967,16.385581438553807,17.889293122866146,0.06848102610816655,-2418.0129611277266,1.0,1.0,0.11749408983451537,1.0,0.30299249920549826,0.3196231901743538,0.0,2.2210294281525997,2.4054829649674327,1.0,1.120->0.860,VII
P22,scale_8,8.0,10,h,423,1,1,-1.1751218316931096,2.3278525578663536,3.570442641519815,-0.23016913644173395,0.45595256471050544,0.6993365941719473,0.30048471196989146,1.4847337091762616,4.421598969735869,-0.09776769273254089,-0.17631276882264602,0.0,1.0,0.0,0.0,0.02917769734859731,0.14791813125755943,0.0,0.1716567510326437,0.5260135489117318,0.0,1.120->0.860,VII
P22,scale_8,8.0,20,S,413,1,1,6.984070946032038,6.984070946032038,7.134572613829833,2.715475213430439,2.715475213430439,2.7739917364787976,2.6160655727643447,3.8914224961897825,4.3155859966771235,0.08476882414971837,-23.96442510991285,0.0,1.0,0.0,0.0,0.13401091730101136,0.13971717194055155,0.0,0.5796309819821285,0.6141635819875453,0.0,1.120->0.860,VII
P22,scale_8,8.0,20,T,413,1,1,6.322530909437596,6.322530909437596,6.323813320355095,17.16463854143068,17.16463854143068,17.16812007757115,17.183518484691096,17.5861369891368,19.062705280360834,0.03156898748871158,-2760.9461818263785,1.0,1.0,0.05774818401937046,1.0,0.073628408360933,0.08942207569492869,0.0,2.2223694741344198,2.4054829649674327,1.0,1.120->0.860,VII
P22,scale_8,8.0,20,h,413,1,1,-0.8396707568724069,2.142010324833773,3.428020203269428,-0.16446489869585862,0.4195519591410537,0.6714405507678461,0.2514604925506407,1.3667417099313603,4.466595187811742,-0.27843600375760574,-0.1094967216481535,0.0,1.0,0.0,0.0,0.02421609548248347,0.035179782839704396,0.0,0.16286096765510266,0.5260135489117318,0.0,1.120->0.860,VII
P23,infinite,inf,1,S,559,1,1,1.9518909859997915,1.9518909859997915,1.9708400250726485,1.531250149663011,1.531250149663011,1.5461155899588073,1.5319738663287876,1.8433810387614558,2.2645038470182293,0.9443826593557314,-4.761324541157223,,,,0.005366726296958855,0.7801792503449309,1.1021582417349283,0.005366726296958855,0.9953399499681407,1.3752469321202543,0.04114490161001789,0.860->0.669,VII
P23,infinite,inf,1,T,559,1,1,1.2032760706261552,1.2032760706261552,1.2178516151403804,2.8738984352894414,2.8738984352894414,2.9087105915314635,2.9636102215838442,3.473867347417269,5.7365311161010615,0.19639419672639583,-75.01001059116629,,,,1.0,1.3134549215310087,1.3940013882176385,1.0,1.6386013468454876,1.8002462531346681,1.0,0.860->0.669,VII
P23,infinite,inf,1,h,559,1,1,-0.15564738791291405,1.6645316732623263,2.8277169865458505,-0.02475902548400413,0.2647791438703264,0.44980849258204114,0.1721827273937518,0.7952031778942354,5.318673965153618,0.7475397279579857,0.5513031390752285,,,,0.0,0.08652881059652581,0.7399367720992649,0.0,0.12927694952854502,0.8992904714580258,0.0,0.860->0.669,VII
P23,infinite,inf,5,S,555,1,1,5.377464538843612,5.377464538843612,5.409748870329323,4.218597984709734,4.218597984709734,4.243924905000799,4.213317807392915,5.00898839004355,5.361484532026323,0.6195039019483015,-51.35665966474864,,,,0.005405405405405406,0.4321268008909863,0.5553204320318648,0.0,0.9916141622120472,1.123274344231173,0.03423423423423423,0.860->0.669,VII
P23,infinite,inf,5,T,555,1,1,3.4616026809285607,3.4616026809285607,3.471963312106933,8.267674203092465,8.267674203092465,8.29241948180198,8.443701978541545,8.897519081077892,10.247320289290338,0.004416146522585396,-619.5554888838462,,,,1.0,0.7190250360285677,0.7786083034666593,0.0,1.635986270850287,1.8002462531346681,1.0,0.860->0.669,VII
P23,infinite,inf,5,h,555,1,1,-0.4598587580810187,1.8938357418560412,2.9312615802933664,-0.07315031021748207,0.3012548300609237,0.46627946115852625,0.2082879076217921,0.8499699386327577,3.3811431453745264,0.2893887795759082,-0.027167772789979727,,,,0.0,0.04390063100228767,0.3605887874951817,0.0,0.1060361768856011,0.45971825990323906,0.0,0.860->0.669,VII
P23,infinite,inf,10,S,550,1,1,6.970021352055886,6.970021352055886,7.004174360278777,5.467952009124703,5.467952009124703,5.494744898342314,5.463931849786622,6.4343515080211695,7.014591721819854,0.38368848338130546,-87.45543308881714,,,,0.005454545454545455,0.24509746623894238,0.2924386549157797,0.0,0.9859505914015769,1.123274344231173,0.03272727272727273,0.860->0.669,VII
P23,infinite,inf,10,T,550,1,1,4.614848044771374,4.614848044771374,4.620041570288685,11.022079553252862,11.022079553252862,11.034483743132638,11.136767357700583,11.559891853980877,12.980106787177029,0.015127978788450328,-1099.3004843945157,,,,1.0,0.3382092277236783,0.39543035710591296,0.0,1.6332226072001887,1.8002462531346681,1.0,0.860->0.669,VII
P23,infinite,inf,10,h,550,1,1,-0.671589350248255,1.9526942781702241,2.956505580611846,-0.10683056144113232,0.31061753135707,0.47029505599493393,0.2083338741252144,0.9562715105655119,3.3637054833986157,0.0419535015388419,-0.09863630668834955,,,,0.0,0.029961462957584378,0.13771455600806187,0.0,0.09627505237556507,0.45971825990323906,0.0,0.860->0.669,VII
P23,infinite,inf,20,S,540,1,1,7.789388611321967,7.789388611321967,7.82400771992509,6.110742127722184,6.110742127722184,6.137900670699204,6.077119802240262,7.180745393798379,7.981560568064688,0.15772934185073695,-111.45948907463121,,,,0.005555555555555556,0.13718368134459333,0.1496925594953917,0.0,0.9801906314178648,1.123274344231173,0.03333333333333333,0.860->0.669,VII
P23,infinite,inf,20,T,540,1,1,5.182076287938139,5.182076287938139,5.184177937947795,12.37684459868475,12.37684459868475,12.381864168857982,12.390017342982548,12.84271716372259,14.206945774756248,0.019578476242738303,-1409.2562516810842,,,,1.0,0.06673588009885224,0.11477570101719821,0.0,1.6313808320766174,1.8002462531346681,1.0,0.860->0.669,VII
P23,infinite,inf,20,h,540,1,1,-0.39333187437860245,1.7667771386645557,2.7881131400856147,-0.06256779527106296,0.28104345846925854,0.4435086589843054,0.17877798202210438,0.8067473282749951,3.4528317815234013,0.140067945423676,-0.0025562499516371684,,,,0.0,0.023930989568909447,0.03179841382735228,0.0,0.09367669758556287,0.45971825990323906,0.0,0.860->0.669,VII
P23,scale_8,8.0,1,S,559,1,1,1.9558680641301096,1.9558680641301096,1.975951873468576,1.5343701504857783,1.5343701504857783,1.5501258132128017,1.5340240345763836,1.8434779636795675,3.001975456962035,0.9422449788299059,-4.79125006671339,0.005366726296958855,1.0,0.005366726296958855,0.005366726296958855,0.7801792503449309,1.0,0.0,0.9953399499681407,1.3752469321202543,0.04114490161001789,0.860->0.669,VII
P23,scale_8,8.0,1,T,559,1,1,1.929846885781709,1.929846885781709,1.9348957928462553,4.60923646766295,4.60923646766295,4.621295251567107,4.613241584050536,5.108810774763901,6.401970025077345,,-190.86563741029718,1.0,1.0,1.0,1.0,1.0,1.0,0.0,1.6386013468454876,1.8002462531346681,1.0,0.860->0.669,VII
P23,scale_8,8.0,1,h,559,1,1,-0.15564738791291405,1.6645316732623263,2.8277169865458505,-0.02475902548400413,0.2647791438703264,0.44980849258204114,0.1721827273937518,0.7952031778942354,5.318673965153618,0.7475397279579857,0.5513031390752285,0.0,1.0,0.0,0.0,0.08652881059652581,0.7399367720992649,0.0,0.12927694952854502,0.8992904714580258,0.0,0.860->0.669,VII
P23,scale_8,8.0,5,S,555,1,1,5.379051723474202,5.379051723474202,5.411043854675794,4.219843124279805,4.219843124279805,4.244940814694818,4.213328224693048,5.008999247862776,5.3614958446092205,0.6224540012577093,-51.38172891340494,0.005405405405405406,1.0,0.001081081081081081,0.005405405405405406,0.4321264639861127,0.5241896962194745,0.0,0.9916141622120472,1.123274344231173,0.03423423423423423,0.860->0.669,VII
P23,scale_8,8.0,5,T,555,1,1,3.7141271744811943,3.7141271744811943,3.7197478036487253,8.870802416649907,8.870802416649907,8.884226698711382,8.97282351143098,9.41156983570946,10.795327560038185,0.01246866425418619,-711.2908387241677,1.0,1.0,0.2,1.0,0.5871661264173454,0.6171993932622892,0.0,1.635986270850287,1.8002462531346681,1.0,0.860->0.669,VII
P23,scale_8,8.0,5,h,555,1,1,-0.459817308609341,1.8938225589207012,2.9312536955730844,-0.07314371679796293,0.30125273303484174,0.466278206926168,0.20828586433074375,0.8499660965252203,3.3811449656116976,0.28938914210180017,-0.02716224689646496,0.0,1.0,0.0,0.0,0.04390015412995542,0.3605889562220585,0.0,0.1060361768856011,0.45971825990323906,0.0,0.860->0.669,VII
P23,scale_8,8.0,10,S,550,1,1,6.9736115199610005,6.9736115199610005,7.007772605061134,5.470768480526772,5.470768480526772,5.497567706020113,5.468259331722667,6.437018616675038,7.0153144662490945,0.38278763756820094,-87.54634060770033,0.005454545454545455,1.0,0.0005454545454545455,0.005454545454545455,0.24458031062632016,0.2923221234665,0.0,0.9859505914015769,1.123274344231173,0.03272727272727273,0.860->0.669,VII
P23,scale_8,8.0,10,T,550,1,1,4.705907631825046,4.705907631825046,4.709714779421287,11.239565806939826,11.239565806939826,11.248658778857779,11.317701882863016,11.75517887263589,13.146686538981017,0.011809935534760778,-1142.4278123990928,1.0,1.0,0.1,1.0,0.27548921794657105,0.3210776769828115,0.0,1.6332226072001887,1.8002462531346681,1.0,0.860->0.669,VII
P23,scale_8,8.0,10,h,550,1,1,-0.6623931232159493,1.9490519114361917,2.9542746949241754,-0.1053677060569036,0.3100381355059784,0.46994018620666717,0.20759869272334946,0.9569240328770295,3.3643646094389,0.04210880396552753,-0.09697893974090444,0.0,1.0,0.0,0.0,0.029901506051489887,0.13775188352166604,0.0,0.09627505237556507,0.45971825990323906,0.0,0.860->0.669,VII
P23,scale_8,8.0,20,S,540,1,1,7.805036686038228,7.805036686038228,7.839592453419073,6.123017975565673,6.123017975565673,6.150126827624097,6.086768891981382,7.201864632242361,8.005851617036086,0.15440620058331958,-111.90795405375458,0.005555555555555556,1.0,0.0002777777777777778,0.005555555555555556,0.1345277747512953,0.14646591172184428,0.0,0.9801906314178648,1.123274344231173,0.03333333333333333,0.860->0.669,VII
P23,scale_8,8.0,20,T,540,1,1,5.193921314766826,5.193921314766826,5.195938635278928,12.405135200401121,12.405135200401121,12.40995335843213,12.413104553155172,12.86374310675322,14.22712931588214,0.016995171930485824,-1415.6620540940319,1.0,1.0,0.05,1.0,0.053760622029022445,0.09886397166775282,0.0,1.6313808320766174,1.8002462531346681,1.0,0.860->0.669,VII
P23,scale_8,8.0,20,h,540,1,1,-0.3594713189458468,1.7601805667910282,2.7856054082470143,-0.05718155419047897,0.2799941334962297,0.44310975093109944,0.18106897149592321,0.7969209165861971,3.4665567436511164,0.13394720062325643,-0.0007535888359779808,0.0,1.0,0.0,0.0,0.022905340094103305,0.03004238804524226,0.0,0.09367669758556287,0.45971825990323906,0.0,0.860->0.669,VII
P24,infinite,inf,1,S,701,1,1,1.5544258704889593,1.5544258704889593,1.576341855768486,1.1477957179952827,1.1477957179952827,1.1639785894573844,1.174988639136718,1.416466081611383,1.9730908140127699,0.9624052547494207,-2.0534380629562716,,,,0.0,0.6548258826190083,0.7353296184908001,0.0,0.7913316223513674,0.9053094706960743,0.0,0.669->0.531,VII
P24,infinite,inf,1,T,701,1,1,1.0180592703540619,1.0180592703540619,1.0303797203102432,2.2969740937299727,2.2969740937299727,2.324771841068006,2.350005865693709,2.7421773246403935,4.3180274277165385,0.3853121745799788,-47.60505016407585,,,,0.12125534950071326,1.039424945359742,1.1728414019294053,0.12125534950071326,1.3083980170902931,1.4506880436867333,1.0,0.669->0.531,VII
P24,infinite,inf,1,h,701,1,1,-0.12979736930765026,1.7449388778608959,3.845997688843383,-0.0189528052121954,0.2547931967781041,0.5615864592018819,0.1758560171586441,0.632051909295398,9.950679822127698,0.6167101134236614,0.37926054822171296,,,,0.0,0.05674276996077878,0.6334278483073453,0.0,0.08555766086213124,1.534467735305984,0.0014265335235378032,0.669->0.531,VII
P24,infinite,inf,5,S,697,1,1,4.269321006315553,4.269321006315553,4.309790441449705,3.1524876565872284,3.1524876565872284,3.182370486793892,3.218935100277488,3.7564446761462986,4.652795427037926,0.7675668405963108,-22.575218587034268,,,,0.0,0.39186770370280355,0.42576361810816604,0.0,0.7817996256288482,0.9053094706960743,0.0,0.669->0.531,VII
P24,infinite,inf,5,T,697,1,1,2.9214221263819202,2.9214221263819202,2.93024785780814,6.591395154051333,6.591395154051333,6.611308018689554,6.708085683966714,7.139088178890301,8.398280747921927,0.018186333257682593,-390.56095566420845,,,,0.11621233859397417,0.5710357278581474,0.6227053376296098,0.0,1.3083980170902931,1.4506880436867333,1.0,0.669->0.531,VII
P24,infinite,inf,5,h,697,1,1,-0.5191038975733178,1.8783155584814655,4.1943783065208535,-0.07579872464347893,0.274268647329488,0.6124564423283909,0.17435905015263445,0.718569619950918,12.394202356260083,0.03869914506410108,-0.11500269978724664,,,,0.0,0.030527960690825817,0.3083224619561231,0.0,0.0845862249210924,1.534467735305984,0.0014347202295552368,0.669->0.531,VII
P24,infinite,inf,10,S,692,1,1,5.51753202261431,5.51753202261431,5.564983219619144,4.0741728182035795,4.0741728182035795,4.109211015759289,4.147699259693752,4.918243923067094,5.776730214647084,0.5711305981878588,-40.47671931624355,,,,0.0,0.23288806916970814,0.25580041158224354,0.0,0.7763481723970898,0.8830047569900695,0.0,0.669->0.531,VII
P24,infinite,inf,10,T,692,1,1,3.887733984119388,3.887733984119388,3.8925620261192804,8.771615273175746,8.771615273175746,8.782508437965,8.851772350449412,9.304652200537058,10.1107376218407,0.03395633831439858,-694.4056496806871,,,,0.10982658959537572,0.26557347185307423,0.31676172276234466,0.0,1.3083980170902931,1.4506880436867333,1.0,0.669->0.531,VII
P24,infinite,inf,10,h,692,1,1,-0.7575058363499848,1.8567415920895292,4.073569843989658,-0.11060979617709583,0.271118451105467,0.5948161829721976,0.18973552411096642,0.7172183706225166,12.06284284138054,0.02498277648431803,-0.05170140622463926,,,,0.0,0.024713392173319543,0.11605738221792222,0.0,0.08190586382689595,1.534467735305984,0.001445086705202312,0.669->0.531,VII
P24,infinite,inf,20,S,682,1,1,6.2065175195486315,6.2065175195486315,6.254084725970576,4.582923102251096,4.582923102251096,4.618046961731722,4.657817937498635,5.459060591789233,6.276652805477413,0.3757515765486135,-56.87788921614765,,,,0.0,0.125027536764729,0.14518749542871118,0.0,0.7623492207443159,0.8826599719194728,0.0,0.669->0.531,VII
P24,infinite,inf,20,T,682,1,1,4.356018713365592,4.356018713365592,4.358720238237221,9.828172511924528,9.828172511924528,9.834267768678625,9.845785683268916,10.3033469317916,11.321791150473674,-0.006365501552121392,-878.1908051143821,,,,0.0967741935483871,0.0505369056413837,0.09553481847201269,0.0,1.307799310937723,1.4506880436867333,1.0,0.669->0.531,VII
P24,infinite,inf,20,h,682,1,1,-0.3755976469624786,1.6824122412126175,3.9608549920805505,-0.05484417040969426,0.24566315684517084,0.5783577397529724,0.16464556251518808,0.6533001191280731,12.072746953533443,0.1416005055902509,0.0047870121602582305,,,,0.0,0.015656821243332265,0.03165260132591577,0.0,0.07768591044999817,1.534467735305984,0.001466275659824047,0.669->0.531,VII
P24,scale_8,8.0,1,S,701,1,1,1.5544258704889593,1.5544258704889593,1.576341855768486,1.1477957179952827,1.1477957179952827,1.1639785894573844,1.174988639136718,1.416466081611383,1.9730908140127699,0.9624052547494207,-2.0534380629562716,0.0,0.12125534950071326,0.0,0.0,0.6548258826190083,0.7353296184908001,0.0,0.7913316223513674,0.9053094706960743,0.0,0.669->0.531,VII
P24,scale_8,8.0,1,T,701,1,1,1.0369780589471436,1.0369780589471436,1.046341904262972,2.33965919915409,2.33965919915409,2.3607861715558753,2.3578915370265126,2.7853184726359737,4.3180274277165385,0.4085556022784006,-49.122650407191536,0.12125534950071326,0.12125534950071326,0.12125534950071326,0.12125534950071326,1.0,1.0,0.0,1.3083980170902931,1.4506880436867333,1.0,0.669->0.531,VII
P24,scale_8,8.0,1,h,701,1,1,-0.12979736930765026,1.7449388778608959,3.845997688843383,-0.0189528052121954,0.2547931967781041,0.5615864592018819,0.1758560171586441,0.632051909295398,9.950679822127698,0.6167101134236614,0.37926054822171296,0.0,0.12125534950071326,0.0,0.0,0.05674276996077878,0.6334278483073453,0.0,0.08555766086213124,1.534467735305984,0.0014265335235378032,0.669->0.531,VII
P24,scale_8,8.0,5,S,697,1,1,4.2693212762849155,4.2693212762849155,4.309790710362418,3.1524878559339355,3.1524878559339355,3.1823706853603646,3.218935100277488,3.7564450706074783,4.652796911133595,0.7675669805449857,-22.57522152902242,0.0,0.11621233859397417,0.0,0.0,0.3918676687141044,0.42576342152549584,0.0,0.7817996256288482,0.9053094706960743,0.0,0.669->0.531,VII
P24,scale_8,8.0,5,T,697,1,1,2.928863832845247,2.928863832845247,2.9364023649830098,6.608185342458989,6.608185342458989,6.625193991689371,6.708085683966714,7.141048809784769,8.398280747921927,0.030822070885215817,-392.20750270853256,0.11621233859397417,0.11621233859397417,0.023242467718794835,0.11621233859397417,0.5489971560942567,0.582832290980394,0.0,1.3083980170902931,1.4506880436867333,1.0,0.669->0.531,VII
P24,scale_8,8.0,5,h,697,1,1,-0.5191029748739029,1.878315240210542,4.194378172640423,-0.07579858991237942,0.2742686008560744,0.6124564227793836,0.17435905015263445,0.7185703465135219,12.394203326556434,0.038699197316093205,-0.11500262860766863,0.0,0.11621233859397417,0.0,0.0,0.03052787380323108,0.3083225697463146,0.0,0.0845862249210924,1.534467735305984,0.0014347202295552368,0.669->0.531,VII
P24,scale_8,8.0,10,S,692,1,1,5.5175759906121495,5.5175759906121495,5.565027447674307,4.074205284389717,4.074205284389717,4.109243673973036,4.1477293932608,4.918243923067094,5.776809763083638,0.5711604327293995,-40.4773785965494,0.0,0.10982658959537572,0.0,0.0,0.23285067675193594,0.25569055286529346,0.0,0.7763481723970898,0.8830047569900695,0.0,0.669->0.531,VII
P24,scale_8,8.0,10,T,692,1,1,3.8908424047688777,3.8908424047688777,3.895378073975318,8.778628579681772,8.778628579681772,8.78886208471267,8.851772350449412,9.304652200537058,10.1667117521996,0.036164656255464576,-695.412186729351,0.10982658959537572,0.10982658959537572,0.010982658959537572,0.10982658959537572,0.25092197010265843,0.3040306142782341,0.0,1.3083980170902931,1.4506880436867333,1.0,0.669->0.531,VII
P24,scale_8,8.0,10,h,692,1,1,-0.7573652089412616,1.8566863423655298,4.073553224301417,-0.110589261986771,0.27111038362873324,0.5948137561917813,0.18973552411096642,0.7172183706225166,12.062993473578787,0.024955517941929038,-0.05169282460482805,0.0,0.10982658959537572,0.0,0.0,0.024694624328103088,0.11606988937152016,0.0,0.08190586382689595,1.534467735305984,0.001445086705202312,0.669->0.531,VII
P24,scale_8,8.0,20,S,682,1,1,6.207018316038847,6.207018316038847,6.254579725029835,4.5832928928457894,4.5832928928457894,4.618412471474848,4.657817937498635,5.4622789067691135,6.281070868462837,0.3767498841679066,-56.88705143116275,0.0,0.0967741935483871,0.0,0.0,0.12420434581207271,0.14470039256947712,0.0,0.7623492207443159,0.8826599719194728,0.0,0.669->0.531,VII
P24,scale_8,8.0,20,T,682,1,1,4.356531375949525,4.356531375949525,4.359219411176772,9.829329195733033,9.829329195733033,9.835394016770293,9.846029694295028,10.3033469317916,11.328452855062185,-0.0075312409031555545,-878.3921914685606,0.0967741935483871,0.0967741935483871,0.004838709677419355,0.0967741935483871,0.04688432947763539,0.09344501780433706,0.0,1.307799310937723,1.4506880436867333,1.0,0.669->0.531,VII
P24,scale_8,8.0,20,h,682,1,1,-0.3743875380483439,1.6820702974998762,3.9610747441055247,-0.05466747223270137,0.2456132267686547,0.5783898275937857,0.16464556251518808,0.6533001191280731,12.074728299013968,0.14120391340590283,0.004676578359151695,0.0,0.0967741935483871,0.0,0.0,0.015394230696340742,0.03055279786535195,0.0,0.07768591044999817,1.534467735305984,0.001466275659824047,0.669->0.531,VII
P25,infinite,inf,1,S,878,1,1,1.7174355537927855,1.7174355537927855,1.73347590882088,1.1335739867663142,1.1335739867663142,1.1441612423743568,1.1349432757741749,1.367546466654039,1.8523574475638656,0.9708939661043983,-2.314492072967786,,,,0.003416856492027335,0.6648753167634469,1.2030743914531443,0.003416856492027335,0.8306267215925782,1.4037016206047586,0.003416856492027335,0.531->0.427,VII
P25,infinite,inf,1,T,878,1,1,0.820149784069155,0.8204450790223121,0.833502334358349,2.0602603372739576,2.0610021340671825,2.0938026612453093,2.0906511222324546,2.579460527923148,3.9883541106474216,0.29164103365326904,-38.415175493202945,,,,0.00683371298405467,0.9272767816116347,1.1069846965110104,0.00683371298405467,1.1788818882097114,1.3922420926719241,0.9886104783599089,0.531->0.427,VII
P25,infinite,inf,1,h,878,1,1,-0.32919435483805354,1.640664403920643,4.357473898518971,-0.05502396196638027,0.27423269698939534,0.7283401873022847,0.1899463079237297,0.6373069196587771,17.76362693404728,-0.05011644992878297,-1.6279598221577394,,,,0.0011389521640091116,0.04676080833619624,1.7424960271859338,0.0011389521640091116,0.07482684848972114,0.6215485787257377,0.0,0.531->0.427,VII
P25,infinite,inf,5,S,874,1,1,4.706201197985619,4.706201197985619,4.7359029018118095,3.1062750755005206,3.1062750755005206,3.125879350458991,3.062506195539319,3.6576844219056954,4.464989544117718,0.7782407980559953,-31.63013869338954,,,,0.003432494279176201,0.3668417902373035,0.6588500260135673,0.0,0.8281629342843115,0.9026854726366299,0.0,0.531->0.427,VII
P25,infinite,inf,5,T,874,1,1,2.348712683096456,2.348712683096456,2.3559057867982474,5.900092493626634,5.900092493626634,5.9181619567254,5.953044327393714,6.455716809954759,7.171242389627388,0.04849171827582172,-312.57618815449945,,,,0.006864988558352402,0.49889398303363997,0.6189066307643987,0.0,1.1790213243385,1.3922420926719241,0.988558352402746,0.531->0.427,VII
P25,infinite,inf,5,h,874,1,1,-0.5972885773566724,1.5387229662404422,2.944959607588679,-0.09983519911693167,0.2571934564699978,0.4922421756600368,0.1886265340989329,0.6620346641092919,7.536198226599666,-0.0639611819635854,-0.6056571762183429,,,,0.0011441647597254005,0.028851866821180225,0.8835936008994077,0.0,0.07323408243549787,0.6215485787257377,0.0,0.531->0.427,VII
P25,infinite,inf,10,S,869,1,1,6.087015600894407,6.087015600894407,6.121360067789493,4.017666064369332,4.017666064369332,4.040334742780962,3.9311211819735976,4.842442819521207,5.673713297113198,0.6431306540272513,-56.06339921861182,,,,0.0034522439585730723,0.2133719884642934,0.34338153092841467,0.0,0.8229467471330341,0.9026854726366299,0.0,0.531->0.427,VII
P25,infinite,inf,10,T,869,1,1,3.1201675638013455,3.1201675638013455,3.1242630951264387,7.838028616497914,7.838028616497914,7.848316811304583,7.884379947900175,8.370873647383117,9.296380787883006,0.06045028686102009,-547.6366452398962,,,,0.006904487917146145,0.22301353578642497,0.2995217965883638,0.0,1.1791956194994857,1.3922420926719241,0.9884925201380897,0.531->0.427,VII
P25,infinite,inf,10,h,869,1,1,-0.7216482681573149,1.5105171497194516,2.508622603386052,-0.12062159109540785,0.25247892916212467,0.41930960445728704,0.18551143305259624,0.6603023713387716,4.667794148138695,0.02252619288773713,-0.16392106461301093,,,,0.0011507479861910242,0.02246473945423949,0.37867125619110825,0.0,0.07325958709609391,0.6215485787257377,0.0,0.531->0.427,VII
P25,infinite,inf,20,S,859,1,1,6.860655975408799,6.860655975408799,6.896025236366365,4.528298676885677,4.528298676885677,4.55164375907179,4.428240276266909,5.5024251778668525,6.295585476281076,0.4877189515602698,-79.00961549957806,,,,0.0034924330616996507,0.1169102261653517,0.13916317056084332,0.0,0.7738683718683117,0.9026854726366299,0.0,0.531->0.427,VII
P25,infinite,inf,20,T,859,1,1,3.4905626154175637,3.4905626154175637,3.4931160297149955,8.768480893375047,8.768480893375047,8.774895207325757,8.778168664221438,9.268459514664304,10.53451931621017,0.05721459058873189,-702.9334866870731,,,,0.006984866123399301,0.041597716296530786,0.08531407074108018,0.0,1.1778750704576284,1.3922420926719241,0.989522700814901,0.531->0.427,VII
P25,infinite,inf,20,h,859,1,1,-0.32855191351822816,1.3958002796794873,2.325236255558875,-0.05491657960629975,0.2333043090594001,0.38865706355038093,0.17189551988068258,0.5992762595714038,4.768095015158623,0.09191489909197675,-0.011751542791732739,,,,0.0011641443538998836,0.013285190174178237,0.07209202654610623,0.0,0.0708774517964228,0.6215485787257377,0.0,0.531->0.427,VII
P25,scale_8,8.0,1,S,878,1,1,1.7226698468242787,1.7226698468242787,1.7423014795566796,1.137028822906459,1.137028822906459,1.1499864608999513,1.1351529658937993,1.372179287405178,3.2296129648380685,0.9672683115719272,-2.348327847133701,0.003416856492027335,0.010250569476082005,0.003416856492027335,0.003416856492027335,0.6648753167634469,1.0,0.0,0.8306267215925782,1.4037016206047586,0.003416856492027335,0.531->0.427,VII
P25,scale_8,8.0,1,T,878,1,1,0.8210329332098709,0.8213282281630279,0.8340725740744388,2.062478855381085,2.06322065217431,2.095235134060177,2.0906511222324546,2.579460527923148,3.9883541106474216,0.286539407198626,-38.46912564080358,0.00683371298405467,0.010250569476082005,0.00683371298405467,0.00683371298405467,0.9272767816116347,1.0,0.0,1.1788818882097114,1.3922420926719241,0.9886104783599089,0.531->0.427,VII
P25,scale_8,8.0,1,h,878,1,1,-0.2887190501971806,1.6001890992797703,3.4384466999232792,-0.04825862231092758,0.26746735733394267,0.574727232285254,0.1899463079237297,0.6373069196587771,11.82365871655981,0.07628740046260137,-0.6363406745027316,0.0011389521640091116,0.010250569476082005,0.0011389521640091116,0.0011389521640091116,0.04676080833619624,1.0,0.0,0.07482684848972114,0.6215485787257377,0.0,0.531->0.427,VII
P25,scale_8,8.0,5,S,874,1,1,4.708268550203653,4.708268550203653,4.737222716466828,3.1076396080389737,3.1076396080389737,3.126750479251555,3.062506195539319,3.6576844219056954,4.464989544117718,0.7899576580875636,-31.648328144049962,0.003432494279176201,0.010297482837528604,0.0006864988558352403,0.003432494279176201,0.3668417902373035,0.579009068460931,0.0,0.8281629342843115,0.9026854726366299,0.0,0.531->0.427,VII
P25,scale_8,8.0,5,T,874,1,1,2.3490821194005953,2.3490821194005953,2.356119357428501,5.9010205374783204,5.9010205374783204,5.918698457627144,5.953044327393714,6.455716809954759,7.171242389627388,0.05744899843648569,-312.6330441629764,0.006864988558352402,0.010297482837528604,0.0013729977116704805,0.006864988558352402,0.49889398303363997,0.5726425598010706,0.0,1.1790213243385,1.3922420926719241,0.988558352402746,0.531->0.427,VII
P25,scale_8,8.0,5,h,874,1,1,-0.5804272137087605,1.5218616487105519,2.7204432218955095,-0.09701686697232234,0.2543751320338933,0.45471485817827895,0.1886265340989329,0.6620346641092919,5.4219996263372545,-0.07036272322089622,-0.37016690110595407,0.0011441647597254005,0.010297482837528604,0.0004576659038901602,0.0011441647597254005,0.028851866821180225,0.5756917210038306,0.0,0.07323408243549787,0.6215485787257377,0.0,0.531->0.427,VII
P25,scale_8,8.0,10,S,869,1,1,6.087880880054335,6.087880880054335,6.122217235461731,4.018237182129658,4.018237182129658,4.0409005066452295,3.9311211819735976,4.842442819521207,5.673713297113198,0.6469899707994435,-56.07938139418972,0.0034522439585730723,0.010356731875719217,0.00034522439585730726,0.0034522439585730723,0.2133719884642934,0.31014048363877345,0.0,0.8229467471330341,0.9026854726366299,0.0,0.531->0.427,VII
P25,scale_8,8.0,10,T,869,1,1,3.120329387123092,3.120329387123092,3.1244087283359616,7.8384351253794815,7.8384351253794815,7.848682649754095,7.884379947900175,8.370873647383117,9.296380787883006,0.059627370965409585,-547.6877943110743,0.006904487917146145,0.010356731875719217,0.0006904487917146145,0.006904487917146145,0.22301353578642497,0.28122684010693494,0.0,1.1791956194994857,1.3922420926719241,0.9884925201380897,0.531->0.427,VII
P25,scale_8,8.0,10,h,869,1,1,-0.7146135327110121,1.5034895541120634,2.458655345627221,-0.11944575375205081,0.2513042852238765,0.410957710051811,0.18551143305259624,0.6603023713387716,4.667794148138695,0.04693321314489956,-0.11801639735661906,0.0011507479861910242,0.010356731875719217,0.00023014959723820482,0.0011507479861910242,0.02246473945423949,0.25107198315656293,0.0,0.07325958709609391,0.6215485787257377,0.0,0.531->0.427,VII
P25,scale_8,8.0,20,S,859,1,1,6.860910150356152,6.860910150356152,6.896363349175235,4.528466442195862,4.528466442195862,4.551866926621734,4.428240276266909,5.5024251778668525,6.304012110054837,0.4847850375025496,-79.0174614508598,0.0034924330616996507,0.010477299185098952,0.00017462165308498254,0.0034924330616996507,0.11581672606466045,0.13916317056084332,0.0,0.7738683718683117,0.9026854726366299,0.0,0.531->0.427,VII
P25,scale_8,8.0,20,T,859,1,1,3.4905735567167695,3.4905735567167695,3.493126637110754,8.768508378506702,8.768508378506702,8.774921853674007,8.778168664221438,9.268459514664304,10.53451931621017,0.057271719383575885,-702.9377619028717,0.006984866123399301,0.010477299185098952,0.0003492433061699651,0.006984866123399301,0.041597716296530786,0.08531407074108018,0.0,1.1778750704576284,1.3922420926719241,0.989522700814901,0.531->0.427,VII
P25,scale_8,8.0,20,h,859,1,1,-0.32729285457657814,1.3966101883441022,2.3253931819238676,-0.054706131248663525,0.23343968314131577,0.38868329337544316,0.17189551988068258,0.5992762595714038,4.768095015158623,0.09048503773045666,-0.011888110290270593,0.0011641443538998836,0.010477299185098952,0.00011641443538998836,0.0011641443538998836,0.013285190174178237,0.050451649913144235,0.0,0.0708774517964228,0.6215485787257377,0.0,0.531->0.427,VII
P26,infinite,inf,1,S,1069,1,1,1.5650824657290583,1.566109247065155,1.5904664117664293,1.097600059843657,1.0983201466637602,1.1154019465172182,1.1342887988230672,1.3110229596475227,2.736972715184387,0.9653350919679693,-1.818446925916314,,,,0.0,0.5808276567232532,0.7657603617155715,0.0,0.7352162731204614,0.940938622703881,0.0,0.427->0.350,VII
P26,infinite,inf,1,T,1069,1,1,0.7099580766209977,0.7105860884520463,0.7340302285835558,1.117181023894592,1.1181692553459024,1.1550606568792217,1.1268377060680224,1.5707724382059203,2.5825307409102143,0.5282482055952392,-10.996294847656992,,,,0.0,0.513707483232918,0.6282861555576469,0.0,0.6657429002894304,0.8044148453903439,0.0,0.427->0.350,VII
P26,infinite,inf,1,h,1069,1,1,-0.19868975657019458,1.7321915264000767,4.6842026836916295,-0.022277088602854312,0.1942132537521895,0.5251926421353318,0.13431178372231622,0.4068072951035554,10.03895726579043,0.7051009429970603,0.4923182105769315,,,,0.0009354536950420954,0.03341620482208999,1.0108769184520994,0.0009354536950420954,0.048097850084438225,1.3619797414889845,0.005612722170252572,0.427->0.350,VII
P26,infinite,inf,5,S,1065,1,1,4.27778034631822,4.27778034631822,4.328748399806459,3.0000284757708933,3.0000284757708933,3.0357726233054745,3.104754242917658,3.5050753122949403,5.901685833439399,0.756013686366472,-20.115153300876305,,,,0.0,0.34977417783135256,0.4331272956571836,0.0,0.7339073882593331,0.940938622703881,0.0,0.427->0.350,VII
P26,infinite,inf,5,T,1065,1,1,2.031770039667643,2.031770039667643,2.046856841236091,3.197167562396768,3.197167562396768,3.220907961976067,3.2215021746999826,3.6865816421542554,5.082398805946796,-0.022134843684429275,-91.94871080774605,,,,0.0,0.2690817039145221,0.36047080322295555,0.0,0.6658346416780453,0.8044148453903439,0.0,0.427->0.350,VII
P26,infinite,inf,5,h,1065,1,1,-0.47942739048335375,1.7568792301754848,5.484669083922006,-0.05375338236251605,0.1969812382416742,0.6149409071156661,0.12412470636723177,0.4092975757185135,10.874652659960613,-0.001846656346986931,-0.10876482371517349,,,,0.0,0.021571155796169035,0.40701944188362904,0.0,0.047351934788257895,1.3619797414889845,0.0028169014084507044,0.427->0.350,VII
P26,infinite,inf,10,S,1060,1,1,5.553765312817549,5.553765312817549,5.611495124076625,3.8948830321644246,3.8948830321644246,3.9353692338056954,4.021878639139217,4.528351851190078,5.850019162944851,0.5320846667091276,-36.2632184279974,,,,0.0,0.2171070799739196,0.23910034004126327,0.0,0.7282480369768777,0.897542308822101,0.0,0.427->0.350,VII
P26,infinite,inf,10,T,1060,1,1,2.6986947488149053,2.6986947488149053,2.708540884274128,4.246631825092227,4.246631825092227,4.262125578957375,4.264861464608942,4.718268697882807,5.890645110225922,-0.023417528571537057,-161.02612225984387,,,,0.0,0.12196656790926501,0.18271040747667971,0.0,0.6659346266019796,0.8044148453903439,0.0,0.427->0.350,VII
P26,infinite,inf,10,h,1060,1,1,-0.602419884172614,1.7880928916480587,5.288883773044134,-0.06754329648138344,0.2004809128814102,0.5929894648629151,0.13605055279281897,0.4362156078910253,10.664756207226844,-0.007427833505000641,-0.032746218108497205,,,,0.0,0.017510903492393384,0.15780486014323836,0.0,0.04654443015569565,1.3619797414889845,0.002830188679245283,0.427->0.350,VII
P26,infinite,inf,20,S,1050,1,1,6.275558427736199,6.275558427736199,6.333747446484486,4.4010801070645,4.4010801070645,4.441888353185009,4.528020215962954,5.083375326379484,6.120940959670204,0.2921005247322846,-49.8367608537843,,,,0.0,0.09022745588993539,0.1322575819643694,0.0,0.7085664966291196,0.8598649585875997,0.0,0.427->0.350,VII
P26,infinite,inf,20,T,1050,1,1,3.0213539635806983,3.0213539635806983,3.029009119346897,4.754364272670967,4.754364272670967,4.766410328682695,4.756049205521377,5.223797219591227,6.332209496540701,-0.03909697219918316,-203.82525270464043,,,,0.0,0.019536185330190192,0.0708050124458213,0.0,0.6653971114612529,0.8044148453903439,0.0,0.427->0.350,VII
P26,infinite,inf,20,h,1050,1,1,-0.1414214734111107,1.5499144573839658,5.12415718763541,-0.01585617068493665,0.17377635510761377,0.5745203258305799,0.11923265824307143,0.37102890760322943,10.729484670285165,0.23807571825630278,0.017985441380489187,,,,0.0,0.008695216692177172,0.022235368684110177,0.0,0.04555472373633706,1.3619797414889845,0.002857142857142857,0.427->0.350,VII
P26,scale_8,8.0,1,S,1069,1,1,1.5650824657290583,1.566109247065155,1.5904664117664293,1.097600059843657,1.0983201466637602,1.1154019465172182,1.1342887988230672,1.3110229596475227,2.736972715184387,0.9653350919679693,-1.818446925916314,0.0,0.0009354536950420954,0.0,0.0,0.5808276567232532,0.7657603617155715,0.0,0.7352162731204614,0.940938622703881,0.0,0.427->0.350,VII
P26,scale_8,8.0,1,T,1069,1,1,0.7099580766209977,0.7105860884520463,0.7340302285835558,1.117181023894592,1.1181692553459024,1.1550606568792217,1.1268377060680224,1.5707724382059203,2.5825307409102143,0.5282482055952392,-10.996294847656992,0.0,0.0009354536950420954,0.0,0.0,0.513707483232918,0.6282861555576469,0.0,0.6657429002894304,0.8044148453903439,0.0,0.427->0.350,VII
P26,scale_8,8.0,1,h,1069,1,1,-0.19796375894551155,1.7329175240247598,4.688143931192467,-0.02219568977440081,0.194294652580643,0.5256345346681807,0.13431178372231622,0.4068072951035554,10.03895726579043,0.7046146873129217,0.4914635330624296,0.0009354536950420954,0.0009354536950420954,0.0009354536950420954,0.0009354536950420954,0.03341620482208999,1.0,0.0,0.048097850084438225,1.3619797414889845,0.005612722170252572,0.427->0.350,VII
P26,scale_8,8.0,5,S,1065,1,1,4.27778034631822,4.27778034631822,4.328748399806459,3.0000284757708933,3.0000284757708933,3.0357726233054745,3.104754242917658,3.5050753122949403,5.901685833439399,0.756013686366472,-20.115153300876305,0.0,0.0,0.0,0.0,0.34977417783135256,0.4331272956571836,0.0,0.7339073882593331,0.940938622703881,0.0,0.427->0.350,VII
P26,scale_8,8.0,5,T,1065,1,1,2.031770039667643,2.031770039667643,2.046856841236091,3.197167562396768,3.197167562396768,3.220907961976067,3.2215021746999826,3.6865816421542554,5.082398805946796,-0.022134843684429275,-91.94871080774605,0.0,0.0,0.0,0.0,0.2690817039145221,0.36047080322295555,0.0,0.6658346416780453,0.8044148453903439,0.0,0.427->0.350,VII
P26,scale_8,8.0,5,h,1065,1,1,-0.47942739048335375,1.7568792301754848,5.484669083922006,-0.05375338236251605,0.1969812382416742,0.6149409071156661,0.12412470636723177,0.4092975757185135,10.874652659960613,-0.001846656346986931,-0.10876482371517349,0.0,0.0,0.0,0.0,0.021571155796169035,0.40701944188362904,0.0,0.047351934788257895,1.3619797414889845,0.0028169014084507044,0.427->0.350,VII
P26,scale_8,8.0,10,S,1060,1,1,5.553765312817549,5.553765312817549,5.611495124076625,3.8948830321644246,3.8948830321644246,3.9353692338056954,4.021878639139217,4.528351851190078,5.850019162944851,0.5320846667091276,-36.2632184279974,0.0,0.0,0.0,0.0,0.2171070799739196,0.23910034004126327,0.0,0.7282480369768777,0.897542308822101,0.0,0.427->0.350,VII
P26,scale_8,8.0,10,T,1060,1,1,2.6986947488149053,2.6986947488149053,2.708540884274128,4.246631825092227,4.246631825092227,4.262125578957375,4.264861464608942,4.718268697882807,5.890645110225922,-0.023417528571537057,-161.02612225984387,0.0,0.0,0.0,0.0,0.12196656790926501,0.18271040747667971,0.0,0.6659346266019796,0.8044148453903439,0.0,0.427->0.350,VII
P26,scale_8,8.0,10,h,1060,1,1,-0.602419884172614,1.7880928916480587,5.288883773044134,-0.06754329648138344,0.2004809128814102,0.5929894648629151,0.13605055279281897,0.4362156078910253,10.664756207226844,-0.007427833505000641,-0.032746218108497205,0.0,0.0,0.0,0.0,0.017510903492393384,0.15780486014323836,0.0,0.04654443015569565,1.3619797414889845,0.002830188679245283,0.427->0.350,VII
P26,scale_8,8.0,20,S,1050,1,1,6.275558427736199,6.275558427736199,6.333747446484486,4.4010801070645,4.4010801070645,4.441888353185009,4.528020215962954,5.083375326379484,6.120940959670204,0.2921005247322846,-49.8367608537843,0.0,0.0,0.0,0.0,0.09022745588993539,0.1322575819643694,0.0,0.7085664966291196,0.8598649585875997,0.0,0.427->0.350,VII
P26,scale_8,8.0,20,T,1050,1,1,3.0213539635806983,3.0213539635806983,3.029009119346897,4.754364272670967,4.754364272670967,4.766410328682695,4.756049205521377,5.223797219591227,6.332209496540701,-0.03909697219918316,-203.82525270464043,0.0,0.0,0.0,0.0,0.019536185330190192,0.0708050124458213,0.0,0.6653971114612529,0.8044148453903439,0.0,0.427->0.350,VII
P26,scale_8,8.0,20,h,1050,1,1,-0.1414214734111107,1.5499144573839658,5.12415718763541,-0.01585617068493665,0.17377635510761377,0.5745203258305799,0.11923265824307143,0.37102890760322943,10.729484670285165,0.23807571825630278,0.017985441380489187,0.0,0.0,0.0,0.0,0.008695216692177172,0.022235368684110177,0.0,0.04555472373633706,1.3619797414889845,0.002857142857142857,0.427->0.350,VII
