selection_protocol_id,kp_scale,ki_scale,kd_scale,move_limit_scale,candidate_key,data1_equal_pass_mean_RMS_c,pass_P14_RMS_c,pass_P13_RMS_c,pass_P12_RMS_c,pass_P04_RMS_c,pass_P03_RMS_c,pass_P02_RMS_c,pass_P01_RMS_c,pass_P26_RMS_c,pass_P25_RMS_c,pass_P24_RMS_c,pass_P23_RMS_c,pass_P22_RMS_c,pass_P21_RMS_c
canonical_pid_replay_segment_gap_v2,1.6,1.4,0.75,1.4,kp1.6_ki1.4_kd0.75_ml1.4,2.682791531087903,2.2057994586682383,2.2357604798046853,2.088055875013502,1.4546791343281988,1.681025084651106,1.7263721885964465,1.5964474042724175,2.3114712450670054,3.5137230826227372,3.8364583166151096,4.613207703460336,3.705142902166999,3.9081470288759554
canonical_pid_replay_segment_gap_v2,1.6,1.4,0.25,1.4,kp1.6_ki1.4_kd0.25_ml1.4,2.682907527581172,2.2058642439995007,2.23603669951258,2.0885906476597227,1.4550103126325657,1.680709580954758,1.7266839237117637,1.5965487372423375,2.311304263750888,3.513332701561169,3.836374317615943,4.614414801820938,3.704791861325796,3.9081357667672716
canonical_pid_replay_segment_gap_v2,1.6,1.4,1.0,1.4,kp1.6_ki1.4_kd1_ml1.4,2.6829245412030307,2.2057149745309657,2.2366758282714336,2.087936057442563,1.4545332569588323,1.6808695923499115,1.726062201743092,1.5968925039469717,2.3114403588483774,3.5137525166553343,3.835979710562135,4.61352578465689,3.7057880303424864,3.908848219330405
canonical_pid_replay_segment_gap_v2,1.6,1.2,1.0,1.4,kp1.6_ki1.2_kd1_ml1.4,2.682939292097395,2.207087001178782,2.2364120235842386,2.0881410311539317,1.4547348777906253,1.6807993006755924,1.7263209607245835,1.596729487392112,2.3114067955210174,3.513586568270093,3.8364160003225174,4.6134550650198305,3.705128229384925,3.907993456247887
canonical_pid_replay_segment_gap_v2,1.6,0.6,1.0,1.4,kp1.6_ki0.6_kd1_ml1.4,2.6830438819213454,2.209032349265065,2.2379830125579256,2.0905957283543692,1.4553619603950005,1.6809899761774474,1.7264501159409489,1.5960887155209267,2.311415755381397,3.5138596381499902,3.836371846207639,4.614482581381228,3.6988673775936736,3.9080714080518724
canonical_pid_replay_segment_gap_v2,1.6,0.4,0.75,1.4,kp1.6_ki0.4_kd0.75_ml1.4,2.6830494416449326,2.2090709280821894,2.237514557805459,2.0908633952089217,1.4555407798333926,1.6810456125467879,1.72662114100328,1.5960232163305623,2.311456243957672,3.513631541976663,3.8358758353194347,4.613347718190794,3.700155488880322,3.9084962822486453
canonical_pid_replay_segment_gap_v2,1.6,1.4,0.0,1.4,kp1.6_ki1.4_kd0_ml1.4,2.6830599156337267,2.2059302983900615,2.237245876962539,2.087624044077677,1.454957464569328,1.6804774354873349,1.7263706863903874,1.5974624989194484,2.3113425393830664,3.513410199346852,3.8363082552179364,4.614595322666744,3.7053259979614377,3.90872828386563
canonical_pid_replay_segment_gap_v2,1.6,1.4,0.5,1.4,kp1.6_ki1.4_kd0.5_ml1.4,2.683066399286697,2.205771230742043,2.2360379617020767,2.088334749842677,1.4546939536806225,1.6811424961168615,1.7264111301405431,1.5971394883013776,2.3114446857974422,3.513465160938992,3.8364324139051234,4.614163581521651,3.7060292736777605,3.9087970643598933
canonical_pid_replay_segment_gap_v2,1.6,1.0,1.0,1.4,kp1.6_ki1_kd1_ml1.4,2.683092346595701,2.2071516261351056,2.236737465183659,2.088669421824822,1.4551159301152303,1.680903893477085,1.725854231549954,1.596596681166045,2.311400427729985,3.5135473012550187,3.8364239035984227,4.614565805023509,3.704836859202988,3.9083969594822894
canonical_pid_replay_segment_gap_v2,1.6,1.0,0.75,1.4,kp1.6_ki1_kd0.75_ml1.4,2.683093765314991,2.2073162777781756,2.236974377770949,2.0896909539097206,1.4551647434806096,1.680794465580095,1.7263948487068115,1.5964586152358493,2.3113613839821054,3.513612845143113,3.8363994588409174,4.614260494144844,3.7030986741940897,3.908691810327602
canonical_pid_replay_segment_gap_v2,1.6,1.2,0.75,1.4,kp1.6_ki1.2_kd0.75_ml1.4,2.6831010553965977,2.207147246504173,2.2368971591633238,2.088678076262566,1.4549271122957406,1.6808104122145744,1.7262261603701823,1.5970561250089632,2.3114034776570773,3.5134991553764725,3.836455675928659,4.613593954311216,3.7050100411918248,3.9086091238709977
canonical_pid_replay_segment_gap_v2,1.6,0.6,0.75,1.4,kp1.6_ki0.6_kd0.75_ml1.4,2.683141543909116,2.208747395905826,2.2373450799861154,2.0915356277288226,1.4556512814499583,1.6807349654920198,1.725942883156874,1.596040600146946,2.311412804601306,3.5133009691872368,3.8363216915770835,4.6133097657659325,3.7019977731326876,3.9084992326876944
canonical_pid_replay_segment_gap_v2,1.6,1.2,0.0,1.4,kp1.6_ki1.2_kd0_ml1.4,2.6831506475177864,2.2061509529199435,2.2369126678766267,2.088654034175504,1.4553359663299232,1.6806881446928472,1.7265588478994813,1.5970374801955673,2.311473016045591,3.5133310731116887,3.836288278467807,4.614341438495401,3.7055582959500115,3.9086282215708246
canonical_pid_replay_segment_gap_v2,1.6,1.2,0.5,1.4,kp1.6_ki1.2_kd0.5_ml1.4,2.683159183858159,2.2067939624840336,2.236057585257282,2.0885811359448194,1.454928561465829,1.6807617342138528,1.7263984889499915,1.597326607968878,2.3114021527064437,3.5133604100958977,3.8363571438095563,4.614264311689328,3.706040323439461,3.908796972130697
canonical_pid_replay_segment_gap_v2,1.6,1.2,0.25,1.4,kp1.6_ki1.2_kd0.25_ml1.4,2.6832172829879095,2.205907126873308,2.236466312744044,2.089791872624432,1.4552880657165141,1.6808734010919588,1.7265242976396589,1.5971818761715137,2.3113381084263436,3.5133467628195088,3.8362917483204253,4.614483790034046,3.7053917559649765,3.9089395604160972
canonical_pid_replay_segment_gap_v2,1.6,0.8,1.0,1.4,kp1.6_ki0.8_kd1_ml1.4,2.683244387709018,2.2081051637183653,2.2372069853052694,2.089837319974246,1.4549738403313845,1.6809186738676691,1.7264675990321983,1.59610137247976,2.311423004220759,3.5134440715317123,3.8360322523965347,4.614101929620324,3.705040727681793,3.9085241000572175
canonical_pid_replay_segment_gap_v2,1.6,1.0,0.5,1.4,kp1.6_ki1_kd0.5_ml1.4,2.6832491380834815,2.2073926365321643,2.236581938852751,2.0889083958574517,1.4551313046844268,1.6809380372521352,1.7265563668959871,1.5973434781376732,2.3113596452096505,3.5132665264016105,3.836384022417631,4.614373182071437,3.7051917575989095,3.90881150317343
canonical_pid_replay_segment_gap_v2,1.6,1.0,0.25,1.4,kp1.6_ki1_kd0.25_ml1.4,2.6832856012016366,2.2078898598989496,2.2371983848568124,2.0895581552207667,1.4549741155198859,1.6805295835296856,1.7264311649705568,1.5975944608449197,2.311323744063726,3.5133485300544347,3.8362754212761754,4.614475719856954,3.7045750575603247,3.9085386179680737
canonical_pid_replay_segment_gap_v2,1.6,1.0,0.0,1.4,kp1.6_ki1_kd0_ml1.4,2.683305085520881,2.2069834187497706,2.2372873327512166,2.0897444163037227,1.455334547009864,1.6806975114688922,1.7263496209398712,1.5974573844105577,2.311399421196994,3.513337329560669,3.836252297467832,4.614276305747192,3.704731757980659,3.909114768184205
canonical_pid_replay_segment_gap_v2,1.6,0.8,0.75,1.4,kp1.6_ki0.8_kd0.75_ml1.4,2.683326166827697,2.2082324425699613,2.2368602734025402,2.0899283504271,1.4552417526935342,1.6809073526786635,1.7263623549746672,1.5964061869566588,2.3114856111698145,3.5135099307854545,3.8360049051857126,4.614283385008022,3.705363725843808,3.908653897064126
canonical_pid_replay_segment_gap_v2,1.6,0.6,0.5,1.4,kp1.6_ki0.6_kd0.5_ml1.4,2.6833562850896695,2.2089070048462367,2.237344922370996,2.090574891337278,1.4556091483504112,1.6808622090325887,1.7259983079270083,1.5964677530718125,2.3113944704299265,3.513540243017625,3.8362746553634732,4.614251317705343,3.7038024552817816,3.908604327431219
canonical_pid_replay_segment_gap_v2,1.6,0.4,1.0,1.4,kp1.6_ki0.4_kd1_ml1.4,2.6834127732488016,2.209334299158262,2.237661392812584,2.090896913639693,1.455507461870206,1.6807551854973368,1.72621534669304,1.5965622789585836,2.311441737985351,3.513712857548193,3.8363385927951863,4.613461525982493,3.7043700121078307,3.908108447185659
canonical_pid_replay_segment_gap_v2,1.6,0.8,0.5,1.4,kp1.6_ki0.8_kd0.5_ml1.4,2.683416775644055,2.2074251374934795,2.2371871680095556,2.0908282740424053,1.4555524915257119,1.6806273988740557,1.7262664532094991,1.5971350102881334,2.311462381022802,3.513432860432579,3.836345675874869,4.614028333246578,3.7055962430342606,3.9085306563187867
canonical_pid_replay_segment_gap_v2,1.6,0.8,0.25,1.4,kp1.6_ki0.8_kd0.25_ml1.4,2.68346357392942,2.208292327926507,2.2374961015711565,2.090273380195678,1.455461428326876,1.680474712129927,1.7262721525402875,1.5973496319432854,2.3113522951032537,3.513251923082102,3.8363235072358557,4.614271843162303,3.705413057485576,3.9087941003796485
canonical_pid_replay_segment_gap_v2,1.6,0.8,0.0,1.4,kp1.6_ki0.8_kd0_ml1.4,2.683465719040211,2.2079096745090845,2.2371796114682545,2.0896248657265373,1.4554585762670964,1.6807252468552243,1.7267978790711347,1.5974615022117626,2.311444307642859,3.513429576541205,3.8362121902524575,4.614752768458278,3.705525706611157,3.908532441907685
canonical_pid_replay_segment_gap_v2,1.6,0.6,0.25,1.4,kp1.6_ki0.6_kd0.25_ml1.4,2.683480291178465,2.2084205610895924,2.2380746310477733,2.091017869514071,1.4556408828550034,1.6805645127865316,1.7264639721000818,1.596365388281286,2.311330881877424,3.512602951010292,3.8362349034641454,4.614431093448796,3.7052682712896483,3.9088278665554044
canonical_pid_replay_segment_gap_v2,1.6,0.6,0.0,1.4,kp1.6_ki0.6_kd0_ml1.4,2.6835575996351286,2.208508956013764,2.237596696584671,2.091586644558675,1.4560314226435906,1.680598062008502,1.7266103352562199,1.5973543637661265,2.3113959086223765,3.513451554563112,3.836189020048442,4.614436056412791,3.704007512205704,3.9084822625726954
canonical_pid_replay_segment_gap_v2,1.6,0.4,0.5,1.4,kp1.6_ki0.4_kd0.5_ml1.4,2.683676180044552,2.209364996071565,2.238230395200162,2.091433457923347,1.4558548643853442,1.6806967586632948,1.726774555527373,1.5973069094604757,2.3114184068507666,3.513600329384463,3.836373570460833,4.6144737607685125,3.7038749563398365,3.908387379543202
canonical_pid_replay_segment_gap_v2,1.6,0.4,0.25,1.4,kp1.6_ki0.4_kd0.25_ml1.4,2.6837672060276954,2.2088143709596557,2.238350014588592,2.0920372978758066,1.4558453989599596,1.6809280050927822,1.7267032716097033,1.5968902242701917,2.3113497289387874,3.5133915395566366,3.8364597698885152,4.614677023044538,3.704793409689883,3.9087336238849777
canonical_pid_replay_segment_gap_v2,1.6,0.4,0.0,1.4,kp1.6_ki0.4_kd0_ml1.4,2.683788824219375,2.209287359227923,2.2381275000987055,2.0920298744555255,1.4560787731030216,1.6805989832958452,1.7269396152337528,1.598040827057637,2.311321553911579,3.5134545820026375,3.8361789054780346,4.614639848456326,3.704155689829571,3.9084012027013117
canonical_pid_replay_segment_gap_v2,1.4,1.4,1.0,1.4,kp1.4_ki1.4_kd1_ml1.4,2.6841483720906387,2.211853029044867,2.242347845731961,2.096514052036678,1.4597717492307798,1.6806959838172002,1.7279065271728504,1.5959652141951495,2.311418205959843,3.5134418200561375,3.835930155178422,4.61337375730176,3.696478002797361,3.908232494655291
canonical_pid_replay_segment_gap_v2,1.4,1.0,1.0,1.4,kp1.4_ki1_kd1_ml1.4,2.684326664355072,2.2131715615440455,2.2424913220046503,2.097615364975803,1.4598392936242404,1.680870987302783,1.7274349677137941,1.595870334539397,2.311439500539074,3.5133967242923103,3.8361993499154807,4.614382654093215,3.695334666680969,3.9081999093901683
canonical_pid_replay_segment_gap_v2,1.4,1.4,0.5,1.4,kp1.4_ki1.4_kd0.5_ml1.4,2.684433013034647,2.210438877339611,2.2420766184209024,2.0962197376830334,1.459786507812632,1.681069932989801,1.727862339383688,1.5964242760466263,2.3113555354566517,3.513271388029395,3.83628069695415,4.6135607987123795,3.7007771736229333,3.908505286998608
canonical_pid_replay_segment_gap_v2,1.4,0.6,1.0,1.4,kp1.4_ki0.6_kd1_ml1.4,2.6846617719489987,2.2155090644691584,2.2436514376077255,2.09858922859869,1.4603381502968205,1.6806021844060985,1.7285857394967377,1.5960175114871256,2.3114624535389123,3.5135947126241285,3.8358995831256983,4.613340937533212,3.6946480428795865,3.9083639892730893
canonical_pid_replay_segment_gap_v2,1.4,1.4,0.75,1.4,kp1.4_ki1.4_kd0.75_ml1.4,2.6846841385060314,2.211264152066247,2.242051423244601,2.096215353181098,1.4596335428375369,1.6809818785456556,1.7275454483985255,1.5962199971442885,2.3114072781374544,3.513335170344591,3.8362866545851495,4.613895980499308,3.703901513335937,3.908155408258022
canonical_pid_replay_segment_gap_v2,1.4,1.4,0.25,1.4,kp1.4_ki1.4_kd0.25_ml1.4,2.6847019655109503,2.211183962689304,2.242830543463024,2.0955994169907712,1.4599562143290097,1.681194349289836,1.727795333898911,1.595926364478372,2.3113867277271254,3.5133348835294314,3.836219475939101,4.613402274205577,3.7038754917233594,3.9084205133785304
canonical_pid_replay_segment_gap_v2,1.4,0.4,1.0,1.4,kp1.4_ki0.4_kd1_ml1.4,2.6847402773638467,2.2163822262136548,2.2445193326993813,2.0981561738682446,1.4609419499482696,1.681080786282724,1.7282781377366867,1.5953947319562722,2.3114066194377165,3.5135741589011977,3.835952762120471,4.613489900367296,3.6940098790183584,3.9084369471797404
canonical_pid_replay_segment_gap_v2,1.4,1.2,1.0,1.4,kp1.4_ki1.2_kd1_ml1.4,2.6847533214197172,2.21247030164656,2.2419984473795513,2.0963099811007546,1.4598775051750206,1.6806414626855146,1.7276412634129699,1.5966171202076687,2.311431754214022,3.5134547931318885,3.8358557886546616,4.613588758067167,3.7036998217261847,3.9082061810543625
canonical_pid_replay_segment_gap_v2,1.4,1.4,0.0,1.4,kp1.4_ki1.4_kd0_ml1.4,2.6848005706059506,2.2119402497134537,2.242669137705235,2.094418430821023,1.460025458225889,1.680836926781999,1.7275018656792216,1.597039695134825,2.3113655331135274,3.5134342954159163,3.836156376257188,4.614412201117223,3.7040513109543665,3.908555936957493
canonical_pid_replay_segment_gap_v2,1.4,1.2,0.75,1.4,kp1.4_ki1.2_kd0.75_ml1.4,2.684821592525286,2.212826067793423,2.2425610290507914,2.09680882516161,1.4598196025489472,1.6810491940608367,1.7276618313607515,1.5958969266201517,2.3114169592328344,3.513288597573895,3.8364008466774755,4.613083544680911,3.703401551795079,3.9084657262720146
canonical_pid_replay_segment_gap_v2,1.4,1.2,0.25,1.4,kp1.4_ki1.2_kd0.25_ml1.4,2.684861795153134,2.2120794426089323,2.2420191645664236,2.0966034087562466,1.4601077824941484,1.6808077795922898,1.727877663494267,1.5968920513426486,2.3113693419544665,3.513293073407611,3.836200216294207,4.613995654167919,3.70337827165694,3.9085794866546455
canonical_pid_replay_segment_gap_v2,1.4,1.2,0.5,1.4,kp1.4_ki1.2_kd0.5_ml1.4,2.6848976494135637,2.212511268202576,2.242237623913886,2.096751200424125,1.460047224655745,1.680646143541628,1.7276625307009545,1.5963377682940638,2.311363961377593,3.5134906096059546,3.836250147328341,4.613932994452166,3.7039133654181104,3.908524604461182
canonical_pid_replay_segment_gap_v2,1.4,1.0,0.75,1.4,kp1.4_ki1_kd0.75_ml1.4,2.6849626561923845,2.2135471644657603,2.2428130077757005,2.0965671705790743,1.460332619281937,1.6806841814291726,1.7276449911314768,1.5959574749922247,2.311412407747581,3.5132828444468913,3.836354815216858,4.614273667458619,3.7032171495375223,3.908427036438178
canonical_pid_replay_segment_gap_v2,1.4,0.8,0.5,1.4,kp1.4_ki0.8_kd0.5_ml1.4,2.684987600195233,2.2147258084437342,2.2434478100403843,2.0982155500360284,1.460757201729218,1.6808960040532188,1.7276941863345134,1.5965642840762688,2.3114105241189056,3.513318304696135,3.836276245977242,4.613267468830287,3.6997417302971307,3.90852368390497
canonical_pid_replay_segment_gap_v2,1.4,1.0,0.25,1.4,kp1.4_ki1_kd0.25_ml1.4,2.6850154715693195,2.2133315851062556,2.2434247129742713,2.0968093723802452,1.4603364764384112,1.680783233752537,1.7277388541379077,1.5963455999341758,2.3113886343507524,3.5132729924667836,3.8362965579733816,4.613970927549797,3.703009780131765,3.9084924032048645
canonical_pid_replay_segment_gap_v2,1.4,1.2,0.0,1.4,kp1.4_ki1.2_kd0_ml1.4,2.6850302578215826,2.2120937777363503,2.242778279059056,2.096504352960179,1.4603513174283267,1.680786595717672,1.728097872238705,1.5971603432634167,2.311374581503673,3.5133722016457796,3.8362783392763053,4.614316528993338,3.703771281279964,3.908507880577814
canonical_pid_replay_segment_gap_v2,1.4,1.0,0.5,1.4,kp1.4_ki1_kd0.5_ml1.4,2.6850602793690848,2.213955179740695,2.2427978042758863,2.096214920316711,1.4601990748786446,1.6810201173678072,1.7280177936128513,1.5969762479950866,2.3113319623270026,3.513379532932689,3.836198719899181,4.613996947370661,3.7031597214987086,3.908535609582179
canonical_pid_replay_segment_gap_v2,1.4,0.6,0.5,1.4,kp1.4_ki0.6_kd0.5_ml1.4,2.685089185347095,2.215747712014666,2.2442061578321044,2.0990720877858395,1.4608303424835827,1.680714222136033,1.728466785831281,1.5965388100368176,2.3114102007415993,3.513424955604384,3.8362129545457293,4.6131557516969215,3.6978726663711083,3.9085067624321703
canonical_pid_replay_segment_gap_v2,1.4,0.8,0.75,1.4,kp1.4_ki0.8_kd0.75_ml1.4,2.6851234207862187,2.2141903897669244,2.2430521195067272,2.098525632417228,1.4602567486746327,1.680788857338267,1.7280594807671499,1.5955910474095443,2.3114062764634156,3.5134500213364013,3.8362076586645304,4.613127610521219,3.7035950779585516,3.9083535493962516
canonical_pid_replay_segment_gap_v2,1.4,1.0,0.0,1.4,kp1.4_ki1_kd0_ml1.4,2.685165205419831,2.213552251781929,2.2426868441462555,2.0971474292563212,1.4605425680185806,1.6806683609391466,1.7279828234110681,1.5972113477986174,2.311351328556469,3.5131554889471936,3.836264613752508,4.614330298508473,3.7035893459963436,3.908664969344901
canonical_pid_replay_segment_gap_v2,1.4,0.8,0.0,1.4,kp1.4_ki0.8_kd0_ml1.4,2.68518784609326,2.2144034186983097,2.2432868392068923,2.097051195294153,1.4608003064163908,1.6808136895664851,1.728348575004473,1.5968167106127016,2.311343134604853,3.5132295989041826,3.8361612103825773,4.613952638590959,3.702602269108261,3.9086324128221377
canonical_pid_replay_segment_gap_v2,1.4,0.8,1.0,1.4,kp1.4_ki0.8_kd1_ml1.4,2.685196293286054,2.21444740385603,2.2437174693146353,2.0986925763114597,1.460313687590413,1.6812730690350481,1.7276432021503363,1.5958813023235212,2.311423973010776,3.513465280434243,3.8359563020775127,4.613570888122105,3.7028594762505684,3.9083071822420528
canonical_pid_replay_segment_gap_v2,1.4,0.8,0.25,1.4,kp1.4_ki0.8_kd0.25_ml1.4,2.6853262004042358,2.214515569547997,2.2439267850212588,2.097931992900419,1.4608464812822926,1.6807429328637102,1.7279186264627804,1.5971504420226907,2.3113925818253134,3.5134279565864444,3.8358924777312637,4.6135833179249,3.703377302266013,3.9085341388199875
canonical_pid_replay_segment_gap_v2,1.4,0.6,0.75,1.4,kp1.4_ki0.6_kd0.75_ml1.4,2.6854438426548817,2.2154562085569034,2.244373702544,2.098899418376627,1.4607308391287444,1.6812348415488625,1.7283973064242766,1.5956278247312374,2.3114279446707044,3.513441996374505,3.8360592530654984,4.613798396435533,3.7028346391573117,3.908487583499255
canonical_pid_replay_segment_gap_v2,1.4,0.6,0.25,1.4,kp1.4_ki0.6_kd0.25_ml1.4,2.685488009571379,2.215185303654402,2.244335400213799,2.0987929733326776,1.460978188200204,1.6808462923882932,1.7281410104507817,1.5970442771113544,2.3113984520744943,3.5134971513114266,3.8362473665446863,4.613766507195549,3.70252379040215,3.9085874115481105
canonical_pid_replay_segment_gap_v2,1.4,0.4,0.75,1.4,kp1.4_ki0.4_kd0.75_ml1.4,2.6855185949571316,2.2170524087363135,2.24411665302407,2.0985702182593218,1.4610472599252669,1.6812532734977654,1.7284086773216243,1.59566268297885,2.311405178528566,3.5136123282679175,3.83597778949007,4.614526461693626,3.7015769871918534,3.9085318155274678
canonical_pid_replay_segment_gap_v2,1.4,0.6,0.0,1.4,kp1.4_ki0.6_kd0_ml1.4,2.6855214203337665,2.215162118152907,2.2444098420139484,2.0985415535071223,1.4609779017497069,1.6810259295734724,1.728242179326446,1.5973380172905907,2.3113500417418686,3.513375449369164,3.8361922978926555,4.6140714900143305,3.702417919951795,3.908673723754962
canonical_pid_replay_segment_gap_v2,1.4,0.4,0.5,1.4,kp1.4_ki0.4_kd0.5_ml1.4,2.685525766420075,2.2161763460396045,2.244188595615159,2.0987639827487805,1.4612628475397031,1.6809833809965138,1.7285098885754022,1.5957163962847598,2.3114058140654614,3.5136199964459878,3.8358870058982677,4.613824751421735,3.7029036355173157,3.9085923223122876
canonical_pid_replay_segment_gap_v2,1.4,0.4,0.25,1.4,kp1.4_ki0.4_kd0.25_ml1.4,2.685589015702587,2.2161109234271485,2.2438992801993334,2.0989772414794654,1.4611999555089479,1.6810114799648874,1.7284652331888652,1.5973092355726026,2.3113843472370847,3.5133100535455455,3.836086614054139,4.613847058048367,3.7023855232909426,3.9086702586162985
canonical_pid_replay_segment_gap_v2,1.4,0.4,0.0,1.4,kp1.4_ki0.4_kd0_ml1.4,2.6857004861961014,2.216389960953331,2.244570047951414,2.0994437704260327,1.461487332275537,1.6809773129347578,1.728686337191997,1.5969806987274533,2.3113575606028607,3.5132573769479194,3.836132853435117,4.6138772664679815,3.702239311623439,3.9087064910114755
canonical_pid_replay_segment_gap_v2,1.2,1.4,0.5,1.4,kp1.2_ki1.4_kd0.5_ml1.4,2.6864308195551976,2.2196522637658753,2.249592102276499,2.104236614660206,1.4667065069135383,1.6808922934950576,1.730725621350958,1.5961718327954812,2.3114498817187727,3.5134179111561914,3.8358949644728972,4.613572064568099,3.6927997585149996,3.90848883852899
canonical_pid_replay_segment_gap_v2,1.2,1.2,1.0,1.4,kp1.2_ki1.2_kd1_ml1.4,2.6865002700414995,2.2203294887512333,2.250233645847333,2.1055507430551375,1.466496026496684,1.6807524288274498,1.730250498098539,1.5951899429063243,2.311487301441447,3.5132838287558728,3.8358900901409267,4.613416268675942,3.6931795273389114,3.908443720203696
canonical_pid_replay_segment_gap_v2,1.2,1.4,1.0,1.4,kp1.2_ki1.4_kd1_ml1.4,2.686524271632846,2.2197346867935015,2.2502429037431484,2.1050955859135567,1.4664296614001542,1.6811083894477121,1.730879275784206,1.595581403643675,2.311541121973772,3.5134849325614987,3.8359029943894676,4.613195764770115,3.6931220290587823,3.9084967817474094
canonical_pid_replay_segment_gap_v2,1.2,1.2,0.75,1.4,kp1.2_ki1.2_kd0.75_ml1.4,2.6867142203397694,2.2206782951696877,2.2501034996657303,2.105441945069789,1.4668647440519182,1.6812365721020077,1.7306675765658959,1.5958347017046168,2.3114596455396152,3.5133038780372305,3.8358873567459653,4.614180992841132,3.6931520520050154,3.9084736049184006
canonical_pid_replay_segment_gap_v2,1.2,1.2,0.0,1.4,kp1.2_ki1.2_kd0_ml1.4,2.686775737617563,2.220763447099993,2.250574851587391,2.104891135594421,1.4670825386387512,1.6808950238195972,1.7311797635943502,1.5953278723035755,2.311376450852967,3.513470640085328,3.835718884002984,4.613608207775033,3.6952632724364847,3.9079325012374375
canonical_pid_replay_segment_gap_v2,1.2,1.0,0.25,1.4,kp1.2_ki1_kd0.25_ml1.4,2.686787610715993,2.221588635506483,2.2507721476107947,2.106059615673091,1.4674743701259112,1.6811226189800983,1.7310495314625955,1.5949772771643282,2.311352685628868,3.5133744005562377,3.8357244524533187,4.612852948450708,3.6939946519466242,3.9078956037488504
canonical_pid_replay_segment_gap_v2,1.2,1.4,0.0,1.4,kp1.2_ki1.4_kd0_ml1.4,2.6868630179903974,2.219165476186174,2.2500959745197617,2.104414037624895,1.4667560112846367,1.680663948352653,1.7308372322037997,1.5952967532856555,2.3113865167500562,3.5134671001504336,3.8356612752598624,4.613738360392234,3.6996841390680664,3.908052408796934
canonical_pid_replay_segment_gap_v2,1.2,1.2,0.25,1.4,kp1.2_ki1.2_kd0.25_ml1.4,2.6868813497138495,2.2204626303216917,2.2502351468147226,2.1050511662468288,1.4668490370713971,1.6806440968280263,1.7311237223304765,1.596266049292283,2.311354993035715,3.513395783194692,3.8357663895582856,4.61338433356678,3.696892048650664,3.9080321493684758
canonical_pid_replay_segment_gap_v2,1.2,1.0,0.5,1.4,kp1.2_ki1_kd0.5_ml1.4,2.686905922039673,2.2227451150744124,2.250861984621644,2.1059608067822935,1.4672540415985276,1.6807661728413368,1.731021096300075,1.5957707402211252,2.311430089484835,3.5134636388267624,3.835909156085966,4.613399533472795,3.693173489094592,3.908021122111388
canonical_pid_replay_segment_gap_v2,1.2,1.2,0.5,1.4,kp1.2_ki1.2_kd0.5_ml1.4,2.686910485912733,2.2208820015676953,2.251182320523229,2.1055463267111474,1.4669965745980644,1.6813374237660785,1.730777995415135,1.5965158809658753,2.311426274648435,3.5135227485605927,3.835964494328511,4.613536968692313,3.6938624220591234,3.9082848850293304
canonical_pid_replay_segment_gap_v2,1.2,1.0,1.0,1.4,kp1.2_ki1_kd1_ml1.4,2.686911993228201,2.221845284973002,2.251221879918372,2.1063955414080966,1.466972038350086,1.6813283747652277,1.7307594026901303,1.5957273697719456,2.3114857315425437,3.5133877673438114,3.835925685433466,4.613374219808121,3.6930126386480935,3.908419977313713
canonical_pid_replay_segment_gap_v2,1.2,1.4,0.75,1.4,kp1.2_ki1.4_kd0.75_ml1.4,2.686913337708674,2.219096458567804,2.2493322664198625,2.1044652208040313,1.4666523525914572,1.6810830599520739,1.7303168588123228,1.5957312125353618,2.311439738785788,3.5134200075633895,3.8359225829435197,4.6132704624590355,3.7005748447122158,3.9085683240659006
canonical_pid_replay_segment_gap_v2,1.2,0.8,1.0,1.4,kp1.2_ki0.8_kd1_ml1.4,2.68703038397444,2.2234644419450786,2.251039964890329,2.107060083638133,1.4674872974628033,1.6811395797702546,1.7306688130908556,1.5951208232094256,2.311428317414459,3.513384282192019,3.835884379193518,4.613300859246858,3.693033957236897,3.9083821923770863
canonical_pid_replay_segment_gap_v2,1.2,1.4,0.25,1.4,kp1.2_ki1.4_kd0.25_ml1.4,2.68706148861069,2.2195656843027725,2.2503856939115567,2.1039716120506218,1.4667393578454877,1.6811516616286906,1.7307803919392617,1.5951778400786651,2.311365625743822,3.5132540518785524,3.8358713126680613,4.6135985933231325,3.7016195120536626,3.9083180145146836
canonical_pid_replay_segment_gap_v2,1.2,0.8,0.0,1.4,kp1.2_ki0.8_kd0_ml1.4,2.6871027053263834,2.223114620462335,2.251455348173793,2.1070636946783066,1.467790718854647,1.6808836639698725,1.7314487034459631,1.5951887636951376,2.311371280061835,3.513387648968836,3.8356396661439853,4.613550333924557,3.6935027656328323,3.9079379612308762
canonical_pid_replay_segment_gap_v2,1.2,1.0,0.75,1.4,kp1.2_ki1_kd0.75_ml1.4,2.687104562982373,2.22177231016972,2.2514572332461182,2.105970111714182,1.4672199798848746,1.6811064840460626,1.7310889477247964,1.595307587241586,2.311451722462259,3.5132564897520298,3.8357960214882545,4.613226345090225,3.6963960798483497,3.9083100061023965
canonical_pid_replay_segment_gap_v2,1.2,1.0,0.0,1.4,kp1.2_ki1_kd0_ml1.4,2.687153859964021,2.2217524179105794,2.2508734445910012,2.1059654668916004,1.467493836616644,1.6808871041485027,1.7314414202401924,1.5957433608690221,2.3113910384896688,3.513402017306099,3.8357788956499874,4.613326092107742,3.6970093922638156,3.907935692447417
canonical_pid_replay_segment_gap_v2,1.2,0.8,0.75,1.4,kp1.2_ki0.8_kd0.75_ml1.4,2.687155326413153,2.223401187569615,2.251769803865621,2.107119478051947,1.4674437053671605,1.681062508244838,1.7312150430822788,1.5955326816907902,2.3114526211189763,3.51333582670938,3.8357247821418157,4.613883686289259,3.692976798820799,3.9081011204185097
canonical_pid_replay_segment_gap_v2,1.2,0.6,1.0,1.4,kp1.2_ki0.6_kd1_ml1.4,2.68718301758,2.2249861468625203,2.2515282794768674,2.1073565483810692,1.4676646858095028,1.6806962119794135,1.731369220211353,1.5948463669367696,2.3114790195666832,3.5129563324057504,3.8358981015324822,4.613303866805627,3.693053840427117,3.9082406081448533
canonical_pid_replay_segment_gap_v2,1.2,0.6,0.75,1.4,kp1.2_ki0.6_kd0.75_ml1.4,2.6872982303094943,2.2244006688136286,2.2517641448657226,2.107324481220669,1.4678839322729322,1.6810553350194242,1.7311141195315234,1.595197790606101,2.3114380539290185,3.51346042519266,3.8359132482390006,4.614371392221249,3.6929760039874893,3.9079773981240087
canonical_pid_replay_segment_gap_v2,1.2,0.8,0.5,1.4,kp1.2_ki0.8_kd0.5_ml1.4,2.687308548837344,2.2231050132433743,2.2515791923917434,2.1068535199605027,1.46770264575361,1.6807556354865003,1.7312528473450666,1.5956511820702124,2.3114152862033204,3.513367114341746,3.835798170806605,4.6134989768569135,3.696135420886297,3.9078961295395764
canonical_pid_replay_segment_gap_v2,1.2,0.6,0.5,1.4,kp1.2_ki0.6_kd0.5_ml1.4,2.6873170969778144,2.2250207092517558,2.2517997792230355,2.1073112280780077,1.468135655990493,1.6810717284643164,1.731410100626447,1.5959927883040352,2.311396578857709,3.512874127387209,3.8357573081505247,4.613622810006054,3.692877917611359,3.907851528760645
canonical_pid_replay_segment_gap_v2,1.2,0.6,0.25,1.4,kp1.2_ki0.6_kd0.25_ml1.4,2.687394057209012,2.2246466245286802,2.2519664988347725,2.1073795516169187,1.4681240845328913,1.6809758695321417,1.731266274758884,1.5961799189058112,2.3113772420851277,3.5134521118673625,3.8357241205307324,4.613381814923886,3.693743978719928,3.90790465288002
canonical_pid_replay_segment_gap_v2,1.2,0.4,1.0,1.4,kp1.2_ki0.4_kd1_ml1.4,2.6874089568954527,2.2258065716972455,2.252299119338355,2.108141688646762,1.468008071117333,1.6807411754880814,1.7311475958306852,1.5951441383316067,2.3114407649526245,3.5135245084355042,3.8357657043134026,4.613157632726987,3.6930950450021167,3.9080444237601775
canonical_pid_replay_segment_gap_v2,1.2,0.4,0.5,1.4,kp1.2_ki0.4_kd0.5_ml1.4,2.687485381339843,2.225611893226444,2.2524512955761264,2.107794638220525,1.4684374212131308,1.6812069630585942,1.7316566706321677,1.5953259961636626,2.311387092668109,3.5130645335172237,3.8358001633081344,4.613158895997448,3.693584752781472,3.907829641054923
canonical_pid_replay_segment_gap_v2,1.2,0.4,0.25,1.4,kp1.2_ki0.4_kd0.25_ml1.4,2.687526189970674,2.225519992555022,2.2527255908004027,2.10759698939775,1.4683373894854324,1.6811950162227953,1.7317377082249317,1.5961404060021611,2.3113813474786347,3.5126831274676,3.8357829612050147,4.613377444624729,3.6934585351651723,3.907903960989115
canonical_pid_replay_segment_gap_v2,1.2,0.4,0.75,1.4,kp1.2_ki0.4_kd0.75_ml1.4,2.687529566548563,2.226452353985409,2.252220915058013,2.1079822029960766,1.4683043272403633,1.6805443872703705,1.7316667776406263,1.59542658177588,2.311439599956108,3.513204098568737,3.8358611843049792,4.613625542398402,3.6932880767327845,3.90786831720357
canonical_pid_replay_segment_gap_v2,1.2,0.6,0.0,1.4,kp1.2_ki0.6_kd0_ml1.4,2.687560598350016,2.2238635270318325,2.25202050204785,2.1074640434413485,1.468352116461365,1.6810758715747791,1.731545790500799,1.5960327609353138,2.3113776314385084,3.5133738307842095,3.835693804255816,4.6135597492463,3.6959649087115305,3.90796324212056
canonical_pid_replay_segment_gap_v2,1.2,0.4,0.0,1.4,kp1.2_ki0.4_kd0_ml1.4,2.6875661259787407,2.2257948212330096,2.2529372363103555,2.10777312902077,1.468485947406965,1.6808322475859498,1.73182186712045,1.5953901879643508,2.3114085773887223,3.5133778816876764,3.8356416840640666,4.613410179798504,3.693516687067424,3.9079691910753827
canonical_pid_replay_segment_gap_v2,1.2,0.8,0.25,1.4,kp1.2_ki0.8_kd0.25_ml1.4,2.6875748501708205,2.2229415901148575,2.251716908153054,2.1065160436400445,1.4677228667879465,1.6810688539162377,1.7312066660492968,1.5964252061132278,2.3113550883180576,3.513119136608968,3.8357159225699857,4.613263589172271,3.6995317521747553,3.907889428601964
canonical_pid_replay_segment_gap_v2,1.0,1.4,1.0,1.4,kp1_ki1.4_kd1_ml1.4,2.689784301288508,2.230074418444908,2.260410873089256,2.1170765493350254,1.475300881006864,1.6805671392514192,1.735218642399957,1.5942649973292704,2.3114216433508337,3.5134498582934928,3.8356697443704437,4.61353981697084,3.692601219528779,3.9076001333795154
canonical_pid_replay_segment_gap_v2,1.0,1.4,0.5,1.4,kp1_ki1.4_kd0.5_ml1.4,2.689819733763992,2.2301157281223003,2.2612532686725753,2.1161700846771856,1.4757573908703723,1.6807008692725376,1.735353313445233,1.5945247859173186,2.311399302797203,3.513414982343179,3.8356200150426574,4.6133692471608105,3.6922720991939997,3.9077054514165255
canonical_pid_replay_segment_gap_v2,1.0,1.4,0.75,1.4,kp1_ki1.4_kd0.75_ml1.4,2.6898521917636695,2.2303951242775266,2.2606424861985976,2.1165406743193493,1.4755268629938374,1.6806431131144237,1.7350774644034974,1.5946811930940286,2.3114404285678933,3.5134547959227524,3.835656730160966,4.6140025782610365,3.692419893599427,3.9075971480143665
canonical_pid_replay_segment_gap_v2,1.0,1.4,0.25,1.4,kp1_ki1.4_kd0.25_ml1.4,2.689878829918281,2.2303235148844385,2.261030070052439,2.1162326310227946,1.4761703590355444,1.6810067586169921,1.7352552246840232,1.5949697521536723,2.3114172042721535,3.513291042806926,3.835600553715816,4.61327974695362,3.6920793920345845,3.9077685387046457
canonical_pid_replay_segment_gap_v2,1.0,1.4,0.0,1.4,kp1_ki1.4_kd0_ml1.4,2.6899111632939077,2.2302196835379875,2.261152012799368,2.1168233490528903,1.476101731093559,1.6810051822690035,1.7355990804481845,1.5949892177847174,2.3113471193639445,3.5134154847833465,3.83557872710969,4.612949704502153,3.691895582462976,3.907768247612984
canonical_pid_replay_segment_gap_v2,1.0,1.2,0.5,1.4,kp1_ki1.2_kd0.5_ml1.4,2.6901484599632726,2.2318562265854913,2.261961173292355,2.1171896499376484,1.4761821894419072,1.6808105155419488,1.735747654829127,1.5945238184717725,2.3114035343734143,3.513443451623162,3.835604546122269,4.613305362944084,3.6923810457942974,3.907520810565069
canonical_pid_replay_segment_gap_v2,1.0,1.2,0.25,1.4,kp1_ki1.2_kd0.25_ml1.4,2.690201264782437,2.2315535340966597,2.2619344886342194,2.117698947254507,1.4763227607113805,1.6808518246737805,1.7359855311387864,1.5948368877222447,2.311414783777464,3.513326326343145,3.8355835126059996,4.613257481454721,3.692289006582899,3.907561357175874
canonical_pid_replay_segment_gap_v2,1.0,1.2,0.0,1.4,kp1_ki1.2_kd0_ml1.4,2.6902207642526266,2.231683250865048,2.262138195898846,2.1175388816862792,1.4765353119410933,1.6813860334893314,1.735916464861081,1.5950391877964283,2.311337502554036,3.513240318044378,3.835591696107565,4.61284471853897,3.6920390559556906,3.9075793175453994
canonical_pid_replay_segment_gap_v2,1.0,1.2,1.0,1.4,kp1_ki1.2_kd1_ml1.4,2.6902277224837623,2.23172630032103,2.2611752636114812,2.1185061479844496,1.4762647388443604,1.6807597313877871,1.735462362405692,1.594414542381924,2.3114233909720725,3.513476580495879,3.8356764085692183,4.613618306434844,3.6929653176244766,3.9074913012556984
canonical_pid_replay_segment_gap_v2,1.0,1.2,0.75,1.4,kp1_ki1.2_kd0.75_ml1.4,2.6902393923754633,2.231712863301105,2.261138006809817,2.118031700646118,1.4761623376507236,1.6807775468527142,1.7355671800803616,1.5951723484514675,2.3114311955943205,3.5134976727398777,3.8356310143693713,4.613857963518826,3.692637025025681,3.9074952458406416
canonical_pid_replay_segment_gap_v2,1.0,1.0,0.5,1.4,kp1_ki1_kd0.5_ml1.4,2.6904976704566743,2.2336425029023124,2.262673825691487,2.1182780635882996,1.4768676118015842,1.6809365752781822,1.735982263212894,1.5944743261878098,2.31142061632703,3.513503174963905,3.8356030238107848,4.613199949353262,3.6925505710847464,3.907337211734472
canonical_pid_replay_segment_gap_v2,1.0,1.0,0.75,1.4,kp1_ki1_kd0.75_ml1.4,2.6905013893438348,2.2333106954761743,2.2619198779725074,2.119209701219385,1.4765794443645293,1.680522501223484,1.7359233462527086,1.5945901702678402,2.3114238955075117,3.5135274124384086,3.8356292165971433,4.61377764027361,3.692806314244574,3.9072978456319714
canonical_pid_replay_segment_gap_v2,1.0,1.0,0.0,1.4,kp1_ki1_kd0_ml1.4,2.690514106842757,2.2333033753580307,2.262366056294973,2.118668711863026,1.4768949675047258,1.6812235315135722,1.736546536624239,1.5952694869590711,2.311333001653104,3.5127982739698407,3.8354969118176547,4.613102209366815,3.692192764786243,3.907487561244547
canonical_pid_replay_segment_gap_v2,1.0,1.0,0.25,1.4,kp1_ki1_kd0.25_ml1.4,2.690515937547477,2.2334450840113713,2.262368008073521,2.1184240016183025,1.4772124274455984,1.6812347632018347,1.736144642765941,1.5948723777003408,2.311410628627292,3.5132602731697236,3.8355565127440236,4.613020510661683,3.6923395567039994,3.907418401393569
canonical_pid_replay_segment_gap_v2,1.0,1.0,1.0,1.4,kp1_ki1_kd1_ml1.4,2.6905198477046692,2.233268706891922,2.262047876782018,2.119370237503498,1.4765058367964528,1.6805872310529573,1.7359606238137817,1.5944462678778801,2.311417547608738,3.5134040611072224,3.835600373277822,4.613848744617973,3.6930269700725593,3.9072735427578813
canonical_pid_replay_segment_gap_v2,1.0,0.8,0.0,1.4,kp1_ki0.8_kd0_ml1.4,2.6907807316139514,2.2347593300047883,2.2630727039497036,2.119747845228768,1.4776409230355494,1.6808576031185112,1.736618713914764,1.5952443309036137,2.3113248784740272,3.512607883378943,3.8355449227662413,4.613342672510989,3.6921171303082887,3.9072705733871778
canonical_pid_replay_segment_gap_v2,1.0,0.8,0.5,1.4,kp1_ki0.8_kd0.5_ml1.4,2.690805580459595,2.235204322897887,2.263116589102731,2.119493199032456,1.4774176923582827,1.6807881598503782,1.7365116855966634,1.5946288863350582,2.3114219039863197,3.513218059666802,3.835565122054822,4.613071683570813,3.692759427534895,3.9072758139876282
canonical_pid_replay_segment_gap_v2,1.0,0.8,0.25,1.4,kp1_ki0.8_kd0.25_ml1.4,2.6908058411488174,2.2351797537372744,2.263073758569892,2.1193902801417424,1.4775953681482985,1.6808762560768182,1.7366232395048709,1.5953802324371305,2.3114043634247117,3.512768192612064,3.835541600870972,4.613064409037807,3.692299172988507,3.907279307384537
canonical_pid_replay_segment_gap_v2,1.0,0.8,1.0,1.4,kp1_ki0.8_kd1_ml1.4,2.6908211451750725,2.235342611601618,2.2624179702532863,2.120449138108557,1.477159018764006,1.6804344944934153,1.7363233199273758,1.5942204181341637,2.31138485435023,3.513417522553844,3.835494223993138,4.613767404402858,3.6931412038759537,3.9071227068175047
canonical_pid_replay_segment_gap_v2,1.0,0.8,0.75,1.4,kp1_ki0.8_kd0.75_ml1.4,2.690854285315598,2.235395068146914,2.2628068119966227,2.120198372224421,1.4772581648197496,1.6805132660414754,1.736204138709913,1.594307156651911,2.311434461296499,3.513462695610535,3.835562435893381,4.613905963382323,3.6928563380721253,3.907200836256911
canonical_pid_replay_segment_gap_v2,1.0,0.6,0.25,1.4,kp1_ki0.6_kd0.25_ml1.4,2.6910001293922745,2.2367326969740504,2.263103394381232,2.1207423954657005,1.4781462633859668,1.6804354908508163,1.7369909848691807,1.5948169907699654,2.311383717040044,3.5126017808572194,3.835525788487056,4.613317143404207,3.692213296613169,3.9069917390009636
canonical_pid_replay_segment_gap_v2,1.0,0.6,0.5,1.4,kp1_ki0.6_kd0.5_ml1.4,2.6910540579367552,2.237039132860543,2.2633565222568595,2.1205352632405794,1.4778791676690366,1.680541060161041,1.736879582436354,1.594675501738622,2.311398292969772,3.5130281171954336,3.835548622320188,4.613182204417417,3.6926388595434734,3.9070004263684974
canonical_pid_replay_segment_gap_v2,1.0,0.6,0.0,1.4,kp1_ki0.6_kd0_ml1.4,2.69107539209377,2.2368432749444778,2.263340396139942,2.12076175911825,1.4780654057219218,1.6808519368162786,1.7371427803117345,1.5948719617709115,2.3113225700607827,3.5125219756138932,3.8355190853967014,4.613689699229326,3.6920485898537634,3.907000662241027
canonical_pid_replay_segment_gap_v2,1.0,0.6,0.75,1.4,kp1_ki0.6_kd0.75_ml1.4,2.691091475877127,2.2368146673945097,2.2629974776281494,2.121142816380455,1.4777675252318456,1.680172333479394,1.7367971762124295,1.5946505255887835,2.3114048783978096,3.513112930391302,3.8355432012535027,4.614032918728851,3.692758301571851,3.9069944341437703
canonical_pid_replay_segment_gap_v2,1.0,0.6,1.0,1.4,kp1_ki0.6_kd1_ml1.4,2.691163586509374,2.237036720534098,2.2630853301260028,2.1220161250673892,1.4778627783543794,1.6803602782385731,1.7366327116936613,1.5941055973683695,2.311372708615084,3.513350796982954,3.835289505716401,4.613917212221952,3.693083047688035,3.907013812014961
canonical_pid_replay_segment_gap_v2,1.0,0.4,0.5,1.4,kp1_ki0.4_kd0.5_ml1.4,2.6912782345573416,2.2389743988423443,2.263665922421635,2.121357000868299,1.47842979902598,1.6804758154595987,1.7374360003512528,1.594298519392849,2.3113980965327734,3.5128063574848682,3.835354100424144,4.613390170063496,3.6922720833706992,3.9067587850074985
canonical_pid_replay_segment_gap_v2,1.0,0.4,0.25,1.4,kp1_ki0.4_kd0.25_ml1.4,2.691343788216938,2.2385351777800584,2.263747040308632,2.1222080934969165,1.4784978122432475,1.6804900144102757,1.7372366020805388,1.5947241549181577,2.3113905380785558,3.5125239680936757,3.8354532162811084,4.6136786517354835,3.6921817403443575,3.9068022370491904
canonical_pid_replay_segment_gap_v2,1.0,0.4,0.75,1.4,kp1_ki0.4_kd0.75_ml1.4,2.691376315785037,2.2388760584792564,2.263121682787902,2.122356359049046,1.478401963387621,1.680344185027227,1.737181396033824,1.5943727056252746,2.311403918731833,3.513008800578472,3.83551120426656,4.6141273576777175,3.6924600206991776,3.9067264528615717
canonical_pid_replay_segment_gap_v2,1.0,0.4,1.0,1.4,kp1_ki0.4_kd1_ml1.4,2.691394579675101,2.238872406250583,2.2630180760464778,2.122451917273546,1.4784259641239192,1.680123766702658,1.7372701430806725,1.5943134261676077,2.311376748229449,3.5133219390681787,3.8354432169041073,4.6140108974986225,3.6927703924801794,3.9067306419503214
canonical_pid_replay_segment_gap_v2,1.0,0.4,0.0,1.4,kp1_ki0.4_kd0_ml1.4,2.6914482584018495,2.238632420518315,2.263829742354289,2.122165175831742,1.4788367798478046,1.6807023771985417,1.737322606328169,1.5950652268572363,2.3113284400988214,3.512670978257411,3.835529088659726,4.613942718594111,3.6919237298970256,3.9068780747808582
canonical_pid_replay_segment_gap_v2,0.8,1.4,0.5,1.4,kp0.8_ki1.4_kd0.5_ml1.4,2.6950066166604363,2.2449838002115636,2.275495936510096,2.1343851360661112,1.4889847462230412,1.6801870926533085,1.7453630963043967,1.5939418708358828,2.3113289566283677,3.513167311704772,3.8353793374446656,4.613297803117476,3.692014878546537,3.9065560503394554
canonical_pid_replay_segment_gap_v2,0.8,1.4,1.0,1.4,kp0.8_ki1.4_kd1_ml1.4,2.6950099466465716,2.2452474538268796,2.274960817185922,2.1346826730026396,1.4892008910198384,1.6804736497671275,1.7446355012229275,1.5939060020821672,2.3113315011222997,3.5129163737699307,3.835152588394685,4.613558858440446,3.6926135378181555,3.9064494587524146
canonical_pid_replay_segment_gap_v2,0.8,1.4,0.25,1.4,kp0.8_ki1.4_kd0.25_ml1.4,2.6950188329108924,2.2450258253597632,2.275729774640657,2.1338266606065885,1.4889248492863256,1.6805866712827557,1.745333058874552,1.5944564928227365,2.3113084852535004,3.5131035996030895,3.8352442427369464,4.613220327949366,3.691873899926334,3.9066109394989845
canonical_pid_replay_segment_gap_v2,0.8,1.4,0.75,1.4,kp0.8_ki1.4_kd0.75_ml1.4,2.6950448034216925,2.2451442511795188,2.2750129842884093,2.1347029936485753,1.4891470566191929,1.6802196775056384,1.7451506435049422,1.5938108223649623,2.3113489555993545,3.5130642454531844,3.8353509136401516,4.613880871668626,3.692247243174284,3.9065017858351663
canonical_pid_replay_segment_gap_v2,0.8,1.4,0.0,1.4,kp0.8_ki1.4_kd0_ml1.4,2.695052571677554,2.2446789121180806,2.2756866404109264,2.133796102156182,1.489423756077805,1.6807854139487668,1.7454956065013745,1.5944011073860107,2.3112820473361055,3.51319065101305,3.8351923845839724,4.613377564415892,3.6916899651344415,3.9066832807255927
canonical_pid_replay_segment_gap_v2,0.8,1.2,1.0,1.4,kp0.8_ki1.2_kd1_ml1.4,2.695373104816942,2.247403931939942,2.2756567588065395,2.135987580617599,1.489880878927219,1.6802413042402549,1.7453912330230208,1.59395007406443,2.311313820780924,3.512863555451497,3.834976379333907,4.613644000436747,3.6921251719139403,3.906415673084222
canonical_pid_replay_segment_gap_v2,0.8,1.2,0.5,1.4,kp0.8_ki1.2_kd0.5_ml1.4,2.6953767208076687,2.2475172457090338,2.2762432572478835,2.1354585087601072,1.4897793608451118,1.6801058441852383,1.7459289199207524,1.5935657938664332,2.3113112914989475,3.5130447732639927,3.8352688467135203,4.613411834234739,3.6917551518739287,3.90650654238001
canonical_pid_replay_segment_gap_v2,0.8,1.2,0.75,1.4,kp0.8_ki1.2_kd0.75_ml1.4,2.6954008266590104,2.2476521598495522,2.275614785773612,2.135565554435258,1.4899755105329484,1.679801927900586,1.745691852934535,1.5939952642083093,2.3113221743813366,3.5129174312150133,3.835085550288112,4.61412888128252,3.6920020443737633,3.9064576093915915
canonical_pid_replay_segment_gap_v2,0.8,1.2,0.25,1.4,kp0.8_ki1.2_kd0.25_ml1.4,2.695446635836514,2.2474104714668055,2.276450321521924,2.135645376747105,1.4896905394489561,1.680405922870414,1.7461555404846039,1.5937326995449606,2.311304362220009,3.513062376724072,3.8352799275536813,4.613423424854776,3.6916761624525267,3.906569139984852
canonical_pid_replay_segment_gap_v2,0.8,1.2,0.0,1.4,kp0.8_ki1.2_kd0_ml1.4,2.6954494625411156,2.247212943905525,2.2764104817392603,2.135321476382062,1.4902005440403767,1.6804129973625728,1.7461312801411804,1.5939666925056815,2.311274599996611,3.513087349220387,3.835073116379839,4.613553587189133,3.691551731758409,3.9066462124134653
canonical_pid_replay_segment_gap_v2,0.8,1.0,0.75,1.4,kp0.8_ki1_kd0.75_ml1.4,2.6957350030560443,2.249868718219222,2.276636705342486,2.137045765617564,1.4906965450160061,1.6798619641766592,1.7464178245609514,1.5936402146973865,2.3113195581057617,3.512712105116364,3.8349753471067154,4.6139276896480945,3.6910328678681332,3.906419734253237
canonical_pid_replay_segment_gap_v2,0.8,1.0,1.0,1.4,kp0.8_ki1_kd1_ml1.4,2.6957784332455432,2.24985850913902,2.2767383553165903,2.137682722347696,1.4906900656120818,1.6800132166989326,1.7461213280759706,1.5938705797367805,2.311298637544303,3.5127177971919092,3.834911191864555,4.6135313757327046,3.6913239049198316,3.906361948011685
canonical_pid_replay_segment_gap_v2,0.8,1.0,0.5,1.4,kp0.8_ki1_kd0.5_ml1.4,2.6957799547822776,2.2498222108293855,2.277098624623493,2.1366775539978518,1.4905650498973262,1.679879940333537,1.746992767098596,1.593832938919939,2.3113046780670174,3.5128234679063635,3.834935545378842,4.613527829287709,3.6911967317890397,3.9064820740405124
canonical_pid_replay_segment_gap_v2,0.8,1.0,0.25,1.4,kp0.8_ki1_kd0.25_ml1.4,2.6957820757273248,2.249746019578603,2.2772411327968336,2.1365214548957017,1.4905346960066375,1.6800510628396434,1.746542969199712,1.5939133367320408,2.3112961535980827,3.5127271013605053,3.83533466826468,4.613571508125573,3.691136254079081,3.9065506269781327
canonical_pid_replay_segment_gap_v2,0.8,1.0,0.0,1.4,kp0.8_ki1_kd0_ml1.4,2.695920423642101,2.2497729965111803,2.2771557731326184,2.1368456473079127,1.490942441210797,1.680207869281307,1.747128229981704,1.5941693615355552,2.311266092707458,3.5128227424204224,3.8351112987415608,4.613744771831187,3.6911728443816876,3.906625438303927
canonical_pid_replay_segment_gap_v2,0.8,0.8,0.75,1.4,kp0.8_ki0.8_kd0.75_ml1.4,2.696195287725248,2.252301125503633,2.2778958642599183,2.1389551290535342,1.4915596774759459,1.679931704319592,1.747149860423499,1.5935999596889852,2.311315464320216,3.5125770433683865,3.8349768816581715,4.613798682237797,3.6900764781723328,3.906400869946214
canonical_pid_replay_segment_gap_v2,0.8,0.8,0.25,1.4,kp0.8_ki0.8_kd0.25_ml1.4,2.6962355375228992,2.252325001865316,2.2782656993267705,2.138168651809545,1.4912961447182738,1.6801554443461286,1.7472940469788003,1.593954226150503,2.3112883897046497,3.512509465002282,3.8351435785121684,4.613740006075454,3.690392896934632,3.906528436373167
canonical_pid_replay_segment_gap_v2,0.8,0.8,1.0,1.4,kp0.8_ki0.8_kd1_ml1.4,2.696237587236423,2.252445730041938,2.2777516545920613,2.139296207784333,1.491525684129711,1.6800601032448814,1.7469370065092005,1.5937641376932792,2.311293573038606,3.5125614015687314,3.8349243592744067,4.613424572469229,3.6907548567950577,3.9063493469320725
canonical_pid_replay_segment_gap_v2,0.8,0.8,0.5,1.4,kp0.8_ki0.8_kd0.5_ml1.4,2.6962479966565995,2.252481829176329,2.278057544623532,2.138616785071924,1.4914097546881802,1.6800518110441445,1.7473908515600953,1.5936341385292818,2.3113009538749165,3.512687229468245,3.8349605041697234,4.613705772563178,3.6904665335920934,3.9064602481741484
canonical_pid_replay_segment_gap_v2,0.8,0.8,0.0,1.4,kp0.8_ki0.8_kd0_ml1.4,2.6963189316613625,2.252477119826073,2.2781271809683874,2.1379828040587463,1.491692831984233,1.6802257511170522,1.747768441723127,1.5939327119174376,2.31125572137824,3.512585047800686,3.8351883406643226,4.6139335391956635,3.690379416218923,3.9065972047448203
canonical_pid_replay_segment_gap_v2,0.8,0.6,1.0,1.4,kp0.8_ki0.6_kd1_ml1.4,2.6966114444881266,2.2550333109121676,2.2789258520666693,2.1406906042341918,1.4923121603169127,1.6801342921311722,1.747815415868371,1.5936271228197327,2.3112754300093497,3.512414244942157,3.8349703219035933,4.613325387447309,3.689100276152511,3.906324359541508
canonical_pid_replay_segment_gap_v2,0.8,0.6,0.5,1.4,kp0.8_ki0.6_kd0.5_ml1.4,2.6966385825804835,2.2551795866767215,2.278882711141278,2.14025537446765,1.4922237200435005,1.6800222020642774,1.748159895779622,1.5936637753008276,2.3112832938040495,3.5124698625373463,3.835004015510535,4.613867538662812,3.6888817608751396,3.906407836682521
canonical_pid_replay_segment_gap_v2,0.8,0.6,0.75,1.4,kp0.8_ki0.6_kd0.75_ml1.4,2.69667552947038,2.255146052328878,2.279078374612166,2.1404766369778843,1.4923762241755727,1.6800622616629866,1.7478961467836946,1.5935170552532247,2.311304451742832,3.512414733619936,3.834971950370994,4.61371532969437,3.689441013094911,3.9063816527974886
canonical_pid_replay_segment_gap_v2,0.8,0.6,0.25,1.4,kp0.8_ki0.6_kd0.25_ml1.4,2.6967390967781393,2.2550583335842447,2.279488108874347,2.139935810622618,1.4921503600412633,1.6804026020604725,1.7481878861123716,1.5936559388098546,2.311277333969168,3.5122245250904727,3.835073502975595,4.613988305804647,3.6897396036376864,3.9064259465330724
canonical_pid_replay_segment_gap_v2,0.8,0.6,0.0,1.4,kp0.8_ki0.6_kd0_ml1.4,2.69678993648152,2.2551985223266953,2.279260480876239,2.139874369742677,1.4924730491736666,1.6802868990750444,1.748398051528963,1.5938435755966271,2.311245301938401,3.512336231643824,3.835248939946896,4.613969587369462,3.6897262846871537,3.906407880354113
canonical_pid_replay_segment_gap_v2,0.8,0.4,1.0,1.4,kp0.8_ki0.4_kd1_ml1.4,2.6971368069071824,2.257933194491685,2.2800516718231263,2.1423534966267614,1.493094344726076,1.6802963512545734,1.7486106709656337,1.593286722198461,2.3112701653630077,3.5123223210551004,3.8349994498360154,4.613232018877585,3.6890847724729205,3.9062433101024254
canonical_pid_replay_segment_gap_v2,0.8,0.4,0.75,1.4,kp0.8_ki0.4_kd0.75_ml1.4,2.6971513403496186,2.257830000674389,2.2803064100761365,2.141971320248195,1.4932604938986909,1.6800851800430534,1.7488449677759712,1.5934233499221657,2.311291716642605,3.5123113036598297,3.8350220418933776,4.613643082360671,3.688736198438555,3.9062413589114002
canonical_pid_replay_segment_gap_v2,0.8,0.4,0.5,1.4,kp0.8_ki0.4_kd0.5_ml1.4,2.697153640538538,2.2579035807027257,2.2800564717560734,2.14182128595655,1.4932099203265212,1.6801095458341022,1.7490199513198774,1.5935255856294266,2.311265967133413,3.5121398216699085,3.835042068606615,4.613971526373821,3.6886608170880084,3.906270784603953
canonical_pid_replay_segment_gap_v2,0.8,0.4,0.0,1.4,kp0.8_ki0.4_kd0_ml1.4,2.6972426548856796,2.2579333003857367,2.280400728792135,2.1416177200945588,1.493334260343497,1.6804709942869465,1.749062197729561,1.5936583322609088,2.311237138166464,3.5121165211426377,3.8351233020401168,4.613760922296974,3.689150796609882,3.9062882993644137
canonical_pid_replay_segment_gap_v2,0.8,0.4,0.25,1.4,kp0.8_ki0.4_kd0.25_ml1.4,2.6972806898327475,2.2580504932077416,2.2804760454648134,2.1415212828660777,1.4931178493769013,1.6804721112021932,1.7490408447314598,1.5936291445047275,2.3112609462866374,3.5121276030736577,3.83516978961935,4.614258965543583,3.6892271723222705,3.9062967196263045
canonical_pid_replay_segment_gap_v2,0.6,1.4,0.5,1.4,kp0.6_ki1.4_kd0.5_ml1.4,2.703142379378348,2.267055031642134,2.298469814063082,2.159486945672912,1.509179812075949,1.681406804813508,1.7656128043282908,1.593691764301876,2.3112650196194875,3.512335569614985,3.834903847714974,4.613799450637797,3.687990253560437,3.9056538138730876
canonical_pid_replay_segment_gap_v2,0.6,1.4,1.0,1.4,kp0.6_ki1.4_kd1_ml1.4,2.703148856467535,2.2671578491642532,2.298284036160013,2.1597197479389703,1.509070945532404,1.6817248297055485,1.7650317774919422,1.5937082054007838,2.3112641665715095,3.5124531616488532,3.8350443262601748,4.613094736946895,3.6887542179397634,3.9056271333168446
canonical_pid_replay_segment_gap_v2,0.6,1.4,0.25,1.4,kp0.6_ki1.4_kd0.25_ml1.4,2.7031543969847505,2.266957862124294,2.2986808806702883,2.159662502643721,1.5090450632395582,1.6814144163801699,1.765542539898031,1.5939133670382655,2.311292749109952,3.5122761873760973,3.8348793463945263,4.613518235450354,3.6881856961087642,3.905638314367733
canonical_pid_replay_segment_gap_v2,0.6,1.4,0.75,1.4,kp0.6_ki1.4_kd0.75_ml1.4,2.7031609695553676,2.2670522859801516,2.2983676416593397,2.1596794939596813,1.5090754753887128,1.6815555489760188,1.7653087319093206,1.593879198788528,2.3112553563861513,3.5123331527227033,3.8349377135436824,4.613399881257529,3.6886091955869955,3.905638928060963
canonical_pid_replay_segment_gap_v2,0.6,1.4,0.0,1.4,kp0.6_ki1.4_kd0_ml1.4,2.70321274646855,2.266962506610676,2.2987156772340036,2.159557038329265,1.5090220671809706,1.6812544038563264,1.7653433359488162,1.5940730784461465,2.311306427891387,3.5123572594201455,3.8348978218876,4.6137557482177725,3.6889077375700636,3.905612601497975
canonical_pid_replay_segment_gap_v2,0.6,1.2,0.0,1.4,kp0.6_ki1.2_kd0_ml1.4,2.70384529709627,2.2705229794895665,2.3004177425347385,2.161579031457968,1.5101816127518006,1.6812750072224125,1.7667115724542872,1.594221443487496,2.311304707528601,3.512120830199264,3.834870626588853,4.613499114813321,3.6879393548798114,3.905344838843389
canonical_pid_replay_segment_gap_v2,0.6,1.2,0.75,1.4,kp0.6_ki1.2_kd0.75_ml1.4,2.703896122739311,2.2706908239229535,2.2999527218560414,2.1616567041717603,1.5101327171233647,1.6815344622372326,1.766620888709462,1.5939470098526005,2.3112540276128866,3.5121279906331657,3.8348858332324696,4.6133122696144415,3.6891375729889035,3.9053965736557594
canonical_pid_replay_segment_gap_v2,0.6,1.2,1.0,1.4,kp0.6_ki1.2_kd1_ml1.4,2.703909380267223,2.2707400971422866,2.299882239878318,2.161677185176079,1.51021122714413,1.6816426252208139,1.7663273265533588,1.5938319401163816,2.3112659960816515,3.5121800668329226,3.835069128234261,4.613231270836491,3.6893472298578374,3.9054156103993756
canonical_pid_replay_segment_gap_v2,0.6,1.2,0.25,1.4,kp0.6_ki1.2_kd0.25_ml1.4,2.7039141320470788,2.270574260405263,2.300294701542152,2.161646325952318,1.5102242855064654,1.6813610079039802,1.7669726066299678,1.5940296124126372,2.3112910398946025,3.5120835418657292,3.8348254951909477,4.613820547391568,3.6883997301002083,3.905360561816184
canonical_pid_replay_segment_gap_v2,0.6,1.2,0.5,1.4,kp0.6_ki1.2_kd0.5_ml1.4,2.703938183683302,2.27065040649339,2.300090632587114,2.161550539129614,1.510335437026394,1.681417040441566,1.7669571354289662,1.5939500119146388,2.3112609599258076,3.5121480943101946,3.8348436975322997,4.61372430375401,3.688889965608952,3.905378163729983
canonical_pid_replay_segment_gap_v2,0.6,1.0,0.0,1.4,kp0.6_ki1_kd0_ml1.4,2.7046927664179568,2.2743598971175207,2.3022172543861217,2.163595855036257,1.5114010018384991,1.6814302025529992,1.7681195596657246,1.5944681838041512,2.3113037934847847,3.512041913026383,3.834799334714555,4.61316548462156,3.688601256790767,3.905502226394112
canonical_pid_replay_segment_gap_v2,0.6,1.0,0.75,1.4,kp0.6_ki1_kd0.75_ml1.4,2.704696840672093,2.2744708693087015,2.3016842537620734,2.1636807117238113,1.5113416574733176,1.6816510103900946,1.7679377389695052,1.5941162424808653,2.3112617188994196,3.512101517067535,3.834861076112064,4.613248673464709,3.689186721054025,3.905516738031094
canonical_pid_replay_segment_gap_v2,0.6,1.0,1.0,1.4,kp0.6_ki1_kd1_ml1.4,2.704724097127582,2.274529873453092,2.3015929643925035,2.163789643424504,1.5113355395903791,1.6817721791364637,1.7676892901771717,1.593872056235785,2.311273203318098,3.512125062039672,3.8350696380490725,4.613370219140729,3.6894702811670985,3.9055233125340014
canonical_pid_replay_segment_gap_v2,0.6,1.0,0.5,1.4,kp0.6_ki1_kd0.5_ml1.4,2.704745462239096,2.2744345124932948,2.3018055633120196,2.163632457500506,1.5115288687752588,1.681556995062713,1.7682732199065072,1.5942757165305441,2.3112660526707174,3.512085699259838,3.834817499836246,4.6136719948140446,3.688831544953585,3.905510883992972
canonical_pid_replay_segment_gap_v2,0.6,1.0,0.25,1.4,kp0.6_ki1_kd0.25_ml1.4,2.70477650201434,2.2744260800020712,2.3020168406994186,2.163667475554085,1.5114637111272524,1.6814883789132298,1.7684145810739087,1.5942638939757865,2.3112942934111227,3.512052617903057,3.83479707374457,4.613887560515933,3.6888159114501904,3.9055061078157904
canonical_pid_replay_segment_gap_v2,0.6,0.8,0.0,1.4,kp0.6_ki0.8_kd0_ml1.4,2.70553462375218,2.2783995642099346,2.3040159738460533,2.1656703557710406,1.5126115606040396,1.6815419190219962,1.769574271878599,1.5947122792280595,2.3113066698704885,3.5120134484486143,3.8347890522985146,4.612905230458918,3.688734140639612,3.9056756425024712
canonical_pid_replay_segment_gap_v2,0.6,0.8,0.75,1.4,kp0.6_ki0.8_kd0.75_ml1.4,2.705558734916924,2.2784954374259185,2.303455975210648,2.1658763365735463,1.5125464776807378,1.68187127845098,1.7692828538680905,1.594379377805197,2.311260327281081,3.5120547696613458,3.8348545068507476,4.613314119232513,3.689164940307798,3.9057071535714094
canonical_pid_replay_segment_gap_v2,0.6,0.8,0.5,1.4,kp0.6_ki0.8_kd0.5_ml1.4,2.70557601500684,2.2784699714586645,2.303558109816623,2.165669276016678,1.5126560077684517,1.6818012231366148,1.7696581831268767,1.594302449065611,2.311265953733949,3.512048744379697,3.834829249388072,4.613640421659076,3.6888926593757048,3.9056959461629024
canonical_pid_replay_segment_gap_v2,0.6,0.8,1.0,1.4,kp0.6_ki0.8_kd1_ml1.4,2.705583303686921,2.2785597775606843,2.3033930428321336,2.1659076834990088,1.5124692293072093,1.6819418945514613,1.7691500164847815,1.5942105621122675,2.3112750608323194,3.5120644873474536,3.8350220340314642,4.613383684733239,3.689487009481859,3.905718465156088
canonical_pid_replay_segment_gap_v2,0.6,0.8,0.25,1.4,kp0.6_ki0.8_kd0.25_ml1.4,2.7056137503127453,2.27845528280776,2.30377392993597,2.165831747603338,1.512723070632575,1.6816484318854192,1.769717912471899,1.5944724904743008,2.3112973307483986,3.5120295683888116,3.8347917884262714,4.613822416736186,3.688729300727695,3.9056854832270673
canonical_pid_replay_segment_gap_v2,0.6,0.6,0.0,1.4,kp0.6_ki0.6_kd0_ml1.4,2.706426419195677,2.282669103705729,2.3059075516171528,2.167935667921299,1.513821763427875,1.6817196419206983,1.771030473400592,1.5950510502092101,2.3113097684834503,3.5119613181934093,3.834794776605181,4.612869016350921,3.688685986724387,3.9057873309838906
canonical_pid_replay_segment_gap_v2,0.6,0.6,0.75,1.4,kp0.6_ki0.6_kd0.75_ml1.4,2.706454114077244,2.2827938168917177,2.305217050573665,2.168137521081977,1.5137682434421098,1.6820709522708495,1.7707449322439643,1.5946637490322901,2.31126316698157,3.5119983599413125,3.8348703127803216,4.6133278622995695,3.68922118107341,3.9058263343914157
canonical_pid_replay_segment_gap_v2,0.6,0.6,0.5,1.4,kp0.6_ki0.6_kd0.5_ml1.4,2.706475522718833,2.2827685791007832,2.3054108499059787,2.1679191654120205,1.5138735980060225,1.6819428142546708,1.7710910340545054,1.5946672821067793,2.3112680960992917,3.5119889053928546,3.8348456477667874,4.613588125336045,3.6890050912082244,3.9058126067008665
canonical_pid_replay_segment_gap_v2,0.6,0.6,1.0,1.4,kp0.6_ki0.6_kd1_ml1.4,2.706475574527149,2.282856505412027,2.3052477770528004,2.168121780654848,1.5137232642272587,1.6820908118059783,1.7706116039217463,1.594541198898167,2.3112908124357894,3.5120017198680102,3.834978391323183,4.613361503617602,3.689516136865938,3.9058409627695947
canonical_pid_replay_segment_gap_v2,0.6,0.6,0.25,1.4,kp0.6_ki0.6_kd0.25_ml1.4,2.7064924554542285,2.282721207147384,2.305667464530708,2.1680665091486047,1.5139484980045788,1.6817955443644337,1.7711276839989107,1.5947869532968877,2.311300462708193,3.5119681612230647,3.834808406784923,4.613558187573754,3.688853230013605,3.9057996121099214
canonical_pid_replay_segment_gap_v2,0.6,0.4,0.0,1.4,kp0.6_ki0.4_kd0_ml1.4,2.7073999690363832,2.2872478324537515,2.308070793060567,2.170284582517126,1.515108404665756,1.6818954002005972,1.7725462813428814,1.595479964473278,2.311321847007868,3.511902007792943,3.8347992181190853,4.613014676464986,3.6888071686052597,3.9057214207688915
canonical_pid_replay_segment_gap_v2,0.6,0.4,0.5,1.4,kp0.6_ki0.4_kd0.5_ml1.4,2.7074127047421817,2.2873598496614105,2.3075558280425006,2.1702128234093387,1.5151114928081295,1.682146387385658,1.772589941891243,1.5951647202455865,2.311279826622545,3.5119284847934513,3.834863194925132,4.613462592876577,3.6891257192553266,3.9055642997314624
canonical_pid_replay_segment_gap_v2,0.6,0.4,1.0,1.4,kp0.6_ki0.4_kd1_ml1.4,2.707426460432219,2.2874535774895617,2.307468642684642,2.1704480171166503,1.514984497162226,1.6828446462993796,1.7721333355934252,1.5946887287457676,2.3113252523960894,3.5119446726785495,3.834896643412094,4.613305812256441,3.689631887172064,3.9054182726119553
canonical_pid_replay_segment_gap_v2,0.6,0.4,0.25,1.4,kp0.6_ki0.4_kd0.25_ml1.4,2.7074315291138498,2.287291202550719,2.3078288053465985,2.17044734210446,1.515206582483688,1.6819773763583727,1.7726730022117925,1.5952701713903297,2.311310917827857,3.511910925844413,3.8348302622960433,4.6132609260640365,3.6889619648693954,3.9056403991323374
canonical_pid_replay_segment_gap_v2,0.6,0.4,0.75,1.4,kp0.6_ki0.4_kd0.75_ml1.4,2.7074339716397953,2.287405793604298,2.30736543696805,2.170501456430324,1.5149955153983594,1.682758689413016,1.7722970379828975,1.5950501452699202,2.311279884637218,3.5119360010090137,3.8348825735284717,4.613295713635964,3.6893757455702363,3.9054976378695727
canonical_pid_replay_segment_gap_v2,0.4,1.4,0.0,1.4,kp0.4_ki1.4_kd0_ml1.4,2.717035688946308,2.3018068591264678,2.3394491453203385,2.198894557891127,1.5398635630853132,1.6832815373626435,1.7972736799767006,1.5972530453780687,2.3117328030672852,3.512000724926832,3.834986544607722,4.612677760924137,3.6878923532274634,3.9043513814079005
canonical_pid_replay_segment_gap_v2,0.4,1.4,0.25,1.4,kp0.4_ki1.4_kd0.25_ml1.4,2.717047151949232,2.3018797093127303,2.3391486364766685,2.1989006561610993,1.5398559906994498,1.6834835271441964,1.7972000516490851,1.5967935552553192,2.3117228131797907,3.5120041687297605,3.835011132033371,4.613337474484435,3.687974436389896,3.904300823824215
canonical_pid_replay_segment_gap_v2,0.4,1.2,0.75,1.4,kp0.4_ki1.2_kd0.75_ml1.4,2.717228634232169,2.3079892790745284,2.3420052315379207,2.2021949630543802,1.5253569347993137,1.687163272825501,1.79908155948055,1.596222975597798,2.311828288743419,3.5119102553389996,3.8349985936925126,4.613204606261748,3.688517210206184,3.9034990744053384
canonical_pid_replay_segment_gap_v2,0.4,1.4,1.0,1.4,kp0.4_ki1.4_kd1_ml1.4,2.717250727091956,2.302135751224544,2.338766390640938,2.1991988592921827,1.539554256388014,1.6881697205357122,1.797136565361359,1.5943615253807597,2.3117464831507726,3.511941861696188,3.835082916779941,4.6133171853748935,3.688701670224591,3.904146266145528
canonical_pid_replay_segment_gap_v2,0.4,1.2,1.0,1.4,kp0.4_ki1.2_kd1_ml1.4,2.717269164363501,2.308057618664137,2.342084434923747,2.2024425485433885,1.5251091917595472,1.6872202288033396,1.799155994887921,1.5960758744872674,2.311849570513313,3.51189658967022,3.835025781471939,4.613342317372985,3.688811093900103,3.903427891727603
canonical_pid_replay_segment_gap_v2,0.4,1.4,0.75,1.4,kp0.4_ki1.4_kd0.75_ml1.4,2.717337144752194,2.30207464218258,2.338680078281,2.198917408683052,1.539778402529899,1.689571152098269,1.7970341628005657,1.5946054272261805,2.311725708837256,3.5119643669696248,3.8350545284464435,4.613360853486438,3.688419047180268,3.9041971030569442
canonical_pid_replay_segment_gap_v2,0.4,1.4,0.5,1.4,kp0.4_ki1.4_kd0.5_ml1.4,2.7174528663078976,2.3019966308465647,2.3388463767452317,2.1989920768658684,1.5397973284039843,1.6893543654938934,1.7970800190779166,1.5964674726895964,2.311712316809152,3.5119823085964446,3.835034078436429,4.613245475884646,3.688129267471597,3.9042495446813508
canonical_pid_replay_segment_gap_v2,0.4,1.2,0.5,1.4,kp0.4_ki1.2_kd0.5_ml1.4,2.7184881909042575,2.3079096421400496,2.342178580093584,2.2022107373741044,1.5416945945179465,1.6869895276089018,1.7991387832621608,1.596538930354005,2.3118087873046207,3.511925563787288,3.8349633433301302,4.6131863264184005,3.68821995634891,3.903581709215249
canonical_pid_replay_segment_gap_v2,0.4,1.2,0.25,1.4,kp0.4_ki1.2_kd0.25_ml1.4,2.718507881490613,2.3078131504302393,2.3424744089814795,2.2021085170738335,1.5417536418800546,1.6869104389147678,1.7992204987305183,1.596923352795691,2.311818814909955,3.5119401352308977,3.834961100220999,4.613034359903547,3.6879985703445595,3.903645469961424
canonical_pid_replay_segment_gap_v2,0.4,1.2,0.0,1.4,kp0.4_ki1.2_kd0_ml1.4,2.718600954086616,2.307729125945979,2.3427699435239653,2.2020764205332988,1.5417745656544026,1.6880590718633848,1.799272882321455,1.5973909184882489,2.311828981998252,3.511934069350818,3.8349533844148986,4.612422912546815,3.6879105836813593,3.903689542803127
canonical_pid_replay_segment_gap_v2,0.4,1.0,0.75,1.4,kp0.4_ki1_kd0.75_ml1.4,2.718849764741549,2.3142746445527282,2.3454555531437724,2.205526214304494,1.5296939511164611,1.6868052595458083,1.8012075864385901,1.5984902068081606,2.3119761588903684,3.51186142183365,3.8349516031653796,4.61266091839448,3.688641050960453,3.9035023724857907
canonical_pid_replay_segment_gap_v2,0.4,1.0,0.5,1.4,kp0.4_ki1_kd0.5_ml1.4,2.7188519616924585,2.3142414056204568,2.345626884596817,2.205503213319287,1.529884144279612,1.6864620087484798,1.8012750883684372,1.5988150202020777,2.311954453636012,3.511861019089023,3.8349329809502173,4.612713838127289,3.688323868982088,3.9034815760821657
canonical_pid_replay_segment_gap_v2,0.4,1.0,0.25,1.4,kp0.4_ki1_kd0.25_ml1.4,2.718852870603727,2.314179643531429,2.3459069467884417,2.205390498723356,1.5300363833286266,1.686508344127975,1.8013293835868123,1.5992028845793786,2.3119518201501053,3.5118716169291377,3.8348863572133887,4.6123482827796805,3.6880134553583024,3.903461700751821
canonical_pid_replay_segment_gap_v2,0.4,1.0,1.0,1.4,kp0.4_ki1_kd1_ml1.4,2.71924625568425,2.3143050083668713,2.345522183261683,2.205766090476149,1.5294535553949349,1.6913181152718906,1.8012986653869607,1.598523002696683,2.3119899686060577,3.5118588163475195,3.8350107204679915,4.612715528959323,3.6889140986293447,3.9035255700298417
canonical_pid_replay_segment_gap_v2,0.4,1.0,0.0,1.4,kp0.4_ki1_kd0_ml1.4,2.719908263246562,2.314119106294345,2.3462048476359674,2.2053796694063887,1.5437933498643563,1.686351154291622,1.8013319121292073,1.5996956317620314,2.3119582516758084,3.511862930763851,3.8348638697287414,4.6119220257361455,3.6878814392538426,3.903443233662999
canonical_pid_replay_segment_gap_v2,0.4,0.8,1.0,1.4,kp0.4_ki0.8_kd1_ml1.4,2.7209039743642034,2.321126234653629,2.349075882296128,2.2092146103041377,1.534051977519522,1.6890897154163491,1.8035015294960466,1.6016093857252518,2.312146345792345,3.511824620594568,3.8349567352739053,4.6123836151704785,3.6890785093598724,3.903692505132415
canonical_pid_replay_segment_gap_v2,0.4,0.8,0.25,1.4,kp0.4_ki0.8_kd0.25_ml1.4,2.720906318641281,2.3210237940250127,2.349450554083124,2.208809319439433,1.5345984098005616,1.6896604834463929,1.803540174948482,1.6021040620915301,2.3121106819685635,3.5118275580216647,3.83487519175533,4.612032133143946,3.6881603690863334,3.9035894105262803
canonical_pid_replay_segment_gap_v2,0.4,0.8,0.0,1.4,kp0.4_ki0.8_kd0_ml1.4,2.7209082736539703,2.3209523888628527,2.3497396094361958,2.208808737386702,1.5346177161199661,1.6896132601731326,1.8034778107485359,1.6026052460013396,2.312115671233529,3.5118210721174505,3.8348506419487673,4.611763188945034,3.687885006764823,3.903557207763282
canonical_pid_replay_segment_gap_v2,0.4,0.8,0.5,1.4,kp0.4_ki0.8_kd0.5_ml1.4,2.7209088429310886,2.3210789208414355,2.3491669107377167,2.2089155520067973,1.5344748758803375,1.6896610703815558,1.803485192743791,1.601769035176023,2.312128235677669,3.51182353345961,3.834908370370742,4.612299681185859,3.6884788608156835,3.903624718826934
canonical_pid_replay_segment_gap_v2,0.4,0.8,0.75,1.4,kp0.4_ki0.8_kd0.75_ml1.4,2.720917347478059,2.321116911337554,2.3490133586750725,2.2089621005563167,1.5342887044536095,1.6899789050636294,1.8033649380582952,1.6015579935993989,2.3121329500141132,3.5118211550716882,3.834923647090958,4.612312283010186,3.688793310611818,3.903659259672125
canonical_pid_replay_segment_gap_v2,0.4,0.6,1.0,1.4,kp0.4_ki0.6_kd1_ml1.4,2.7222552946827965,2.328546015937476,2.3524508155198873,2.212728699074218,1.5390031776917565,1.6871592098930834,1.8058171657620683,1.5993964698408385,2.312324037578494,3.5117934962302932,3.834873432717394,4.612154220821446,3.6893377894345565,3.903734300374843
canonical_pid_replay_segment_gap_v2,0.4,0.6,0.75,1.4,kp0.4_ki0.6_kd0.75_ml1.4,2.7225842230150503,2.3284969052541205,2.352447974044004,2.2124739125972805,1.539217943168362,1.6877475084589673,1.80569007672018,1.603676406790618,2.3122899494017255,3.5117853683902482,3.834822172057748,4.612158052399742,3.6890282150207097,3.9037604148919485
canonical_pid_replay_segment_gap_v2,0.4,0.6,0.25,1.4,kp0.4_ki0.6_kd0.25_ml1.4,2.7226427326215608,2.3283901261063478,2.3529144114627534,2.2123021970715997,1.5395345028077563,1.6893145172519624,1.805817705877767,1.6030830923800103,2.312282138577708,3.511778157390873,3.8348214000735297,4.611940159830242,3.6884052484454237,3.9037718668043144
canonical_pid_replay_segment_gap_v2,0.4,0.6,0.0,1.4,kp0.4_ki0.6_kd0_ml1.4,2.7226500931372852,2.3283139028444713,2.3532306841188797,2.212292869963857,1.5395762452556052,1.6893922400100345,1.8057847031870662,1.603470656402554,2.31227707188818,3.5117769278865274,3.83480884701437,4.611705736625756,3.688101822096042,3.9037195034913688
canonical_pid_replay_segment_gap_v2,0.4,0.6,0.5,1.4,kp0.4_ki0.6_kd0.5_ml1.4,2.7227293199678204,2.3284419139884545,2.3526118047614726,2.2124097001730223,1.5394152429296444,1.6894490739134878,1.8057866588988494,1.6038638958563969,2.312285059667978,3.511783352702512,3.834818949312425,4.612117804483064,3.688729103657364,3.903768599236996
canonical_pid_replay_segment_gap_v2,0.4,0.4,1.0,1.4,kp0.4_ki0.4_kd1_ml1.4,2.7239009602262807,2.3366087961062365,2.3562730608943343,2.2165120627161863,1.5442704293620293,1.6855327091861894,1.8034656399199835,1.6038471704641097,2.3125669047986097,3.5117553182867094,3.8348871152633244,4.6121523117570336,3.6896481143172117,3.9031928498696935
canonical_pid_replay_segment_gap_v2,0.4,0.4,0.5,1.4,kp0.4_ki0.4_kd0.5_ml1.4,2.7244306643089855,2.336508338116651,2.356449661372538,2.2161252081428096,1.5446618868239046,1.6889791326404262,1.808198636636137,1.603273857340133,2.312517027704929,3.5117317313854812,3.83482012118844,4.612047496817175,3.689059933841497,3.9032256040066895
canonical_pid_replay_segment_gap_v2,0.4,0.4,0.25,1.4,kp0.4_ki0.4_kd0.25_ml1.4,2.7244605851135564,2.336457167280351,2.3567232007739567,2.2160234796490386,1.5447691526596345,1.6894148153168986,1.8082345898552348,1.6033766308551511,2.3125092328285044,3.5117245767721186,3.8348000562770395,4.611953534030836,3.6887613115398885,3.9032398586375834
canonical_pid_replay_segment_gap_v2,0.4,0.4,0.0,1.4,kp0.4_ki0.4_kd0_ml1.4,2.7245177991915708,2.3363803004553017,2.357034939583056,2.215992559035765,1.5448256358646828,1.6900143864812331,1.8082212349895432,1.6037072165062891,2.312503066769159,3.511724200871253,3.834806120807271,4.6118180599200835,3.688449375378132,3.9032542928286467
canonical_pid_replay_segment_gap_v2,0.4,0.4,0.75,1.4,kp0.4_ki0.4_kd0.75_ml1.4,2.724543417778217,2.3365436721207167,2.3562966244981185,2.216207062597302,1.5444747922884432,1.688785724684048,1.8081383926275656,1.6048164700368173,2.312538884418766,3.5117378131252592,3.8348483218859832,4.612097762942453,3.689366745191379,3.9032121646999727
canonical_pid_replay_segment_gap_v2,1.6,1.2,1.0,1.2,kp1.6_ki1.2_kd1_ml1.2,2.7445900949190234,2.262541877090976,2.3017788700443815,2.1486386553473715,1.5252493747130813,1.7790864971802847,1.8076205692757004,1.6749560970651671,2.3901227279705437,3.5918538686887,3.9104858647966796,4.637271771394784,3.720463097153528,3.929601963226102
canonical_pid_replay_segment_gap_v2,1.6,1.4,0.75,1.2,kp1.6_ki1.4_kd0.75_ml1.2,2.744660553797575,2.2619283401308996,2.3012070445270187,2.1485811131731567,1.525325110409043,1.7791344715762758,1.8077337348487912,1.6747737345635552,2.3900689402078306,3.592299384257082,3.910607147967807,4.637893995740696,3.720893730279114,3.930140451687198
canonical_pid_replay_segment_gap_v2,1.6,1.4,1.0,1.2,kp1.6_ki1.4_kd1_ml1.2,2.744739085212515,2.2613846533778026,2.301517963276883,2.149149039811897,1.5250915057632117,1.7793467281342181,1.8082109193050757,1.6754405647010884,2.3900466554326645,3.592460155534352,3.9106729774568105,4.63772778409836,3.720991729104977,3.929567431765353
canonical_pid_replay_segment_gap_v2,1.6,1.0,1.0,1.2,kp1.6_ki1_kd1_ml1.2,2.744807612365489,2.2630133677845627,2.302749510736341,2.149612183191747,1.5254487500721596,1.778930253220685,1.807853821804158,1.6746999075575424,2.3901160068704534,3.5922432801087574,3.9106892952690426,4.637083959236075,3.7204479527872025,3.9296106721126254
canonical_pid_replay_segment_gap_v2,1.6,1.4,0.25,1.2,kp1.6_ki1.4_kd0.25_ml1.2,2.744814129350919,2.2609880220423233,2.3017008419564626,2.148476173088793,1.5255420556288612,1.7792323596632091,1.808378603978234,1.6761679483251097,2.3900648899647474,3.5919054310629757,3.9106860060773747,4.637425308072003,3.721265956044691,3.9307500856571678
canonical_pid_replay_segment_gap_v2,1.6,1.0,0.25,1.2,kp1.6_ki1_kd0.25_ml1.2,2.7448690583088178,2.2634950967156597,2.3019385422118845,2.1486535846330947,1.525714522270592,1.7790066380134089,1.808147642188657,1.6752928615402354,2.3899921978976946,3.591355662072713,3.910716999774485,4.637670756461876,3.720835624808976,3.9304776294253494
canonical_pid_replay_segment_gap_v2,1.6,1.2,0.75,1.2,kp1.6_ki1.2_kd0.75_ml1.2,2.7448756361373765,2.2627891932356774,2.3020563818265694,2.149108673142557,1.5254976405628022,1.7791969054194148,1.8078911247093101,1.6759187304305911,2.3900762189512323,3.5915808222070287,3.9107698108178006,4.637831279946288,3.720415727952848,3.930250760583776
canonical_pid_replay_segment_gap_v2,1.6,1.2,0.0,1.2,kp1.6_ki1.2_kd0_ml1.2,2.7449033800695224,2.2622176105141514,2.3019163777488187,2.1489753651311934,1.5256736854109711,1.7790775119461923,1.8082231784218485,1.6757868096696633,2.390024505250349,3.5921512198989944,3.9107229708483957,4.6373794151381915,3.721066359638959,3.930528931286053
canonical_pid_replay_segment_gap_v2,1.6,1.0,0.75,1.2,kp1.6_ki1_kd0.75_ml1.2,2.7449342740018214,2.2635575378612587,2.3023565070299417,2.1492270604090193,1.5258241367586767,1.7791837630816068,1.8079856564007428,1.6749269929291204,2.390121912516074,3.5921894739252447,3.9102734283637894,4.637790649667823,3.720474126128972,3.930234316951406
canonical_pid_replay_segment_gap_v2,1.6,1.4,0.5,1.2,kp1.6_ki1.4_kd0.5_ml1.2,2.7449399631248546,2.262290040881715,2.3012656182939235,2.1494783313589445,1.5252440926038817,1.7793029466119676,1.8078265729266605,1.6764920671208106,2.3900824272747703,3.5921225702347233,3.910637056452487,4.638030939682878,3.7212388038302855,3.9302080533500603
canonical_pid_replay_segment_gap_v2,1.6,0.8,1.0,1.2,kp1.6_ki0.8_kd1_ml1.2,2.7449657482317105,2.2639401368978542,2.30221832961832,2.149315351034907,1.525690763965174,1.7791578013226468,1.8081711915995458,1.6755916589254187,2.3900625735074263,3.592268755499711,3.910648936937578,4.637205960473292,3.7202015461724387,3.930081721057922
canonical_pid_replay_segment_gap_v2,1.6,0.8,0.75,1.2,kp1.6_ki0.8_kd0.75_ml1.2,2.7449714757803685,2.2638428372770476,2.3019810697621934,2.1494872817439927,1.5257756282136417,1.7790787897148521,1.8079723509511183,1.6752468298675784,2.3900562672328944,3.5919909624412063,3.910657977011894,4.63791658428494,3.7203992529502905,3.9302233536931457
canonical_pid_replay_segment_gap_v2,1.6,1.2,0.25,1.2,kp1.6_ki1.2_kd0.25_ml1.2,2.7449976045243005,2.2621379899814786,2.301990748418233,2.149846629406291,1.526098941402277,1.779057354302476,1.808377371306891,1.6761191119173517,2.3900601051053294,3.592003478937176,3.910212137790991,4.6374209790431244,3.7212901784945998,3.9303538327096916
canonical_pid_replay_segment_gap_v2,1.6,0.4,0.75,1.2,kp1.6_ki0.4_kd0.75_ml1.2,2.7450209105077077,2.2643287902957776,2.3027347371896343,2.1505341438239793,1.5261426076502236,1.7789627318694539,1.8076009163745024,1.6743812259357054,2.3900756123064335,3.592303218349477,3.9107030589913556,4.6378459335689275,3.719452630198358,3.9302062300463696
canonical_pid_replay_segment_gap_v2,1.6,0.6,0.5,1.2,kp1.6_ki0.6_kd0.5_ml1.2,2.7450561345146527,2.2635942765531927,2.3026907978271005,2.149644223468252,1.525975624964526,1.7793901275983182,1.8082578948890717,1.6755755240200754,2.3900973397924936,3.5919419814067832,3.9107209891490555,4.637336443323956,3.720050589886881,3.930453935810776
canonical_pid_replay_segment_gap_v2,1.6,0.6,0.75,1.2,kp1.6_ki0.6_kd0.75_ml1.2,2.7450685932193304,2.2646970643547006,2.302660820769311,2.149597584854185,1.5259504020439063,1.7792121338795226,1.8078688637231843,1.6755115664534346,2.390075740174715,3.5921981136992365,3.9106582731680564,4.6373234586996555,3.719930808032592,3.9302068819987923
canonical_pid_replay_segment_gap_v2,1.6,1.4,0.0,1.2,kp1.6_ki1.4_kd0_ml1.2,2.745078223567131,2.2618851712620507,2.3025730468677765,2.1494404685979327,1.5257631545046824,1.7792065781612758,1.8080247439504067,1.6765657908031333,2.390045987982305,3.5920973295136864,3.910341133941659,4.637490304285143,3.721754750165378,3.930828446337266
canonical_pid_replay_segment_gap_v2,1.6,1.2,0.5,1.2,kp1.6_ki1.2_kd0.5_ml1.2,2.74507965061433,2.262961675301408,2.302005252681844,2.1492245799145597,1.52563952261924,1.7793391824424756,1.807894128223646,1.6761087936658468,2.3900639697391735,3.5923714898060735,3.9106955606991547,4.6377531204216975,3.7216237270766683,3.9303544553945073
canonical_pid_replay_segment_gap_v2,1.6,0.4,1.0,1.2,kp1.6_ki0.4_kd1_ml1.2,2.745089226187875,2.2643256004134362,2.303047285750765,2.150656842449273,1.525903315397737,1.7791082815204289,1.807861313315924,1.6753761925702328,2.3900849808525395,3.592103000566137,3.910516281039868,4.637725154207576,3.719363763336427,3.930087929022035
canonical_pid_replay_segment_gap_v2,1.6,0.8,0.5,1.2,kp1.6_ki0.8_kd0.5_ml1.2,2.7450965491226875,2.263595717508523,2.3026641251671975,2.1500206758194964,1.5259951885878218,1.7793442333174632,1.8078665286859128,1.6751003993360767,2.3900495072695302,3.592109215556402,3.9107533899353544,4.637795471561248,3.720466387840315,3.9304942980096
canonical_pid_replay_segment_gap_v2,1.6,1.0,0.5,1.2,kp1.6_ki1_kd0.5_ml1.2,2.7451041732917343,2.2631578703731097,2.3025993399605507,2.1498088730346336,1.5256625591421233,1.7795152413572863,1.8082851443003432,1.67531285296419,2.3900628979715677,3.592281468981708,3.910641685063677,4.637823579179355,3.7207347002364535,3.9304680402275523
canonical_pid_replay_segment_gap_v2,1.6,1.0,0.0,1.2,kp1.6_ki1_kd0_ml1.2,2.745114723022065,2.262847602003864,2.30304328203027,2.1491215813958253,1.5259589093066797,1.7791864193389404,1.808242258672202,1.6761824907604799,2.3900573239474934,3.592054735308537,3.910647433635699,4.637448405691753,3.721112582903917,3.93058837429118
canonical_pid_replay_segment_gap_v2,1.6,0.6,1.0,1.2,kp1.6_ki0.6_kd1_ml1.2,2.7451293291887042,2.264656528410312,2.30289104970351,2.1503690227807115,1.5254698735771761,1.7796226907127821,1.8082529795681073,1.6755130396976747,2.390081163052558,3.5921951324026935,3.910326973443985,4.637704881560578,3.7195654268650435,3.930032517678024
canonical_pid_replay_segment_gap_v2,1.6,0.8,0.25,1.2,kp1.6_ki0.8_kd0.25_ml1.2,2.7452028960224477,2.2636292087769396,2.302266868331865,2.1506750811550024,1.5259028355570872,1.7794220278717312,1.8082662172798578,1.6760136937091499,2.390037468329869,3.59216659641735,3.9107624667265672,4.6375680287343135,3.720614055451105,3.9303130999509825
canonical_pid_replay_segment_gap_v2,1.6,0.8,0.0,1.2,kp1.6_ki0.8_kd0_ml1.2,2.7452129527730045,2.2635369179338536,2.3029436776083507,2.1496551766122303,1.5262729662930639,1.7788925432360425,1.8084695969988143,1.6766617281283616,2.3900734685706038,3.59203582623203,3.9105708201385068,4.63762778144998,3.720480140099673,3.9305477427475495
canonical_pid_replay_segment_gap_v2,1.6,0.4,0.5,1.2,kp1.6_ki0.4_kd0.5_ml1.2,2.745222870435477,2.264808389594028,2.3033547576855997,2.149697268600899,1.526324803261496,1.7793134308571037,1.8076650871728113,1.6756917084308875,2.3900729290891003,3.592414145836195,3.9107137257769735,4.637840696749493,3.7196059948918516,3.9303943777147725
canonical_pid_replay_segment_gap_v2,1.6,0.6,0.25,1.2,kp1.6_ki0.6_kd0.25_ml1.2,2.74525416554041,2.264026073903424,2.302670663791421,2.150601735083504,1.5262556681793924,1.7792216232104698,1.8083055011010678,1.6761650727328472,2.390037327431831,3.592387701019407,3.9107086889272917,4.637464198757652,3.7200727212496694,3.9303871766373533
canonical_pid_replay_segment_gap_v2,1.6,0.4,0.0,1.2,kp1.6_ki0.4_kd0_ml1.2,2.7453038272689585,2.264359276720217,2.302951315767604,2.150290231180893,1.5265305092490644,1.7788345396806138,1.808656799927591,1.6762119650952159,2.39015126002305,3.59215824872469,3.910696149663938,4.637774990080776,3.7199744998594646,3.930359968523346
canonical_pid_replay_segment_gap_v2,1.6,0.4,0.25,1.2,kp1.6_ki0.4_kd0.25_ml1.2,2.7453090634082757,2.2653949297061087,2.3036284471030104,2.1501000696419,1.5263516861173365,1.7791023850617698,1.8081237315349536,1.675753311206477,2.3899751376567284,3.5921720862612414,3.910620347130635,4.637900774034335,3.7195840389468042,3.9303108799062865
canonical_pid_replay_segment_gap_v2,1.6,0.6,0.0,1.2,kp1.6_ki0.6_kd0_ml1.2,2.745339015377333,2.2645462614974954,2.303363322846766,2.150461580383717,1.5260683492050102,1.7788005027232991,1.80792959168141,1.6765308176703053,2.390150201294682,3.591975190387387,3.910615343033959,4.637602758774903,3.7208364276794312,3.9305268527269632
canonical_pid_replay_segment_gap_v2,1.4,1.4,0.5,1.2,kp1.4_ki1.4_kd0.5_ml1.2,2.746126301685185,2.267399845839552,2.306608244475396,2.1544271933122157,1.5297451260196844,1.7787161465527177,1.8079494913726852,1.674642706754079,2.3899915460214927,3.592415932849607,3.9106000308161373,4.637373885045553,3.719648643159297,3.9301231296889902
canonical_pid_replay_segment_gap_v2,1.4,1.4,1.0,1.2,kp1.4_ki1.4_kd1_ml1.2,2.7461601118825243,2.2672836706265245,2.306597004283814,2.1550228650991845,1.5296226672263724,1.7789849111982547,1.8077811034701259,1.675359911761915,2.3900979283257295,3.592135314896359,3.9105638819631654,4.636991158551267,3.71964145214406,3.9299995849260463
canonical_pid_replay_segment_gap_v2,1.4,1.2,0.75,1.2,kp1.4_ki1.2_kd0.75_ml1.2,2.746180859918973,2.26796899676275,2.3073746950133365,2.155511682490196,1.5300848604081525,1.7792004408134143,1.8078657205057314,1.674875801885159,2.3900943098589873,3.592052099145269,3.910624619854115,4.637219015761375,3.7173048343561916,3.930174102091977
canonical_pid_replay_segment_gap_v2,1.4,1.4,0.0,1.2,kp1.4_ki1.4_kd0_ml1.2,2.7462147606308083,2.267668401709052,2.306659974818168,2.1535936454005524,1.529884551024625,1.7788573012623783,1.8082818385584123,1.675647111243071,2.3899784110633564,3.592183232857282,3.910583211197404,4.637495381151289,3.719633096810869,3.9303257311040416
canonical_pid_replay_segment_gap_v2,1.4,1.2,1.0,1.2,kp1.4_ki1.2_kd1_ml1.2,2.746255464045984,2.268144161803941,2.3070735087293746,2.155048571848655,1.529834491628088,1.7789227493852913,1.8079646520337913,1.67488447946465,2.3901641810736542,3.592001582128001,3.910632581454457,4.637251337557548,3.719359333510439,3.930039401979897
canonical_pid_replay_segment_gap_v2,1.4,1.4,0.25,1.2,kp1.4_ki1.4_kd0.25_ml1.2,2.746286396419377,2.2677820413443044,2.306826171749511,2.153911493771971,1.5298843010810403,1.7787846832866652,1.808174655541124,1.6757379532687917,2.3900678610979345,3.5920667023679154,3.910705360139359,4.637671373432929,3.7199399954561314,3.930170560914227
canonical_pid_replay_segment_gap_v2,1.4,1.2,0.5,1.2,kp1.4_ki1.2_kd0.5_ml1.2,2.7462899565373817,2.2676684149902235,2.307231417921625,2.155331982149852,1.5300743059581998,1.7789750180422363,1.8077128804954772,1.6754930715960448,2.3900343821167964,3.592053881114488,3.9105615166072614,4.6370358455853005,3.7192978381260424,3.9302988802824186
canonical_pid_replay_segment_gap_v2,1.4,1.4,0.75,1.2,kp1.4_ki1.4_kd0.75_ml1.2,2.7463055385830475,2.267362493429124,2.3068201215125685,2.154660015117326,1.5297501008588361,1.7791521855436094,1.8083005232964136,1.6753545165510413,2.3900877921714283,3.5921432594114395,3.9106947999348605,4.637672286624345,3.7196723272505863,3.930301579878043
canonical_pid_replay_segment_gap_v2,1.4,1.2,0.0,1.2,kp1.4_ki1.2_kd0_ml1.2,2.7463722389175818,2.267895757718329,2.3072718709324085,2.155165187251058,1.530312111084,1.7787784068551542,1.8080173542871278,1.6749163709069828,2.3899716879402746,3.592359913152117,3.910519950810388,4.637314336274173,3.719944298404261,3.9303718603122886
canonical_pid_replay_segment_gap_v2,1.4,0.6,1.0,1.2,kp1.4_ki0.6_kd1_ml1.2,2.7463888850037064,2.270663118994184,2.308236864719048,2.156286072635666,1.5304234317057333,1.7793047634675105,1.8084489828881312,1.6744479854718088,2.390065997987042,3.5923213006637806,3.9102094490634385,4.636803424769866,3.7157460077932627,3.9300981048887134
canonical_pid_replay_segment_gap_v2,1.4,1.2,0.25,1.2,kp1.4_ki1.2_kd0.25_ml1.2,2.7464144713902003,2.267656091302532,2.3071927503442877,2.1546871628851467,1.530107829087181,1.778722615442759,1.808034941554059,1.6761358628348066,2.3900541916081495,3.5922433654221764,3.910641187537491,4.637694415037514,3.7200060179029553,3.9302116971135437
canonical_pid_replay_segment_gap_v2,1.4,0.8,0.75,1.2,kp1.4_ki0.8_kd0.75_ml1.2,2.746426950995028,2.2694247598499846,2.3078866731070744,2.1555967982479145,1.5301423780547054,1.779124393150715,1.8080695433301182,1.6750352608888208,2.390065246194283,3.5922053169765658,3.91060562090535,4.637526930368114,3.7176839328174798,3.930183509044241
canonical_pid_replay_segment_gap_v2,1.4,1.0,0.75,1.2,kp1.4_ki1_kd0.75_ml1.2,2.746451908117156,2.2687677774357935,2.3080655347127546,2.15553546561682,1.5299399312720754,1.779245396220704,1.8078606444916563,1.6756484772472258,2.3901174687241835,3.5920482522878614,3.9102445067322074,4.6370959635514994,3.71909278548387,3.930212601746382
canonical_pid_replay_segment_gap_v2,1.4,1.0,0.25,1.2,kp1.4_ki1_kd0.25_ml1.2,2.7464632230276345,2.2689532891561637,2.307895899577646,2.155453768129296,1.5303876042296538,1.778883658134825,1.8076094313975766,1.6742181226433754,2.390091993929811,3.5923430055661805,3.910615518531507,4.63765996493867,3.719694804880905,3.930214838243634
canonical_pid_replay_segment_gap_v2,1.4,1.0,1.0,1.2,kp1.4_ki1_kd1_ml1.2,2.7464777357077823,2.2689462287014535,2.307538592952508,2.155847476969977,1.5299957214922533,1.7796809821968573,1.8080517941837815,1.6753698016046734,2.3900995229686477,3.5920574068856013,3.9103343781274913,4.637387548907563,3.719052099400338,3.9298490098100287
canonical_pid_replay_segment_gap_v2,1.4,1.0,0.5,1.2,kp1.4_ki1_kd0.5_ml1.2,2.7465195182708615,2.2688344296381637,2.307570771418097,2.1556813350014568,1.530226805923909,1.7788867880112296,1.8080863411895398,1.6754385050777936,2.390063869563381,3.5919182725822782,3.910640440277564,4.637726094281956,3.7195574692271918,3.9301226153286453
canonical_pid_replay_segment_gap_v2,1.4,1.0,0.0,1.2,kp1.4_ki1_kd0_ml1.2,2.746590383840349,2.2690066908297815,2.3081502682081867,2.1557367224107966,1.5303807955991722,1.7788143797943736,1.8077458328358713,1.6760368120567588,2.389982343694276,3.592010491169231,3.9105459493149226,4.637231475998404,3.7197631640900517,3.930270063922711
canonical_pid_replay_segment_gap_v2,1.4,0.8,0.5,1.2,kp1.4_ki0.8_kd0.5_ml1.2,2.746640134975429,2.2696157898999645,2.3076730956700993,2.1562581575771356,1.5304699250122866,1.7791038037697302,1.8078017550681975,1.6756487560151359,2.390078310379841,3.5920505048980202,3.910675569347447,4.637602487768377,3.7192176455009687,3.9301259537733704
canonical_pid_replay_segment_gap_v2,1.4,0.8,1.0,1.2,kp1.4_ki0.8_kd1_ml1.2,2.746669442570041,2.2705596827327663,2.307642463767533,2.1566288740763384,1.530106144429773,1.7792304317581074,1.8082335554489173,1.6751386477941728,2.390117537198295,3.592149164216123,3.910635824596131,4.637146997688152,3.719064879800697,3.930048549903526
canonical_pid_replay_segment_gap_v2,1.4,0.6,0.5,1.2,kp1.4_ki0.6_kd0.5_ml1.2,2.7466914572973313,2.270359873311444,2.3085955246225827,2.1565644231700025,1.5306940114076084,1.7789780399939958,1.8085138993422214,1.6744719434149402,2.3900564101390263,3.592130051494044,3.910502118855257,4.637060735797003,3.7189259794948466,3.9301359338223345
canonical_pid_replay_segment_gap_v2,1.4,0.8,0.25,1.2,kp1.4_ki0.8_kd0.25_ml1.2,2.746727459136891,2.2699855434630045,2.3085554803616692,2.1557936328364877,1.530603533088667,1.7788690551125745,1.808401226024018,1.6756370702891508,2.390073266557526,3.5920814323383454,3.910545361830751,4.637585394978887,3.7191274166245285,3.930198555273973
canonical_pid_replay_segment_gap_v2,1.4,0.6,0.75,1.2,kp1.4_ki0.6_kd0.75_ml1.2,2.746745234311663,2.2711442276203524,2.307599648174879,2.1565160830263532,1.5307974066915362,1.779369504410173,1.808055199597689,1.6751010711934171,2.39010263878194,3.5923021236831745,3.9101062231857355,4.637635636602988,3.7188369945553936,3.9301212885279946
canonical_pid_replay_segment_gap_v2,1.4,0.8,0.0,1.2,kp1.4_ki0.8_kd0_ml1.2,2.7467740351613728,2.270416598689154,2.3084082015990983,2.1567556112646273,1.5307100677801477,1.7789980247321822,1.8079917577465956,1.676019664789236,2.3899787726231385,3.5919281438744277,3.910248358313295,4.637317175176322,3.7190571648407658,3.930232915668856
canonical_pid_replay_segment_gap_v2,1.4,0.4,0.75,1.2,kp1.4_ki0.4_kd0.75_ml1.2,2.746850714269303,2.2718196844420273,2.3084489466206617,2.1570579459749157,1.5307355165165,1.7790669748584813,1.8083616033111944,1.6745370796623984,2.390130324057347,3.5922389917178346,3.910351399730896,4.637345866716584,3.7187958494357187,3.9301691024563845
canonical_pid_replay_segment_gap_v2,1.4,0.6,0.0,1.2,kp1.4_ki0.6_kd0_ml1.2,2.746852266098224,2.2708136173038094,2.3082101062737874,2.156321745611957,1.5310712664947463,1.7790042446130296,1.8085082177430494,1.6757716885097098,2.3899957616329868,3.5921087782029892,3.9104876453280872,4.637114354044386,3.719387215556248,3.930284817962127
canonical_pid_replay_segment_gap_v2,1.4,0.4,0.5,1.2,kp1.4_ki0.4_kd0.5_ml1.2,2.746861502644997,2.271479531723036,2.3086094897919507,2.1573322175475123,1.5306951289340258,1.779354084762464,1.8081041010599013,1.674404431936163,2.3900871448550127,3.592261880856919,3.9105212681738224,4.637099422081572,3.7190744634650463,3.930176369197538
canonical_pid_replay_segment_gap_v2,1.4,0.4,1.0,1.2,kp1.4_ki0.4_kd1_ml1.2,2.74688922700728,2.2727324021921915,2.3083949361061467,2.1576036204828815,1.530604865763899,1.7794279848871055,1.8084277321999072,1.6742728228602903,2.3900391291929464,3.5921327675884243,3.910299894941439,4.636996866633653,3.718524383869006,3.9301025443767497
canonical_pid_replay_segment_gap_v2,1.4,0.6,0.25,1.2,kp1.4_ki0.6_kd0.25_ml1.2,2.746893047531167,2.2708685506505097,2.309021486868763,2.1563449889199577,1.5307288940607597,1.7792308058306123,1.8083913029223708,1.6758490491578613,2.390050366880683,3.59202684396671,3.910432264035123,4.637456366582792,3.7189908218302286,3.930217876198801
canonical_pid_replay_segment_gap_v2,1.4,0.4,0.0,1.2,kp1.4_ki0.4_kd0_ml1.2,2.7469305917021334,2.27100294004989,2.3088446353143306,2.1566896104729625,1.5311169164489513,1.7790215728988155,1.8085394490364983,1.675793455502036,2.3900108851234876,3.5920413706378747,3.9104392609880283,4.637373577358197,3.7189201474428253,3.930303870853837
canonical_pid_replay_segment_gap_v2,1.4,0.4,0.25,1.2,kp1.4_ki0.4_kd0.25_ml1.2,2.746956940280523,2.271714326596421,2.3090282140369482,2.157374991233477,1.5309703438126345,1.779323305266321,1.808337059990673,1.6746536929237419,2.3900735134596602,3.5919506273518262,3.910470405855257,4.637303523586579,3.718981919710526,3.9302582998227327
canonical_pid_replay_segment_gap_v2,1.2,1.4,1.0,1.2,kp1.2_ki1.4_kd1_ml1.2,2.7478537320739034,2.274521546761703,2.313396375917657,2.1630697114252935,1.5355946239544416,1.7791780568444728,1.8087779818884961,1.6739837643633166,2.3901317555998833,3.592050809640386,3.9101944649257354,4.636303423462571,3.7146929643015034,3.9302030378752875
canonical_pid_replay_segment_gap_v2,1.2,1.4,0.75,1.2,kp1.2_ki1.4_kd0.75_ml1.2,2.747982182055914,2.2750645060031287,2.3135417664874365,2.1629275699599977,1.5356117354686976,1.7791808213215952,1.8088955883497888,1.6738513465038392,2.3900701946961505,3.5919106615507013,3.9103781334989485,4.636865361247204,3.7151550756741663,3.930315605965228
canonical_pid_replay_segment_gap_v2,1.2,1.4,0.25,1.2,kp1.2_ki1.4_kd0.25_ml1.2,2.7480225297719683,2.274769565864398,2.313977352052817,2.162555920814008,1.5359290281353282,1.7790764606088552,1.8087981657492669,1.6744977084888142,2.3900239720399097,3.5920483933862983,3.9102734847677567,4.637079592241712,3.7150241447407377,3.930239098145684
canonical_pid_replay_segment_gap_v2,1.2,1.2,1.0,1.2,kp1.2_ki1.2_kd1_ml1.2,2.7480963271521412,2.2758673382964894,2.3138897700049763,2.163585602556242,1.5358881705854242,1.7792205190635653,1.8084005650641364,1.6743757324059059,2.390102630231401,3.592080977710847,3.9102104868364784,4.636692891112612,3.714698710112931,3.930238858996829
canonical_pid_replay_segment_gap_v2,1.2,1.4,0.5,1.2,kp1.2_ki1.4_kd0.5_ml1.2,2.74811756668334,2.275124834940191,2.3134455977859663,2.1626261275148075,1.5356760808160346,1.7790426690231504,1.8086611003158746,1.6743136727717418,2.3900312331185902,3.592045213337895,3.910250929153769,4.637065297249463,3.716917980177089,3.9303276306788457
canonical_pid_replay_segment_gap_v2,1.2,1.2,0.25,1.2,kp1.2_ki1.2_kd0.25_ml1.2,2.7481223607218253,2.276068224886473,2.314417082780986,2.163453974892071,1.5361310899062486,1.779003907331081,1.8086718928659604,1.674116763472042,2.3900240833651405,3.5920479581429325,3.9100476639474024,4.637054296499649,3.714529756041775,3.9300239952519687
canonical_pid_replay_segment_gap_v2,1.2,1.2,0.75,1.2,kp1.2_ki1.2_kd0.75_ml1.2,2.7481390202464904,2.276251748027403,2.3137716460043225,2.1637247874004,1.5359123968125907,1.7789391607529528,1.8086336400557919,1.6741755920460468,2.3901031756311566,3.592107750917119,3.9101959993557425,4.637017687449807,3.7146482869313346,3.930325391819706
canonical_pid_replay_segment_gap_v2,1.2,1.2,0.0,1.2,kp1.2_ki1.2_kd0_ml1.2,2.7482515531466842,2.2757292325898635,2.3142256490053192,2.163163727070396,1.5363435440474253,1.7790268114002104,1.8088940755872678,1.6746864382443893,2.390021235749186,3.592100743563177,3.9100387260773197,4.636861782985709,3.71625215809806,3.929926066488568
canonical_pid_replay_segment_gap_v2,1.2,1.2,0.5,1.2,kp1.2_ki1.2_kd0.5_ml1.2,2.7482603802935333,2.2762560202469477,2.31440742310314,2.1633489710311498,1.535980233336116,1.7788705242988254,1.8087009675767298,1.6748309118545164,2.3900832469781395,3.5921184631536627,3.9101655095249934,4.636998100065515,3.7154138613140244,3.9302107113321756
canonical_pid_replay_segment_gap_v2,1.2,1.0,0.75,1.2,kp1.2_ki1_kd0.75_ml1.2,2.7483422589426576,2.277947901478029,2.314217955161793,2.164098085395816,1.5360436326633453,1.7790338772499041,1.8083572199886522,1.6745974598798732,2.3901058258642967,3.5922049529623354,3.9100412256011143,4.636823069931271,3.7147829472421052,3.9301952128360136
canonical_pid_replay_segment_gap_v2,1.2,1.0,1.0,1.2,kp1.2_ki1_kd1_ml1.2,2.7483760428506683,2.276960964051432,2.314379002170358,2.1650855342626913,1.5362823925831084,1.7788822369324997,1.8084850030159945,1.674487623029602,2.3901324961408954,3.592013957933587,3.9102342476909975,4.636727983624643,3.714939782926104,3.930277332696773
canonical_pid_replay_segment_gap_v2,1.2,1.4,0.0,1.2,kp1.2_ki1.4_kd0_ml1.2,2.7483774929797065,2.274620948733374,2.314052983429203,2.1625208983899027,1.535937575960019,1.7792266799248788,1.8091189221595203,1.6758802995072735,2.3900322262293865,3.5921735059057536,3.9101548760093223,4.637017915804325,3.71813590368636,3.930034672996866
canonical_pid_replay_segment_gap_v2,1.2,1.0,0.0,1.2,kp1.2_ki1_kd0_ml1.2,2.7483986954587607,2.2775174739137487,2.314714594793451,2.164075115718149,1.5365737919004652,1.779121335707088,1.809221049608959,1.6743577200540865,2.390027171226119,3.5920678755559567,3.9101013422189115,4.636729736552688,3.7147200229357993,3.9299558107784667
canonical_pid_replay_segment_gap_v2,1.2,1.0,0.5,1.2,kp1.2_ki1_kd0.5_ml1.2,2.7484908910414143,2.2772246685928508,2.314377872401607,2.1637285550986354,1.5362525964944052,1.7793422958685163,1.8086398794244376,1.6739685182183843,2.3900470868110912,3.5920983681138288,3.910198730090288,4.636910221858376,3.7175723934581826,3.9300203971077834
canonical_pid_replay_segment_gap_v2,1.2,0.8,1.0,1.2,kp1.2_ki0.8_kd1_ml1.2,2.748558603313927,2.2788732875321864,2.3149308666984436,2.1651334377787252,1.5364938207313912,1.7789669317666335,1.808641720683388,1.6740697189480442,2.3900973830539525,3.5922015718862816,3.910131531192372,4.636689574900942,3.7147191785059626,3.930312819402723
canonical_pid_replay_segment_gap_v2,1.2,0.8,0.75,1.2,kp1.2_ki0.8_kd0.75_ml1.2,2.7485673149066794,2.27856735148756,2.31549746096414,2.165025319736026,1.5366906783188672,1.7788987077693974,1.808856012044055,1.6739976576978475,2.3900967408901064,3.592033276275696,3.9100872507729854,4.63672309559275,3.7148342083934955,3.9300673338439065
canonical_pid_replay_segment_gap_v2,1.2,1.0,0.25,1.2,kp1.2_ki1_kd0.25_ml1.2,2.748581175730013,2.2770082267100977,2.31439120816383,2.163762410689731,1.5363673342935498,1.779078223804281,1.808727784735969,1.6749971328807254,2.3900234260660387,3.5920857135698885,3.9100913575798746,4.637268462594344,3.7178331244610554,3.92992087894079
canonical_pid_replay_segment_gap_v2,1.2,0.8,0.0,1.2,kp1.2_ki0.8_kd0_ml1.2,2.748655015113248,2.278232481809495,2.3149124493936575,2.16465585191763,1.5370162835480976,1.779229566411119,1.8088362299524257,1.6744502245956168,2.3900114555986436,3.592044996338902,3.9099710484728702,4.636905090108982,3.7163828716372085,3.9298666466875756
canonical_pid_replay_segment_gap_v2,1.2,0.6,0.25,1.2,kp1.2_ki0.6_kd0.25_ml1.2,2.7487261115625965,2.2798295079270763,2.315958500278365,2.1648948623313022,1.5371161569039489,1.7792228690801661,1.8085195159987526,1.6745007429701515,2.390035326182982,3.591923737904091,3.9100714969384787,4.636807334557731,3.7147534483528744,3.9298059508878382
canonical_pid_replay_segment_gap_v2,1.2,0.8,0.25,1.2,kp1.2_ki0.8_kd0.25_ml1.2,2.7487281971626945,2.278221762678834,2.314823357882577,2.164549323504223,1.5368699827084604,1.7794217693348964,1.8085457722511975,1.6741406768185272,2.390031101714825,3.5920253077548185,3.910044827976673,4.636902522169328,3.7180264314863343,3.9298637268343346
canonical_pid_replay_segment_gap_v2,1.2,0.6,1.0,1.2,kp1.2_ki0.6_kd1_ml1.2,2.748743884096611,2.2800046808155243,2.3161465237491083,2.165802416975148,1.5368620767908456,1.7789238542875279,1.8085887900157713,1.6733628972819163,2.390105118363966,3.592090738498339,3.9101587687882433,4.636485382551002,3.7149241724213233,3.9302150727172247
canonical_pid_replay_segment_gap_v2,1.2,0.6,0.0,1.2,kp1.2_ki0.6_kd0_ml1.2,2.7487651764061853,2.2797326977120127,2.3153945995868335,2.165143957323333,1.5369928623305433,1.77893123247602,1.8088510178756678,1.675015049176159,2.3900189559680425,3.592051297567698,3.9100461834355156,4.63696089277214,3.7149795624260076,3.929828984630434
canonical_pid_replay_segment_gap_v2,1.2,0.6,0.75,1.2,kp1.2_ki0.6_kd0.75_ml1.2,2.7488005734711227,2.2799818734452946,2.315911075472503,2.1652832369183197,1.5367727576242325,1.7792117711396995,1.8087787046719759,1.6740990348756883,2.3900964205302397,3.5921555922631474,3.910228146989235,4.636961015315818,3.7149641085167247,3.9299637173617126
canonical_pid_replay_segment_gap_v2,1.2,0.8,0.5,1.2,kp1.2_ki0.8_kd0.5_ml1.2,2.7488216970412833,2.2787168969606406,2.3152319907457493,2.1645681168081037,1.5369772200330676,1.779574987733658,1.8088274029750382,1.6737025074020135,2.390034205151146,3.592152115423879,3.9101162311916293,4.636902016927888,3.7179371181527263,3.9299412520311403
canonical_pid_replay_segment_gap_v2,1.2,0.4,0.5,1.2,kp1.2_ki0.4_kd0.5_ml1.2,2.748870256275646,2.2811220841747137,2.315851976886695,2.166371464936121,1.53739216364954,1.7791222584300292,1.8088422118704883,1.6736841997967342,2.3900289068536247,3.5916107050600874,3.9100993070861847,4.636622991294814,3.7148410233079243,3.929724038236444
canonical_pid_replay_segment_gap_v2,1.2,0.6,0.5,1.2,kp1.2_ki0.6_kd0.5_ml1.2,2.748956629537423,2.279726217322457,2.315967946782365,2.1653531811434434,1.5370510953854355,1.779047218609188,1.8085211319562218,1.674481870163362,2.390035770818523,3.591600227729911,3.9100378852796713,4.6369545759558255,3.717864395438253,3.9297946674018434
canonical_pid_replay_segment_gap_v2,1.2,0.4,0.75,1.2,kp1.2_ki0.4_kd0.75_ml1.2,2.748957440506662,2.281211262555597,2.3157493487750607,2.166177157796049,1.537168459354665,1.7790998009064525,1.8085103980174606,1.6742752279671347,2.390083560307239,3.592224402098111,3.910159467869857,4.636503220277874,3.7154925628363578,3.9297918578247466
canonical_pid_replay_segment_gap_v2,1.2,0.4,0.25,1.2,kp1.2_ki0.4_kd0.25_ml1.2,2.7490034058269694,2.281563257255863,2.316057633852591,2.166329524968266,1.537645302979916,1.7791471317374636,1.808707202977691,1.67429725289782,2.390051182016073,3.591542441735934,3.910105637032602,4.636800760378943,3.7150508351524323,3.9297461127650117
canonical_pid_replay_segment_gap_v2,1.2,0.4,1.0,1.2,kp1.2_ki0.4_kd1_ml1.2,2.7490078564957874,2.28146119147197,2.3159147182872686,2.166579026410646,1.5371676072989189,1.779200019370186,1.8086826706599732,1.6735119469202937,2.390103717144464,3.592171608879893,3.9100818781157662,4.637166905499778,3.7150610669900583,3.9299997773960187
canonical_pid_replay_segment_gap_v2,1.2,0.4,0.0,1.2,kp1.2_ki0.4_kd0_ml1.2,2.7491035363758174,2.281007090631885,2.3164556630799664,2.16624643728312,1.5375393475935957,1.779424173862906,1.8090323088422533,1.6745571506619195,2.3900477474183806,3.591955535194232,3.9099908582237006,4.636695905932744,3.7156142849791762,3.9297794691817494
canonical_pid_replay_segment_gap_v2,1.0,1.4,1.0,1.2,kp1_ki1.4_kd1_ml1.2,2.7509863362547273,2.2853562863038053,2.323476104285594,2.1752907548527673,1.5437662878523382,1.778895016451438,1.8100909099544147,1.6736905831604307,2.390072962558835,3.592114294505898,3.9099603032070505,4.6362180445356795,3.714501044677247,3.9293897789659566
canonical_pid_replay_segment_gap_v2,1.0,1.4,0.75,1.2,kp1_ki1.4_kd0.75_ml1.2,2.7509980324397434,2.2854460522494366,2.3232441722610053,2.1748440742419803,1.5436046542261301,1.779077424620919,1.81019801042343,1.6741621227424381,2.390045180509555,3.5921136012703,3.909951752024891,4.636460352527012,3.7144560198894645,3.929371004730104
canonical_pid_replay_segment_gap_v2,1.0,1.4,0.25,1.2,kp1_ki1.4_kd0.25_ml1.2,2.751071184140382,2.2853061367932748,2.3239641507628206,2.1744668883890106,1.5441486626681966,1.7793505507480216,1.8105473679733315,1.6739563339265071,2.3900101246590277,3.5919813116238983,3.9099089130534423,4.63652291822865,3.7141844207030315,3.9295776142957624
canonical_pid_replay_segment_gap_v2,1.0,1.4,0.5,1.2,kp1_ki1.4_kd0.5_ml1.2,2.751085170327892,2.285837691928676,2.3241313426076844,2.1745836909902887,1.5439704312873153,1.7793336812753509,1.8103994577287346,1.6735124780044692,2.390044022502464,3.5920821871690674,3.909921089663222,4.636522683987718,3.7143017891800354,3.929466667937568
canonical_pid_replay_segment_gap_v2,1.0,1.4,0.0,1.2,kp1_ki1.4_kd0_ml1.2,2.751161908272122,2.2855452854087583,2.323982204625105,2.1747105428321944,1.5443227933795856,1.779238881556027,1.8106019737897014,1.6746630702252858,2.3899608288475633,3.592075860821494,3.9098953056101706,4.636329800980479,3.7141204754549135,3.9296577840063134
canonical_pid_replay_segment_gap_v2,1.0,1.2,1.0,1.2,kp1_ki1.2_kd1_ml1.2,2.751278533095923,2.2872684963037955,2.3243411662545177,2.176043100780139,1.5441992818302366,1.7787256429717082,1.8104330734177096,1.6731289579532058,2.3900663783943594,3.592131623720688,3.9099643962760946,4.636252813852177,3.7148042463551576,3.929261752137215
canonical_pid_replay_segment_gap_v2,1.0,1.2,0.75,1.2,kp1_ki1.2_kd0.75_ml1.2,2.7513343667736168,2.2874949941537652,2.3245490249828764,2.1759266631348635,1.5440989833179601,1.7786954421328556,1.8103146392548701,1.6736600348927635,2.390052276425339,3.5921864097510205,3.9099223829233183,4.636461479824853,3.71464184509701,3.92934259216552
canonical_pid_replay_segment_gap_v2,1.0,1.2,0.5,1.2,kp1_ki1.2_kd0.5_ml1.2,2.751370569529972,2.2873862720533196,2.324795747542088,2.175119892606487,1.5443067663040544,1.7793255095258875,1.8105135795926692,1.6739753415027236,2.3900540434027135,3.592103727652374,3.9099012407302705,4.6364845900289815,3.7144072385933633,3.9294434543547037
canonical_pid_replay_segment_gap_v2,1.0,1.2,0.0,1.2,kp1_ki1.2_kd0_ml1.2,2.7513729026238627,2.2868413722941847,2.324580953036705,2.175676302048195,1.5447046246289693,1.7793411011835634,1.8107477884005145,1.6740667793396817,2.3899707210390235,3.5919195464737683,3.909890117370954,4.636186173415014,3.7142778397683878,3.92964441511125
canonical_pid_replay_segment_gap_v2,1.0,1.2,0.25,1.2,kp1_ki1.2_kd0.25_ml1.2,2.751392845773228,2.2869267211778053,2.3243930150362258,2.1757921265780285,1.544631977500946,1.7792841020052792,1.810982315499445,1.673834135915097,2.3900151497754414,3.592024372765044,3.909887118145774,4.636478200961242,3.7143034706360094,3.9295542890556217
canonical_pid_replay_segment_gap_v2,1.0,1.0,1.0,1.2,kp1_ki1_kd1_ml1.2,2.7515843831273874,2.2889847691972744,2.324728952751595,2.1771018133942164,1.5446216718242638,1.7787711601581278,1.810427268988582,1.6733305212201433,2.390052957075648,3.5921111552708105,3.909890808098073,4.636361580981434,3.7150112542769076,3.9292030674189586
canonical_pid_replay_segment_gap_v2,1.0,1.0,0.25,1.2,kp1_ki1_kd0.25_ml1.2,2.751593281028011,2.288436301924581,2.325531286343156,2.176219938907585,1.5450254926051559,1.7791135050867453,1.810986589927377,1.673420202315139,2.390017966212277,3.591937938062689,3.9098567025386095,4.636266714174402,3.714365927707647,3.9295340875587783
canonical_pid_replay_segment_gap_v2,1.0,1.0,0.75,1.2,kp1_ki1_kd0.75_ml1.2,2.7516376837838914,2.289179825064203,2.3251482985593444,2.1768072825261693,1.5446383560051853,1.778732946313455,1.8106710697662394,1.6735123533241891,2.3900431585578694,3.5921993498521907,3.909917791266782,4.6363722952434685,3.714742357917233,3.929324804794264
canonical_pid_replay_segment_gap_v2,1.0,1.0,0.0,1.2,kp1_ki1_kd0_ml1.2,2.751645355672381,2.2887366227899517,2.325466431751672,2.1766652901989256,1.5451636936343698,1.7793694116285064,1.8108539434421898,1.6736783387676224,2.3899768813807727,3.591542562379923,3.909799744901882,4.636179828633196,3.7143315368137775,3.929625337418166
canonical_pid_replay_segment_gap_v2,1.0,1.0,0.5,1.2,kp1_ki1_kd0.5_ml1.2,2.751653675795817,2.288812098498759,2.325452017014827,2.176004879461784,1.5449063077679535,1.7792133320524737,1.8108458565048693,1.6738096717215425,2.3900549672952494,3.592163640016018,3.909898630576477,4.636370111046019,3.714549022241871,3.929417251147774
canonical_pid_replay_segment_gap_v2,1.0,0.8,1.0,1.2,kp1_ki0.8_kd1_ml1.2,2.751824974545469,2.2906579880444315,2.325571478891025,2.177977233006795,1.5451599743963078,1.7786068692658539,1.8105313342340608,1.6727837049798542,2.3900205091108173,3.5920598813095785,3.909784170010056,4.636333699884682,3.715033985330409,3.9292038406272276
canonical_pid_replay_segment_gap_v2,1.0,0.8,0.5,1.2,kp1_ki0.8_kd0.5_ml1.2,2.7518606806412267,2.2901316482923697,2.326166371401293,2.1772207550184963,1.5452950640828613,1.7788132463398856,1.810832907320074,1.6737165452661709,2.390050500345883,3.5918992030649393,3.9098597982793404,4.6362901986392675,3.714556592226126,3.929356018059248
canonical_pid_replay_segment_gap_v2,1.0,0.8,0.75,1.2,kp1_ki0.8_kd0.75_ml1.2,2.751869247109213,2.290483228168935,2.325514316737873,2.1774220307285526,1.5452340678889884,1.7788166338756302,1.8111067414084026,1.6731011694182003,2.390055203462143,3.5921514284081346,3.9098540002446023,4.636503494385425,3.7147535232828424,3.9293043744100413
canonical_pid_replay_segment_gap_v2,1.0,0.8,0.25,1.2,kp1_ki0.8_kd0.25_ml1.2,2.7518770866560334,2.2905540265571767,2.3257551811784256,2.1775664904121084,1.545737150536955,1.778823010540371,1.8108822408804428,1.6736748927829372,2.390022639873211,3.591574267663555,3.9098402033040625,4.6362302191734654,3.714351087258972,3.9293907163667554
canonical_pid_replay_segment_gap_v2,1.0,0.8,0.0,1.2,kp1_ki0.8_kd0_ml1.2,2.7519004390578323,2.2903539238631,2.325993767758115,2.1775420887305565,1.5453408492463574,1.7790736637437201,1.8113961317839553,1.6740838101320052,2.389977491330224,3.5913568913392298,3.909840953701149,4.636202670715175,3.7141359711302626,3.9294074942779713
canonical_pid_replay_segment_gap_v2,1.0,0.6,0.25,1.2,kp1_ki0.6_kd0.25_ml1.2,2.7520421211946844,2.291810545188488,2.3265438689763536,2.177893429442423,1.5459380460772476,1.7787280757678754,1.8111761618654756,1.6736015426477546,2.3900086115968233,3.591305259956801,3.9098240254539114,4.636261067773063,3.7142467347822756,3.929210206002407
canonical_pid_replay_segment_gap_v2,1.0,0.6,0.5,1.2,kp1_ki0.6_kd0.5_ml1.2,2.7521473326216173,2.2924577884031776,2.3267672164653646,2.1781788793563486,1.5458366257150862,1.7786266852687926,1.8112326289263267,1.67334102802284,2.3900203403431384,3.5916992932243432,3.9098415913407325,4.636293666361769,3.7144570708127915,3.929162509840303
canonical_pid_replay_segment_gap_v2,1.0,0.6,1.0,1.2,kp1_ki0.6_kd1_ml1.2,2.7521533080839973,2.2922491334751847,2.3263185226093386,2.1789341327643057,1.545783112649632,1.7783075999132703,1.8109325394588967,1.6732250507144044,2.3899977153120466,3.5920082581624477,3.9095797965787966,4.636489059756388,3.7150753712165994,3.9290927124806543
canonical_pid_replay_segment_gap_v2,1.0,0.6,0.75,1.2,kp1_ki0.6_kd0.75_ml1.2,2.752175388632309,2.292475914952052,2.326433686141537,2.178448935087569,1.5456707004550623,1.7786729865151212,1.8113002301448242,1.6731911303812865,2.390033385940892,3.5918040841343806,3.9098362484187663,4.63660752816086,3.714690688041134,3.9291145338465268
canonical_pid_replay_segment_gap_v2,1.0,0.6,0.0,1.2,kp1_ki0.6_kd0_ml1.2,2.7521840305299508,2.2920443490357,2.3270065290712494,2.178682014741736,1.5459373609791722,1.7790674755761202,1.8112248326484905,1.6738800758632173,2.3899504573754125,3.5911996345778765,3.909813468464756,4.636223436529479,3.7140824033875535,3.9292803586386
canonical_pid_replay_segment_gap_v2,1.0,0.4,0.25,1.2,kp1_ki0.4_kd0.25_ml1.2,2.7523693488833327,2.2938026277574166,2.3273347879553046,2.1791538045231533,1.546524407773241,1.7785898562708002,1.8114326404344723,1.6735154391605693,2.389994797279208,3.5912304232591126,3.9097460330738874,4.636299339312287,3.714104347410062,3.929073031273816
canonical_pid_replay_segment_gap_v2,1.0,0.4,0.5,1.2,kp1_ki0.4_kd0.5_ml1.2,2.7524126992663938,2.2940726124505675,2.3274437447880296,2.179084127885815,1.5463672196241791,1.7785062229205595,1.8115014397004294,1.6736103767956265,2.3900090020373597,3.591495636579746,3.90965516219614,4.636344407920789,3.7142022915647472,3.929072845999128
canonical_pid_replay_segment_gap_v2,1.0,0.4,0.75,1.2,kp1_ki0.4_kd0.75_ml1.2,2.7524363382767203,2.294048064676583,2.3271871457422852,2.1798317757849337,1.546266554615246,1.778425994176514,1.811423588833259,1.672905618662358,2.390031208006734,3.591691315233233,3.9097957953064815,4.636701099135045,3.7143702756410737,3.928993961783616
canonical_pid_replay_segment_gap_v2,1.0,0.4,1.0,1.2,kp1_ki0.4_kd1_ml1.2,2.752465841827454,2.294274851446596,2.3271390719285496,2.1798714280053537,1.5463137960489857,1.778269487076148,1.811302339679622,1.6730166027538032,2.389984130826283,3.591974849913267,3.90973250400651,4.636572365069181,3.714667646884886,3.9289368701177154
canonical_pid_replay_segment_gap_v2,1.0,0.4,0.0,1.2,kp1_ki0.4_kd0_ml1.2,2.752494845517511,2.293948806032947,2.3277091639943106,2.179825519791983,1.5463128276220086,1.7789104355473253,1.8115406480389324,1.673703317767526,2.3899414394725667,3.591314188832699,3.9098298802358387,4.6364617100166345,3.7138693354445693,3.9290657189303047
canonical_pid_replay_segment_gap_v2,0.8,1.4,1.0,1.2,kp0.8_ki1.4_kd1_ml1.2,2.7554794660748407,2.3003222391531666,2.3381066408888795,2.1916415657498516,1.5557282745611003,1.7784312678242575,1.8146262094126175,1.6726872936097692,2.389919410638553,3.591553520286008,3.90947765090014,4.636091023349683,3.7143072220157176,3.9283407405831867
canonical_pid_replay_segment_gap_v2,0.8,1.4,0.75,1.2,kp0.8_ki1.4_kd0.75_ml1.2,2.7555277073079796,2.300252961779748,2.3382574059955648,2.1912628296631635,1.5557728363696146,1.7784387466081615,1.8151043504114945,1.6725962867526134,2.389910899753296,3.5917062029456424,3.909685182515369,4.636431608479537,3.714054942907595,3.9283859408219395
canonical_pid_replay_segment_gap_v2,0.8,1.4,0.25,1.2,kp0.8_ki1.4_kd0.25_ml1.2,2.7555715488110173,2.300054158247613,2.3389212240408725,2.1909938679255765,1.55565860898031,1.7787183690961748,1.8154850499931214,1.673012387306266,2.389892234238848,3.59175300663224,3.909575901958814,4.636137661930356,3.7137421462560063,3.9284855179370326
canonical_pid_replay_segment_gap_v2,0.8,1.4,0.5,1.2,kp0.8_ki1.4_kd0.5_ml1.2,2.755574600590189,2.3003609304102075,2.3387385648614023,2.1911234950425964,1.5556022237500837,1.7783393512359311,1.815642587114257,1.672787561406323,2.389915498453403,3.591823815694717,3.9097169682071464,4.636124315356306,3.7138592826733476,3.9284352134667357
canonical_pid_replay_segment_gap_v2,0.8,1.4,0.0,1.2,kp0.8_ki1.4_kd0_ml1.2,2.7555888943188096,2.2998162862475273,2.3388276098672076,2.191202410989329,1.556005233156121,1.77896553407554,1.8152518098802197,1.6731934348386364,2.389862954711581,3.5918372414568016,3.9095309316151385,4.635989000666719,3.713621412277132,3.9285517663625753
canonical_pid_replay_segment_gap_v2,0.8,1.2,0.5,1.2,kp0.8_ki1.2_kd0.5_ml1.2,2.7558427524954725,2.3025606462931867,2.339600377761624,2.1921936002294893,1.5563301130639877,1.7782757415638102,1.815623863360311,1.6725451996956944,2.389891930743374,3.591645085377585,3.9095978749395304,4.636110632914941,3.7132073622657216,3.9283733542318906
canonical_pid_replay_segment_gap_v2,0.8,1.2,1.0,1.2,kp0.8_ki1.2_kd1_ml1.2,2.7558594240845404,2.3026291715968306,2.338995950043584,2.1929615065851515,1.5564527775559072,1.7783395255999574,1.8152290623370886,1.6728381345211527,2.389892565681503,3.591485040318003,3.909298446378262,4.636172707656395,3.7135864752028858,3.9282911496223005
canonical_pid_replay_segment_gap_v2,0.8,1.2,0.75,1.2,kp0.8_ki1.2_kd0.75_ml1.2,2.7558747600789597,2.3026242549320552,2.339013809640722,2.1926110331182285,1.5565386309118179,1.7781078190423412,1.8154959437304916,1.672718284569651,2.389915369436735,3.591530612898182,3.909412604446675,4.636675518165212,3.7133978491204367,3.9283301510139252
canonical_pid_replay_segment_gap_v2,0.8,1.2,0.25,1.2,kp0.8_ki1.2_kd0.25_ml1.2,2.7559157617163406,2.3026040381302777,2.339804846776594,2.192016369976172,1.5563095447941355,1.7785221908598092,1.8158445349526977,1.6727662977565434,2.3898834422099067,3.5916825063388664,3.909608388909232,4.636172299738134,3.713269832228597,3.9284206096414658
canonical_pid_replay_segment_gap_v2,0.8,1.2,0.0,1.2,kp0.8_ki1.2_kd0_ml1.2,2.7559665449862467,2.3021895054015613,2.33970739950306,2.192447902845601,1.5566797773085168,1.7786503153449562,1.81584704947817,1.6732230307342306,2.3898545801719036,3.5917083111727486,3.9094106049321247,4.636099214716143,3.713266896151989,3.928480497060208
canonical_pid_replay_segment_gap_v2,0.8,1.0,1.0,1.2,kp0.8_ki1_kd1_ml1.2,2.756126021992778,2.3048932584926005,2.3397766057572555,2.193938006102321,1.5571884498183175,1.7780303012216112,1.8155103144118676,1.6724726561946701,2.3898920448960865,3.5913361406453554,3.909213543866164,4.636060051682311,3.713097708165865,3.9282292046516925
canonical_pid_replay_segment_gap_v2,0.8,1.0,0.75,1.2,kp0.8_ki1_kd0.75_ml1.2,2.756126444855991,2.304992130831273,2.3398187502458883,2.193654160992734,1.5572031633945818,1.777883122492998,1.8156998362149046,1.6725672003880232,2.38989805365504,3.591341993985022,3.9092792799821807,4.636489277573297,3.7125485138298173,3.9282682995421254
canonical_pid_replay_segment_gap_v2,0.8,1.0,0.5,1.2,kp0.8_ki1_kd0.5_ml1.2,2.756178168136251,2.304922336192837,2.340251827630419,2.193816221736928,1.5571651553624237,1.777921217380591,1.8159574445315305,1.6727045879873579,2.3898854927411497,3.5914428680135053,3.9092439431949653,4.6361195657092615,3.7125766431871554,3.9283088821031362
canonical_pid_replay_segment_gap_v2,0.8,1.0,0.25,1.2,kp0.8_ki1_kd0.25_ml1.2,2.756215411723874,2.304826019773531,2.3404197329943752,2.193378996069558,1.5570213599998386,1.7781543314490105,1.816142117959336,1.6729751515205271,2.389873355547428,3.591346806716599,3.909638899273599,4.636126224489914,3.712536460156651,3.9283608964599956
canonical_pid_replay_segment_gap_v2,0.8,1.0,0.0,1.2,kp0.8_ki1_kd0_ml1.2,2.75629407366389,2.304837563814117,2.3403016072591,2.193626670398023,1.557442824773857,1.7782547697028332,1.8164018728073363,1.6729878730136767,2.389842308779092,3.5914424843542228,3.9094239439383522,4.636283995821155,3.7125644506039586,3.92841259236484
canonical_pid_replay_segment_gap_v2,0.8,0.8,0.75,1.2,kp0.8_ki0.8_kd0.75_ml1.2,2.7565339420923225,2.307456903286296,2.3409268801850933,2.1949967108929207,1.5579441961716507,1.7780591006788231,1.8162176998984652,1.67252595144304,2.389885349503826,3.591193619815545,3.9092628837054106,4.6363601663259315,3.711904755278417,3.928207030014774
canonical_pid_replay_segment_gap_v2,0.8,0.8,1.0,1.2,kp0.8_ki0.8_kd1_ml1.2,2.7565432787161037,2.307468305289261,2.3408192241621792,2.195452274859805,1.5579079897076245,1.778194384705279,1.815894677688223,1.6726713793050976,2.3898659792911445,3.5911779081217645,3.90921369820515,4.635952897013808,3.712285679176862,3.928158225783146
canonical_pid_replay_segment_gap_v2,0.8,0.8,0.25,1.2,kp0.8_ki0.8_kd0.25_ml1.2,2.7565720204248043,2.3073537290446926,2.341313398745894,2.194629729321403,1.5577325620322038,1.7782214192360126,1.8164969092902143,1.6726893582858973,2.3898610831195115,3.591141550458303,3.9094319999338034,4.636282033804956,3.7119816018351615,3.928300890414395
canonical_pid_replay_segment_gap_v2,0.8,0.8,0.5,1.2,kp0.8_ki0.8_kd0.5_ml1.2,2.7566058563741036,2.307505722147705,2.341112657298739,2.1950571056359847,1.557873995184715,1.7780794554631332,1.8163896832613176,1.672748395518662,2.3898686840907435,3.591308071477924,3.9092457838125547,4.636264429339633,3.7121699386596005,3.9282522109726394
canonical_pid_replay_segment_gap_v2,0.8,0.8,0.0,1.2,kp0.8_ki0.8_kd0_ml1.2,2.7566561313902755,2.3075701265064414,2.3411540345703936,2.1947501222249595,1.558114956932507,1.7782434716838056,1.8168078554896636,1.6726213617439132,2.3898297854289123,3.5912133224490757,3.909473481801303,4.636472410427069,3.711927649621639,3.9283511291939064
canonical_pid_replay_segment_gap_v2,0.8,0.6,1.0,1.2,kp0.8_ki0.6_kd1_ml1.2,2.7568876466108,2.310127592648072,2.3419094261590527,2.1967941766817973,1.5586953898771307,1.7781882576446713,1.8165885105478992,1.6722650127024477,2.389853037916772,3.5910346078390507,3.9092573388569654,4.635855546775516,3.710849818678535,3.928120689612491
canonical_pid_replay_segment_gap_v2,0.8,0.6,0.5,1.2,kp0.8_ki0.6_kd0.5_ml1.2,2.756911685229981,2.3102205108971696,2.3418601861800963,2.196306043281933,1.5585899107565429,1.7781770404052162,1.8169071582947993,1.6722589386219588,2.3898692177145926,3.591097474879542,3.9092875118589028,4.636419765010074,3.7106424003963707,3.9282157496925567
canonical_pid_replay_segment_gap_v2,0.8,0.6,0.75,1.2,kp0.8_ki0.6_kd0.75_ml1.2,2.756935911580789,2.310152936768551,2.3420118314462965,2.1964544461090196,1.5587453988274476,1.7781198324433152,1.8166141566252065,1.6724409269362885,2.389874772242714,3.5910372403278203,3.909257786187894,4.636273196088385,3.7110248798049956,3.9281594467423204
canonical_pid_replay_segment_gap_v2,0.8,0.6,0.25,1.2,kp0.8_ki0.6_kd0.25_ml1.2,2.7570058046043355,2.3100982824056815,2.3423621378868957,2.196118354854879,1.5584464865214984,1.7784221261465294,1.8169325531084883,1.6722865707617214,2.3898475078956296,3.590865401742969,3.9093620427885476,4.636526842237886,3.7115356180691297,3.928271535436508
canonical_pid_replay_segment_gap_v2,0.8,0.6,0.0,1.2,kp0.8_ki0.6_kd0_ml1.2,2.7570875811262203,2.310163657930597,2.34221497302997,2.1962349712387046,1.5587342172138614,1.778369764270753,1.8169442960643145,1.6729846958184476,2.3898173496169,3.5909602206470246,3.9095345562267707,4.636483679029313,3.711393252724927,3.928302920829276
canonical_pid_replay_segment_gap_v2,0.8,0.4,1.0,1.2,kp0.8_ki0.4_kd1_ml1.2,2.7573835865915015,2.3129386723219696,2.342917758745533,2.198342328107709,1.5593605622398659,1.7782695825221608,1.8169827413074362,1.6722563899432128,2.3898424905096864,3.5909548079368734,3.9092858728733866,4.635759534570318,3.710965937362251,3.928109947249117
canonical_pid_replay_segment_gap_v2,0.8,0.4,0.75,1.2,kp0.8_ki0.4_kd0.75_ml1.2,2.7573871263139185,2.312814429383749,2.343161512085931,2.198001564751902,1.5594954191769528,1.7780287231593215,1.817194214453463,1.672346496129489,2.3898652414062913,3.5909394579370026,3.9093055392550884,4.63619720422234,3.710537843188508,3.9281449969309072
canonical_pid_replay_segment_gap_v2,0.8,0.4,0.5,1.2,kp0.8_ki0.4_kd0.5_ml1.2,2.7574057728969197,2.312886414136585,2.3428678199219344,2.1982705533837352,1.5594080838065318,1.7781692591076679,1.8173753877839414,1.6721757532202812,2.3898348716988593,3.5907666876815756,3.9093237445649875,4.63651702597734,3.710484426859266,3.9281950195172475
canonical_pid_replay_segment_gap_v2,0.8,0.4,0.0,1.2,kp0.8_ki0.4_kd0_ml1.2,2.757531075956703,2.3129237383213184,2.3432951352220046,2.197985631699939,1.5595582996196617,1.77851831844273,1.8174757153274228,1.6728016385435758,2.3898066902025827,3.5907416004414885,3.909408097978124,4.6362708613957855,3.710910131766447,3.9282081284760544
canonical_pid_replay_segment_gap_v2,0.8,0.4,0.25,1.2,kp0.8_ki0.4_kd0.25_ml1.2,2.757541601196036,2.313033226223872,2.343418668385057,2.197848232005295,1.5592572863993863,1.7784750775718419,1.8173975355878103,1.67259752986147,2.389818911699828,3.5907466802753607,3.909460550805664,4.636784090636936,3.71096448334326,3.928238542752686
canonical_pid_replay_segment_gap_v2,0.6,1.4,1.0,1.2,kp0.6_ki1.4_kd1_ml1.2,2.7625310089690385,2.3220635960623066,2.3604091276227037,2.2161791424539747,1.5738308893770068,1.7781299398381274,1.8269912287021774,1.671722674335695,2.3897884114320065,3.591074038327814,3.9093080026998517,4.635591545433563,3.7106447455005185,3.9271697748117522
canonical_pid_replay_segment_gap_v2,0.6,1.4,0.25,1.2,kp0.6_ki1.4_kd0.25_ml1.2,2.76253729961089,2.3218709757040608,2.360809980925157,2.216127243493228,1.5738285607689935,1.7779372534215707,1.8275076324186967,1.6719542112550985,2.389825659519806,3.590872689026131,3.9091479049901143,4.636030342135303,3.7098866141384987,3.9271858271449123
canonical_pid_replay_segment_gap_v2,0.6,1.4,0.5,1.2,kp0.6_ki1.4_kd0.5_ml1.2,2.7625457230254615,2.3219650431281402,2.3605995513650817,2.2159525063939864,1.5739671613211497,1.777973088468439,1.827534306414579,1.6718511593050405,2.389797894681389,3.590957220930487,3.9091711565661935,4.636314219855905,3.7098124557893963,3.9271986351112087
canonical_pid_replay_segment_gap_v2,0.6,1.4,0.75,1.2,kp0.6_ki1.4_kd0.75_ml1.2,2.7625592795708966,2.3219633118124743,2.3604966269217056,2.216176219539878,1.573865980144585,1.7780501945500395,1.827225722133992,1.671932864028004,2.3897875069787227,3.590954354969482,3.9092050970582637,4.6359296721646155,3.710500205428398,3.9271828786914953
canonical_pid_replay_segment_gap_v2,0.6,1.4,0.0,1.2,kp0.6_ki1.4_kd0_ml1.2,2.7626057054549316,2.3218768746112017,2.360846707243987,2.2160321062354362,1.5737918643267612,1.7778740863132,1.8273082883343463,1.6720767054612609,2.3898406021721867,3.590942094204466,3.9091650114948906,4.636263697405435,3.7106945205966,3.927161612514339
canonical_pid_replay_segment_gap_v2,0.6,1.2,0.0,1.2,kp0.6_ki1.2_kd0_ml1.2,2.7631950871820505,2.325391242605989,2.3624348881681585,2.2179726685735264,1.5748617585779126,1.7779125031665182,1.828325766179116,1.672065036749692,2.3898370130292435,3.590714361712459,3.9091377182318277,4.63601013276435,3.7097535036960174,3.9271195399118497
canonical_pid_replay_segment_gap_v2,0.6,1.2,0.75,1.2,kp0.6_ki1.2_kd0.75_ml1.2,2.763246422778124,2.325550465353064,2.361994557200961,2.2180953544690873,1.5748039919697094,1.778106485881489,1.8281952542905902,1.6717901080439688,2.3897855137315798,3.5907269249413107,3.909147072552969,4.635838012525519,3.711023480526425,3.927146274628939
canonical_pid_replay_segment_gap_v2,0.6,1.2,1.0,1.2,kp0.6_ki1.2_kd1_ml1.2,2.7632517494363062,2.3255995453186613,2.361924724843633,2.218188630227697,1.574873949174808,1.7781346567787455,1.8279224064607111,1.6716291135606909,2.389791146525952,3.590776565606866,3.909328689315131,4.635722199325666,3.711224386572559,3.9271567289608544
canonical_pid_replay_segment_gap_v2,0.6,1.2,0.25,1.2,kp0.6_ki1.2_kd0.25_ml1.2,2.763253656476564,2.325442292664285,2.3623200098366333,2.2180359589461016,1.5748992854789021,1.7779410092119976,1.8285615875202665,1.6718424936986922,2.389825107983569,3.5906833382310874,3.909090371346391,4.636326064084507,3.7102026472559384,3.9271273679369636
canonical_pid_replay_segment_gap_v2,0.6,1.2,0.5,1.2,kp0.6_ki1.2_kd0.5_ml1.2,2.7632905172313467,2.3255136290063154,2.3621171058021786,2.217975373102378,1.5750205904717873,1.7780015370585118,1.8285016978765372,1.6718650238175778,2.3897958304546676,3.5907383725161885,3.9091056040370837,4.636235270151338,3.7107704711599134,3.9271362185530307
canonical_pid_replay_segment_gap_v2,0.6,1.0,0.0,1.2,kp0.6_ki1_kd0_ml1.2,2.763971085958175,2.3291932181636095,2.3640981420244667,2.2199511819493254,1.5759900375873164,1.7780540384771226,1.829400047420318,1.6719872744034114,2.389833438282722,3.5906325442749356,3.909055837675421,4.635671830011189,3.7104066345624633,3.927349892623972
canonical_pid_replay_segment_gap_v2,0.6,1.0,0.75,1.2,kp0.6_ki1_kd0.75_ml1.2,2.763976525748249,2.3292965772303784,2.363569581950198,2.2201700196768703,1.5759136497444954,1.778201071822714,1.8291838160263367,1.6716464763585404,2.3897828359722357,3.5906905240511873,3.90911803059169,4.635739130268486,3.711009305198502,3.927373815835607
canonical_pid_replay_segment_gap_v2,0.6,1.0,1.0,1.2,kp0.6_ki1_kd1_ml1.2,2.7640054227120183,2.3293530309240693,2.363482472398033,2.2202516977094264,1.5759103661595084,1.7782990890557446,1.8289517543237228,1.6714543020699386,2.3897926097945335,3.5907234528866994,3.9093236781306486,4.635854989836902,3.711291752143847,3.9273812998231676
canonical_pid_replay_segment_gap_v2,0.6,1.0,0.5,1.2,kp0.6_ki1_kd0.5_ml1.2,2.7640243433650906,2.3292628994728912,2.3636878304429625,2.220096275557665,1.576101965041086,1.7781606223035749,1.829489468643106,1.6717717025208696,2.3897911217435004,3.59067567998845,3.909076157138976,4.636178415008847,3.7106572118742527,3.92736711401
canonical_pid_replay_segment_gap_v2,0.6,1.0,0.25,1.2,kp0.6_ki1_kd0.25_ml1.2,2.764060393532601,2.3292559789379617,2.3638999022803433,2.220060193245847,1.5760557592850528,1.7780633225049811,1.829642409631969,1.6718869692702227,2.3898223750553016,3.590642821103445,3.9090553624654745,4.636402439645377,3.7106366601210268,3.9273609223768156
canonical_pid_replay_segment_gap_v2,0.6,0.8,0.0,1.2,kp0.6_ki0.8_kd0_ml1.2,2.7647253769997557,2.3331908361572893,2.365746826928368,2.2220523732794866,1.5771024276061196,1.7780606819870506,1.8305322068819299,1.6719368555660727,2.3898289550810787,3.590600081491725,3.9090408481086745,4.635405611772907,3.710527346094473,3.927404850041644
canonical_pid_replay_segment_gap_v2,0.6,0.8,0.75,1.2,kp0.6_ki0.8_kd0.75_ml1.2,2.7647501659819933,2.333282468535571,2.3651919731712967,2.22234032859001,1.5770303906194094,1.7783471074781971,1.8302400384103163,1.6715693018666504,2.3897793759668158,3.590640898941423,3.9091069083567,4.635797884110997,3.710989673325884,3.927435808392635
canonical_pid_replay_segment_gap_v2,0.6,0.8,1.0,1.2,kp0.6_ki0.8_kd1_ml1.2,2.7647721236601055,2.333345210608235,2.365135043499868,2.2223722719241503,1.5769551932151817,1.7784168183342757,1.8301232594208354,1.6713568688750113,2.3897926255336723,3.590648903174143,3.9092721151038083,4.635863645389825,3.7113086919095406,3.927446960592823
canonical_pid_replay_segment_gap_v2,0.6,0.8,0.5,1.2,kp0.6_ki0.8_kd0.5_ml1.2,2.7647824757700232,2.3332564416538992,2.3652932097473767,2.2221500923263213,1.5771418351707007,1.7783109028288384,1.8305921706741242,1.6716159262551678,2.389784520838731,3.590634814295843,3.909081881987156,4.6361424744348385,3.710743134713365,3.9274247800839373
canonical_pid_replay_segment_gap_v2,0.6,0.8,0.25,1.2,kp0.6_ki0.8_kd0.25_ml1.2,2.764809166765932,2.333243506135777,2.3655073605411956,2.2222668433855186,1.5772224849152738,1.7781318002855622,1.8306591220347201,1.6717040290372005,2.3898160814236267,3.59061689184647,3.9090448090814554,4.636315449172287,3.7105763230551756,3.9274144670428526
canonical_pid_replay_segment_gap_v2,0.6,0.6,0.0,1.2,kp0.6_ki0.6_kd0_ml1.2,2.7655268192730316,2.3374142841592875,2.367459324911406,2.2243101009271955,1.5782144077218618,1.7780887618144146,1.8317093829437578,1.6718633303042962,2.3898251799026946,3.590545531329566,3.9090409438404197,4.635363740712136,3.7105251677550997,3.927488494227269
canonical_pid_replay_segment_gap_v2,0.6,0.6,0.75,1.2,kp0.6_ki0.6_kd0.75_ml1.2,2.7655487155413607,2.3375350906178096,2.366775945335499,2.224582804895421,1.578155824853102,1.778338063377103,1.831414987018145,1.6714688603292078,2.389779499322156,3.5905800478090395,3.909116518983776,4.635806714174312,3.7110671960837993,3.927511749238319
canonical_pid_replay_segment_gap_v2,0.6,0.6,1.0,1.2,kp0.6_ki0.6_kd1_ml1.2,2.765570905587214,2.337596932519485,2.3668094558269983,2.224577696834542,1.5781128312493022,1.7784054523313515,1.8313067371900618,1.6713163539994442,2.389793756354111,3.5905817625229477,3.9092222225236903,4.635838328576644,3.7113394308240153,3.9275208118811893
canonical_pid_replay_segment_gap_v2,0.6,0.6,0.5,1.2,kp0.6_ki0.6_kd0.5_ml1.2,2.76557911399098,2.33751118439418,2.3669708447555404,2.224366569062886,1.5782597129236862,1.7782996376360518,1.8317459190977203,1.6714857323781658,2.3897835856910103,3.590570566019974,3.909091736661671,4.636085313374152,3.7108541593172064,3.92750352057049
canonical_pid_replay_segment_gap_v2,0.6,0.6,0.25,1.2,kp0.6_ki0.6_kd0.25_ml1.2,2.7655946890043186,2.337465369890037,2.3672291089863755,2.224484509305824,1.5783480074675198,1.7781482546872729,1.831788449986865,1.6716077688865667,2.389813839899323,3.590550998127783,3.909054963447342,4.636044430620054,3.710699086035008,3.9274961697161714
canonical_pid_replay_segment_gap_v2,0.6,0.4,0.75,1.2,kp0.6_ki0.4_kd0.75_ml1.2,2.76636249093953,2.3421156402876337,2.3687756493476413,2.226917227862763,1.5792810435697966,1.7782537232630908,1.8326556990117038,1.6713778688903969,2.3897825975586624,3.5905130793786473,3.9091223607722476,4.635770554994542,3.711219196950537,3.926927740326228
canonical_pid_replay_segment_gap_v2,0.6,0.4,1.0,1.2,kp0.6_ki0.4_kd1_ml1.2,2.7663733557435846,2.342163055058106,2.3688747845677818,2.2268825637475276,1.5792648213431084,1.7783423398943512,1.8324983813754834,1.6712730363664896,2.389797527517842,3.590518485793858,3.909135282076985,4.635799045155149,3.7114718479607345,3.9268324538091814
canonical_pid_replay_segment_gap_v2,0.6,0.4,0.0,1.2,kp0.6_ki0.4_kd0_ml1.2,2.7663772028727958,2.341956325263422,2.3694825889450204,2.226634018556643,1.5793997691341375,1.7780387687713415,1.8329327934881208,1.671816052554797,2.3898263922612593,3.5904770189139477,3.909039576969274,4.6355025663333995,3.7106458617962743,3.9271519043587095
canonical_pid_replay_segment_gap_v2,0.6,0.4,0.5,1.2,kp0.6_ki0.4_kd0.5_ml1.2,2.766389157298836,2.3420700271174812,2.368965209226307,2.2266176279563714,1.5793943234323973,1.7782804242942472,1.8329365231753831,1.671460625135832,2.3897835076475658,3.5905040710597493,3.909102670446915,4.635960577821564,3.710974130666486,3.9270093269045607
canonical_pid_replay_segment_gap_v2,0.6,0.4,0.25,1.2,kp0.6_ki0.4_kd0.25_ml1.2,2.7664037587461725,2.3420006948638488,2.3692393895923316,2.2268118635346212,1.5794978069317767,1.7780835032225457,1.8330400181462023,1.67157960757345,2.3898130517710516,3.590484247903561,3.9090702273474647,4.6357413288331974,3.7108055891515512,3.927081534828641
canonical_pid_replay_segment_gap_v2,0.4,1.4,0.5,1.2,kp0.4_ki1.4_kd0.5_ml1.2,2.775713079647157,2.3565775521665118,2.398660268984835,2.254896546368586,1.6022099242838204,1.7803794752956634,1.8560464576637006,1.6744963937898658,2.38994550352877,3.590499762570867,3.909224867386696,4.635661211357323,3.709964249341849,3.92570782267455
canonical_pid_replay_segment_gap_v2,0.4,1.4,0.75,1.2,kp0.4_ki1.4_kd0.75_ml1.2,2.775715337002519,2.356654250969373,2.3984941934132,2.254846308836777,1.6021851859214842,1.7806114912114903,1.8559981498467504,1.6741508779763323,2.3899671044633135,3.590480844855312,3.909247211377392,4.635771145546358,3.7102364329878785,3.9256561836270936
canonical_pid_replay_segment_gap_v2,0.4,1.4,0.0,1.2,kp0.4_ki1.4_kd0_ml1.2,2.77574131199273,2.356386172282431,2.3992595439201523,2.254761108752406,1.6022653798612623,1.78007158156821,1.856248673736457,1.6753323606039932,2.38995908395548,3.590518599906168,3.909175653751234,4.635128144578787,3.709722749820891,3.925808003168013
canonical_pid_replay_segment_gap_v2,0.4,1.4,1.0,1.2,kp0.4_ki1.4_kd1_ml1.2,2.775742502468254,2.356717823012112,2.3985787899403976,2.2551458193753677,1.6019597276584048,1.7805763396827003,1.856092024267318,1.6740015383607034,2.3899922329640724,3.590458238942942,3.909273581622093,4.6357272269625405,3.7105230133834106,3.925606175915241
canonical_pid_replay_segment_gap_v2,0.4,1.4,0.25,1.2,kp0.4_ki1.4_kd0.25_ml1.2,2.7757517832354184,2.356461067727024,2.398961116072661,2.2547822027587254,1.6022702795721246,1.7802410501887485,1.8561687743878996,1.6748440611107374,2.389956258757658,3.5905215393188974,3.909201260194878,4.635809478122276,3.709797721638393,3.9257583722104177
canonical_pid_replay_segment_gap_v2,0.4,1.2,0.5,1.2,kp0.4_ki1.2_kd0.5_ml1.2,2.7769091452803,2.362449908772748,2.401742374512084,2.2580080390476565,1.6038875849485883,1.7804396362164592,1.8579308833317711,1.6751552205937152,2.389966781530814,3.5904341759544756,3.909144717438444,4.635594051875969,3.7100380932455703,3.9250274211756033
canonical_pid_replay_segment_gap_v2,0.4,1.2,0.75,1.2,kp0.4_ki1.2_kd0.75_ml1.2,2.77691685394205,2.3625300370397757,2.40156792254853,2.25799496555027,1.6038342517818869,1.7806769393272244,1.8578742856659411,1.6748721612613853,2.389997955568161,3.5904184140774356,3.9091798539898392,4.635684000708581,3.7103341560015175,3.9249541577261007
canonical_pid_replay_segment_gap_v2,0.4,1.2,0.25,1.2,kp0.4_ki1.2_kd0.25_ml1.2,2.7769285537370365,2.3623539571486423,2.4020394795990443,2.257906437787487,1.6039393115899954,1.7803285244500175,1.8580109767471782,1.6755024531305889,2.3899729420954183,3.5904498996434384,3.9091425849597883,4.635475967405266,3.709841885263712,3.925106778760899
canonical_pid_replay_segment_gap_v2,0.4,1.2,0.0,1.2,kp0.4_ki1.2_kd0_ml1.2,2.776928598590046,2.362266641195856,2.4023321376798505,2.257878073935309,1.6039536837913875,1.7801802501525092,1.8580757923557532,1.6760117002226338,2.389979607006987,3.5904443545732825,3.909134883485456,4.6349055465584215,3.7097415033439254,3.9251676073692177
canonical_pid_replay_segment_gap_v2,0.4,1.2,1.0,1.2,kp0.4_ki1.2_kd1_ml1.2,2.7769595031592385,2.3625996789434542,2.4016450241494343,2.258245320599199,1.6036068763333624,1.780685286066836,1.8579513072503673,1.6748320032101869,2.390008457822957,3.590405330508006,3.9092046082488037,4.635744320009838,3.710627754705849,3.9249175732218142
canonical_pid_replay_segment_gap_v2,0.4,1.0,0.75,1.2,kp0.4_ki1_kd0.75_ml1.2,2.7780943612662727,2.368764510585577,2.4047296825791755,2.2612857127437564,1.605570631251749,1.7808940813010299,1.8597815580579333,1.6740515270270715,2.3900166854640195,3.590360972538654,3.9091207123082774,4.635132866473756,3.710444873080832,3.925072883049714
canonical_pid_replay_segment_gap_v2,0.4,1.0,1.0,1.2,kp0.4_ki1_kd1_ml1.2,2.7780949471754135,2.3687954997528293,2.404789456144339,2.261516028275784,1.6053567115095493,1.7803018958334904,1.8598770063382808,1.6740556307007723,2.390025368645519,3.5903585390951633,3.909173245533333,4.635187387878809,3.710716367108773,3.925081176463738
canonical_pid_replay_segment_gap_v2,0.4,1.0,0.5,1.2,kp0.4_ki1_kd0.5_ml1.2,2.7780978287358504,2.3687320200113864,2.4049073413054933,2.261264215650322,1.6056582199557587,1.780624368324272,1.859848300374721,1.6743827408242187,2.390001645557138,3.5903609604177507,3.909102829450683,4.635189886941292,3.7101322400971344,3.925067004655895
canonical_pid_replay_segment_gap_v2,0.4,1.0,0.25,1.2,kp0.4_ki1_kd0.25_ml1.2,2.7781975434572934,2.368672400901281,2.40519050601094,2.2611537476135557,1.6057049070010814,1.7805277150038161,1.8599039714985988,1.6763023903413796,2.389989439680515,3.590372004137587,3.9090565293946162,4.634809492642173,3.7098206675289993,3.9250642931902746
canonical_pid_replay_segment_gap_v2,0.4,1.0,0.0,1.2,kp0.4_ki1_kd0_ml1.2,2.7782051576682045,2.368613494687651,2.405485821964016,2.2611399271894483,1.6057376116121613,1.7804340064600306,1.8599081990573787,1.676798846581038,2.3899980521122814,3.590364351990935,3.9090354254411976,4.6343799341390755,3.709708463648727,3.9250629148027243
canonical_pid_replay_segment_gap_v2,0.4,0.8,0.25,1.2,kp0.4_ki0.8_kd0.25_ml1.2,2.779493498264153,2.375436364409837,2.408425823821388,2.2645542926505606,1.6075572251633303,1.780845574089912,1.8618658703119053,1.6757447125459797,2.390010199953279,3.590318076846261,3.9090333943102835,4.634469554526311,3.7099135833015975,3.925240805503345
canonical_pid_replay_segment_gap_v2,0.4,0.8,0.0,1.2,kp0.4_ki0.8_kd0_ml1.2,2.7795016396035614,2.375366741654679,2.4087186237250457,2.264549577679334,1.6075991928324849,1.7808091234000685,1.8618081301220244,1.6762767055190277,2.3900157813435814,3.5903128346492585,3.9090092132673875,4.634199751228025,3.709650917818152,3.9252047216072317
canonical_pid_replay_segment_gap_v2,0.4,0.8,0.5,1.2,kp0.4_ki0.8_kd0.5_ml1.2,2.7795128252539407,2.3754895717138105,2.4081353376458012,2.264659157598089,1.607504985957098,1.7809888497345483,1.8618181334226904,1.6753997270581802,2.3900360307641546,3.590313484700097,3.9090652447632013,4.634746783002622,3.7102300778961155,3.925279344044823
canonical_pid_replay_segment_gap_v2,0.4,0.8,0.75,1.2,kp0.4_ki0.8_kd0.75_ml1.2,2.779668793132152,2.375526380092428,2.40797489788634,2.264704779804222,1.6073910187837566,1.783184718603155,1.861694278097749,1.6751779125912354,2.390034867644301,3.5903114136397036,3.909077960103295,4.634756573501238,3.7105437474509873,3.9253157625195567
canonical_pid_replay_segment_gap_v2,0.4,0.8,1.0,1.2,kp0.4_ki0.8_kd1_ml1.2,2.7797243870071546,2.375535461584111,2.408042775194338,2.264951103643751,1.6071966475862178,1.7831743298334455,1.861832511481434,1.6752127018457548,2.3900445886224246,3.5903147781639753,3.9091079693024646,4.634828480688513,3.710824773077194,3.925350910069388
canonical_pid_replay_segment_gap_v2,0.4,0.6,0.0,1.2,kp0.4_ki0.6_kd0_ml1.2,2.7810505861062094,2.3826397416837644,2.411929879639571,2.26804960889505,1.6095900874492344,1.7815789220867544,1.8638497975929615,1.6776524372209403,2.390043698046158,3.590266337608208,3.9089522406351596,4.634123243868892,3.709711132460709,3.925270492193317
canonical_pid_replay_segment_gap_v2,0.4,0.6,0.25,1.2,kp0.4_ki0.6_kd0.25_ml1.2,2.7811061601107343,2.38271367266494,2.411614169450504,2.2680632384850905,1.6095282981647874,1.782453210213984,1.8638768225297777,1.6771649003184554,2.390057290055197,3.5902658443118,3.908964252061306,4.634359907504277,3.710015127386946,3.9253033482924775
canonical_pid_replay_segment_gap_v2,0.4,0.6,1.0,1.2,kp0.4_ki0.6_kd1_ml1.2,2.7811160341489365,2.3828687418857095,2.4111475151631967,2.268478496471101,1.6091374700513457,1.782050890403201,1.8638730806944457,1.676806492587497,2.390079137481751,3.590278255205346,3.9090099699129817,4.634575306728266,3.710939873140886,3.925263214210446
canonical_pid_replay_segment_gap_v2,0.4,0.6,0.5,1.2,kp0.4_ki0.6_kd0.5_ml1.2,2.7811218623042473,2.382764095916288,2.411310376601224,2.2681678303626196,1.609456593412255,1.7826256372286682,1.8638454547831325,1.6769296451906055,2.390069371623483,3.5902702413888563,3.9089649616780746,4.6345423210778,3.710337392920754,3.9253002877714565
canonical_pid_replay_segment_gap_v2,0.4,0.6,0.75,1.2,kp0.4_ki0.6_kd0.75_ml1.2,2.781131021548643,2.3828181665164867,2.4111451093332144,2.268228463821811,1.6093170135584467,1.7828800492513197,1.8637469702314469,1.6767545708687084,2.390069300222674,3.5902719075651803,3.908966667744604,4.63458080636372,3.710634389046439,3.925289865608304
canonical_pid_replay_segment_gap_v2,0.4,0.4,0.5,1.2,kp0.4_ki0.4_kd0.5_ml1.2,2.7825081228956874,2.3907485478776205,2.414814658217791,2.271827157701224,1.611519073001019,1.782924639636296,1.865992300017041,1.6758699703211228,2.390113581030512,3.5902076340317635,3.908953270382934,4.634449678819675,3.710428429418629,3.9247566571883077
canonical_pid_replay_segment_gap_v2,0.4,0.4,0.75,1.2,kp0.4_ki0.4_kd0.75_ml1.2,2.7825267423082725,2.390784875181424,2.4146636631077922,2.2718845273247057,1.6113701622761132,1.783172301974883,1.8659299920213126,1.6757627897298664,2.390112292989306,3.590213397382693,3.9089776172981914,4.634498956804194,3.7107344933185153,3.924742580598549
canonical_pid_replay_segment_gap_v2,0.4,0.4,1.0,1.2,kp0.4_ki0.4_kd1_ml1.2,2.7825520855376444,2.390850720316853,2.414641761168034,2.272160469218059,1.6111950522551595,1.7828161473413437,1.8660408774044326,1.6758213856727597,2.390121923443998,3.590229904620801,3.909014360025935,4.634551705611481,3.7110093497127004,3.9247234551978223
canonical_pid_replay_segment_gap_v2,0.4,0.4,0.25,1.2,kp0.4_ki0.4_kd0.25_ml1.2,2.7826962036009855,2.3906975353113182,2.415086503302754,2.2717451990376656,1.611597733564996,1.7824342632428738,1.8660319196935997,1.6789530928716865,2.390114670551309,3.590201049915089,3.9089349161490254,4.634355363181981,3.7101280467284568,3.924770353262058
canonical_pid_replay_segment_gap_v2,0.4,0.4,0.0,1.2,kp0.4_ki0.4_kd0_ml1.2,2.782712492713635,2.3906224496965804,2.41537467636847,2.271713419984668,1.6116663705493928,1.7824600952526028,1.866023335434121,1.6793509817794892,2.3900938053707814,3.590202268296098,3.908941042033954,4.634219131876954,3.709810844532106,3.9247839841020316
canonical_pid_replay_segment_gap_v2,1.6,1.2,1.0,1.0,kp1.6_ki1.2_kd1_ml1,2.81762279005949,2.326746902098852,2.3845676809191008,2.233003950751186,1.610036536030855,1.8912250475018677,1.9039680545908395,1.7650465913681164,2.480079354266049,3.6822596123669675,3.9934100394671623,4.664094915675103,3.7401877565051613,3.9544698292321083
canonical_pid_replay_segment_gap_v2,1.6,1.2,0.75,1.0,kp1.6_ki1.2_kd0.75_ml1,2.8177170586421547,2.3274261878891958,2.3842302342458375,2.2326368016336584,1.6105967351810782,1.891211786627882,1.9037729769655287,1.765449572539417,2.4800999164583653,3.6821185913634342,3.9934299485167024,4.664026800418494,3.740385131750665,3.9549370787577516
canonical_pid_replay_segment_gap_v2,1.6,1.2,0.5,1.0,kp1.6_ki1.2_kd0.5_ml1,2.8177313930470076,2.3272625776787215,2.3843742941972326,2.2326506366971652,1.6106760998242569,1.8912319144354435,1.903708857254319,1.7653339603679292,2.4801878662242287,3.6821754991887246,3.9932951073231435,4.6638258162120465,3.7408334531535794,3.954952027054309
canonical_pid_replay_segment_gap_v2,1.6,1.4,0.75,1.0,kp1.6_ki1.4_kd0.75_ml1,2.8177420509917064,2.327679439711424,2.3840856271504647,2.231814852817268,1.6106115512425123,1.8916108164172023,1.9039459119850315,1.7658082544175386,2.480077926566938,3.682207064905429,3.993481101811957,4.664371585979119,3.7404907538657413,3.9544617760215535
canonical_pid_replay_segment_gap_v2,1.6,1.4,1.0,1.0,kp1.6_ki1.4_kd1_ml1,2.8177969646341188,2.3268186787248486,2.3841881137034604,2.2333732059046603,1.6106434904743585,1.8915398847663318,1.903984147931656,1.764860693429182,2.4801729285165997,3.6821269708084774,3.993297940305734,4.6646254485649274,3.740917259545551,3.9548117775677576
canonical_pid_replay_segment_gap_v2,1.6,0.8,1.0,1.0,kp1.6_ki0.8_kd1_ml1,2.8178010120029553,2.3282919665662423,2.3844460775907748,2.2325205496963108,1.6107397212540986,1.8916384934383388,1.903442051248722,1.7660542024565933,2.480101764996093,3.682207500016473,3.9934214402589725,4.6638397744770845,3.740372252747576,3.9543373612911394
canonical_pid_replay_segment_gap_v2,1.6,0.8,0.5,1.0,kp1.6_ki0.8_kd0.5_ml1,2.8178477492866416,2.328226763245964,2.384427548072098,2.2319982917539782,1.6111492521216875,1.8915027567077407,1.903873899019337,1.7655074886714666,2.480099763813063,3.682185228068612,3.9934066130820156,4.664074714576678,3.740502557639545,3.9550658639541516
canonical_pid_replay_segment_gap_v2,1.6,1.4,0.0,1.0,kp1.6_ki1.4_kd0_ml1,2.8178490017158753,2.327698366593522,2.3842534652847127,2.2318481657503404,1.6108424273300914,1.8916106076082893,1.90397002077815,1.7654903290730497,2.479970132244874,3.68210578863525,3.9933380558696747,4.664621589892785,3.7414802645790757,3.954807808666555
canonical_pid_replay_segment_gap_v2,1.6,1.0,0.5,1.0,kp1.6_ki1_kd0.5_ml1,2.8178687055234883,2.3282321460543307,2.3843546385304766,2.232383987364917,1.6108484188108834,1.8916488862725653,1.9037552859039728,1.7657602714962721,2.4801559617332454,3.6821156245315225,3.993442758977816,4.6643037602225075,3.740920497872866,3.954370934033976
canonical_pid_replay_segment_gap_v2,1.6,1.4,0.25,1.0,kp1.6_ki1.4_kd0.25_ml1,2.8179120988792445,2.326497973934956,2.3843157256095937,2.2330494351412438,1.610578751178213,1.8915363097109374,1.9041222999109573,1.7659591163140176,2.480079313809623,3.6821553649402667,3.9933245397776713,4.664410033012039,3.741550470668622,3.9552779514220333
canonical_pid_replay_segment_gap_v2,1.6,1.0,1.0,1.0,kp1.6_ki1_kd1_ml1,2.8179140371991758,2.328394380614576,2.384296981238595,2.233573846202944,1.6103790549756818,1.8915551652512377,1.9040307337854443,1.7653747816031633,2.4801516832327124,3.682217332640557,3.9933800391878074,4.664574922061855,3.740122597240387,3.95483096555432
canonical_pid_replay_segment_gap_v2,1.6,0.6,1.0,1.0,kp1.6_ki0.6_kd1_ml1,2.817946588016152,2.3294048885322636,2.384486820553724,2.2326310607031714,1.6107855744577115,1.8917007415389253,1.9040625101205488,1.765990753420961,2.480070441505584,3.68218026560168,3.993415825930729,4.663870686862022,3.740366296915084,3.9543397780675735
canonical_pid_replay_segment_gap_v2,1.6,0.8,0.0,1.0,kp1.6_ki0.8_kd0_ml1,2.8179560810136994,2.3287355728305705,2.384618572030059,2.2325640390301933,1.6111033597244102,1.8913331489354424,1.9039198689984829,1.7655724064087661,2.4800050601749346,3.6821062589234983,3.992919925450074,4.664149819931686,3.7413065540678887,3.955094466672089
canonical_pid_replay_segment_gap_v2,1.6,1.2,0.0,1.0,kp1.6_ki1.2_kd0_ml1,2.817965859616978,2.3270998784275876,2.384306591041125,2.2319284174365976,1.6109742087372056,1.8917865500034268,1.9043511388888785,1.766087906284798,2.480048110901528,3.68215849293302,3.993271908977531,4.664576757011102,3.7418620990792024,3.9551041152987163
canonical_pid_replay_segment_gap_v2,1.6,0.4,0.75,1.0,kp1.6_ki0.4_kd0.75_ml1,2.8179685627282036,2.3302188032230653,2.384572779788825,2.232687021486108,1.611226124058159,1.8913943301382024,1.9034875812997436,1.7655383253780697,2.4800975199902457,3.6821919917496992,3.9934330603242447,4.66398775588586,3.7402204811080075,3.9545355410364142
canonical_pid_replay_segment_gap_v2,1.6,1.0,0.75,1.0,kp1.6_ki1_kd0.75_ml1,2.8179836112402605,2.3281610743952807,2.384115070831434,2.2336802088215664,1.6105127861402808,1.8912692881567932,1.9039898615352187,1.7661693362069346,2.48011195245299,3.682214829431919,3.9933010781805094,4.664365335261721,3.741104469008017,3.9547916557007223
canonical_pid_replay_segment_gap_v2,1.6,0.8,0.25,1.0,kp1.6_ki0.8_kd0.25_ml1,2.8179873186246853,2.3281310098416825,2.3841855188949905,2.233170585133163,1.6108486566401898,1.8918644139052063,1.9040784083714979,1.7663301020746829,2.480050133447413,3.6820876606561312,3.993463196136414,4.664030611436098,3.740748331896189,3.9548465136872495
canonical_pid_replay_segment_gap_v2,1.6,1.4,0.5,1.0,kp1.6_ki1.4_kd0.5_ml1,2.8179960999059377,2.3278900313213216,2.3840609365961973,2.2329837535875385,1.6106725140665346,1.8913159921088336,1.9040258732937427,1.7663860715249011,2.480060834111718,3.682186938434878,3.993266403795689,4.664296431478672,3.741524962897761,3.955278555559401
canonical_pid_replay_segment_gap_v2,1.6,1.0,0.0,1.0,kp1.6_ki1_kd0_ml1,2.8180045597947005,2.3285151003667064,2.384617829988897,2.232118600765342,1.610807844172818,1.8915368329049596,1.9039692325698991,1.7661537109286283,2.4799697709896464,3.6822208732193302,3.9933254947440893,4.66437492404208,3.741415355305628,3.955033707333078
canonical_pid_replay_segment_gap_v2,1.6,0.6,0.75,1.0,kp1.6_ki0.6_kd0.75_ml1,2.8180102422772397,2.329368240627115,2.384809391384927,2.2326903810784833,1.6108901536101723,1.8917928687870262,1.9039427391654833,1.7658113310964152,2.480068316023404,3.6821117266746737,3.993467768182344,4.663805751344018,3.7405430373733863,3.954831444256667
canonical_pid_replay_segment_gap_v2,1.6,1.0,0.25,1.0,kp1.6_ki1_kd0.25_ml1,2.818011586106925,2.328469297412108,2.384905685374386,2.2329130920754863,1.610984546723494,1.8917946082093084,1.9041828200720807,1.7664103326018363,2.479982720872899,3.6821611522317697,3.9929543870820674,4.6639841382620055,3.740738336702616,3.954669501769969
canonical_pid_replay_segment_gap_v2,1.6,0.6,0.0,1.0,kp1.6_ki0.6_kd0_ml1,2.8180224184918945,2.329158483505605,2.3846176976643503,2.233112417860628,1.6114512922873754,1.8916213610094592,1.9040944133106528,1.7655277068785955,2.480032705965342,3.681999463379307,3.9934228537547884,4.663874629196026,3.7402306575811846,3.9551477580013166
canonical_pid_replay_segment_gap_v2,1.6,0.8,0.75,1.0,kp1.6_ki0.8_kd0.75_ml1,2.8180385144410627,2.329184487004456,2.3845212223039476,2.2330484714556675,1.610714204440338,1.8917794858940773,1.903823109354123,1.7655194159015644,2.4800551957125716,3.6821941239957074,3.9933663394231282,4.66435046800396,3.741104509734144,3.954839654510122
canonical_pid_replay_segment_gap_v2,1.6,0.4,1.0,1.0,kp1.6_ki0.4_kd1_ml1,2.818041116953844,2.3295884088471728,2.385174704869676,2.233110259644968,1.6106090093090228,1.8918509352830302,1.9039979945330632,1.765541018459148,2.480125489514967,3.6820329503998637,3.993359078573248,4.663884716255478,3.7408498815027333,3.954410073207599
canonical_pid_replay_segment_gap_v2,1.6,1.2,0.25,1.0,kp1.6_ki1.2_kd0.25_ml1,2.818045511992751,2.327709948052836,2.3842974377329913,2.2329033846889477,1.6106786161780116,1.8916896838094435,1.9043246142257086,1.7664265768175638,2.4800512598993425,3.68209023045158,3.9932830092199567,4.664199394104856,3.7416898774835476,3.955247623240987
canonical_pid_replay_segment_gap_v2,1.6,0.6,0.5,1.0,kp1.6_ki0.6_kd0.5_ml1,2.818058041144869,2.3290264009902732,2.3848123303496402,2.2321121079034993,1.6111162287428655,1.891814367445481,1.9044679050410531,1.7660651782340058,2.480106600181759,3.682150990066068,3.9934662450418696,4.664294398240241,3.7404529954818346,3.9548687871647132
canonical_pid_replay_segment_gap_v2,1.6,0.4,0.5,1.0,kp1.6_ki0.4_kd0.5_ml1,2.8181636760104527,2.329651456287668,2.385475937936555,2.2330513784897748,1.6111265875163323,1.8917725544946824,1.9037889631648224,1.7659087327534069,2.48006564680916,3.6820916876223766,3.9933706162012013,4.664319738425886,3.740651593266643,3.9548528951673827
canonical_pid_replay_segment_gap_v2,1.6,0.4,0.25,1.0,kp1.6_ki0.4_kd0.25_ml1,2.8182047239892016,2.3297695974237813,2.3848787284772706,2.233542963735444,1.6112046616762123,1.8915763389136504,1.9045406623059715,1.7658862476467865,2.4800497650983018,3.682081921714644,3.9933614461241596,4.66420608040418,3.7404167503174275,3.9551462480217925
canonical_pid_replay_segment_gap_v2,1.6,0.6,0.25,1.0,kp1.6_ki0.6_kd0.25_ml1,2.818205446765067,2.3290785782648977,2.384761891446939,2.2335148938245664,1.6109969359477816,1.8917555421218735,1.904321967365102,1.7661842927895322,2.4799974344890425,3.682214663132432,3.993403336295779,4.664088047373863,3.741152571617338,3.955200653276725
canonical_pid_replay_segment_gap_v2,1.6,0.4,0.0,1.0,kp1.6_ki0.4_kd0_ml1,2.8182688634724826,2.330414898988051,2.385138349984028,2.234056781271794,1.6112295010580615,1.8914913684239387,1.9039236278336478,1.7659599341513754,2.480022703191592,3.6820099849057093,3.9934577459211327,4.663732970964833,3.7411353422099882,3.9549220162381236
canonical_pid_replay_segment_gap_v2,1.4,1.4,0.5,1.0,kp1.4_ki1.4_kd0.5_ml1,2.8187089454308167,2.3322630338249213,2.388002180394388,2.2355337919259384,1.6135270969246458,1.8913268769317735,1.903890190550343,1.7640927379369333,2.480032768772487,3.682080475039017,3.9932671491748253,4.663997452268714,3.740291550886873,3.9549109859697578
canonical_pid_replay_segment_gap_v2,1.4,1.2,1.0,1.0,kp1.4_ki1.2_kd1_ml1,2.818805106089612,2.332814692535938,2.3881140775576495,2.235555687946173,1.6136438665452555,1.8916304760558937,1.9039476662640265,1.7646207771678128,2.4800800730621293,3.6820242857977523,3.9928192757344996,4.663647841404884,3.740803157850204,3.9547645012427375
canonical_pid_replay_segment_gap_v2,1.4,1.4,0.25,1.0,kp1.4_ki1.4_kd0.25_ml1,2.8188135595735413,2.3321499957883645,2.3880567984185714,2.234862973223351,1.6134997934404882,1.8915593753994673,1.903701593130118,1.7658902600540767,2.480018490928815,3.6820611433354795,3.993240981581484,4.66396621294432,3.740642557103176,3.9549260991083206
canonical_pid_replay_segment_gap_v2,1.4,1.4,0.75,1.0,kp1.4_ki1.4_kd0.75_ml1,2.8189035664184052,2.3326383187899933,2.3886505593872496,2.234990357822849,1.6134440948214117,1.8919893155945247,1.9037308063094436,1.765458154767016,2.4800879435803984,3.682021281354167,3.993355121514226,4.663958411768476,3.740798317049409,3.9546236806800987
canonical_pid_replay_segment_gap_v2,1.4,1.2,0.5,1.0,kp1.4_ki1.2_kd0.5_ml1,2.818905584917583,2.3331909689052774,2.3882208185707303,2.235523126033604,1.6136780157724893,1.891411077099969,1.903860061863771,1.765487916681239,2.480041088820675,3.682031884568451,3.9932822685683527,4.663501454005768,3.740501532407579,3.9550423906306658
canonical_pid_replay_segment_gap_v2,1.4,1.4,1.0,1.0,kp1.4_ki1.4_kd1_ml1,2.8189234553951623,2.332103360185684,2.388586640283808,2.2365231922969904,1.6135431196022674,1.891558058619996,1.9039206717887724,1.7653509606491335,2.480060895448142,3.6820552228702383,3.992979111003244,4.663755083097004,3.7408218824487096,3.9547467218431156
canonical_pid_replay_segment_gap_v2,1.4,1.4,0.0,1.0,kp1.4_ki1.4_kd0_ml1,2.8189408881546254,2.3324014838300164,2.388527186573837,2.235946480693913,1.6138380788856344,1.8914670357329841,1.904077762978036,1.7655245663694223,2.4800035099063997,3.6819665635073378,3.9932212426900366,4.66368606402697,3.740577391204562,3.9549941796109773
canonical_pid_replay_segment_gap_v2,1.4,1.2,0.75,1.0,kp1.4_ki1.2_kd0.75_ml1,2.8189589877747276,2.3337895918845804,2.388237767376327,2.2354944931461693,1.6137626945283763,1.8916551116134617,1.9038694888605798,1.764830562560696,2.480070011353667,3.6820117617728934,3.9932465961175097,4.66425197068461,3.7403971449890245,3.9548496461835687
canonical_pid_replay_segment_gap_v2,1.4,1.2,0.0,1.0,kp1.4_ki1.2_kd0_ml1,2.819014321776156,2.3331704165626594,2.3885965937723155,2.236296098542065,1.6139281938142487,1.8914298890809622,1.9039949554956277,1.7646291821600386,2.4799907693720384,3.682046399689716,3.9933092770763863,4.663818121994782,3.740833347667671,3.9551429378615204
canonical_pid_replay_segment_gap_v2,1.4,1.0,0.5,1.0,kp1.4_ki1_kd0.5_ml1,2.819029779719815,2.3340247589764527,2.3884642804729164,2.23575949225275,1.6140198522503653,1.8916325070571507,1.9037623898067932,1.7646851113548525,2.4800605251081227,3.6820531387260136,3.993236672457202,4.663989548579857,3.740795228218461,3.954903631096663
canonical_pid_replay_segment_gap_v2,1.4,1.0,0.0,1.0,kp1.4_ki1_kd0_ml1,2.81904280773444,2.333305930445909,2.388115961083413,2.2367009152087802,1.6142231088414674,1.8911311134019055,1.9041404586527488,1.7653938575071226,2.479984434022502,3.6819985784980194,3.9930825241088237,4.663922440848819,3.740512337704607,3.9550448402236023
canonical_pid_replay_segment_gap_v2,1.4,1.0,1.0,1.0,kp1.4_ki1_kd1_ml1,2.8190596571999937,2.3332588657840843,2.3886916161261325,2.2361327867577625,1.613679141990039,1.8920866948084913,1.9035246262238832,1.7654041484176188,2.480113099264185,3.682023009938325,3.9932278222572357,4.6639187639202895,3.7408885261199845,3.9548264419918877
canonical_pid_replay_segment_gap_v2,1.4,0.8,0.5,1.0,kp1.4_ki0.8_kd0.5_ml1,2.819071296517956,2.3345231829465454,2.388727020488686,2.2355705523906253,1.6140758362319179,1.8912979899811668,1.9040069176397127,1.7655848030432189,2.480042730953017,3.681951341887352,3.9932233490367595,4.663582875460924,3.740441766684421,3.9548984879890767
canonical_pid_replay_segment_gap_v2,1.4,0.8,0.75,1.0,kp1.4_ki0.8_kd0.75_ml1,2.819112983924452,2.3346945780205446,2.388629835990136,2.2360161846557314,1.6139287676518503,1.891574148232026,1.9039640131125974,1.7649350081065116,2.4800324804619924,3.6819507780920446,3.9932997979896463,4.663758249486751,3.740839485230613,3.954845463987434
canonical_pid_replay_segment_gap_v2,1.4,0.8,1.0,1.0,kp1.4_ki0.8_kd1_ml1,2.819143111623964,2.3349941654426045,2.388604271396343,2.2366974409467777,1.613839270855171,1.8915020414104562,1.903636316368516,1.7647096093884826,2.480122905158796,3.6821066599816135,3.9933381146853697,4.66379777855916,3.7407164197136455,3.954795457204599
canonical_pid_replay_segment_gap_v2,1.4,1.0,0.75,1.0,kp1.4_ki1_kd0.75_ml1,2.819143607405017,2.3341130508868084,2.388938306805469,2.236210535440777,1.6138332114017933,1.8917483692606776,1.9036014416533547,1.765134582218366,2.4800444795561973,3.681991736181669,3.9933404391750202,4.664233302777183,3.7407809339188844,3.954896506989018
canonical_pid_replay_segment_gap_v2,1.4,1.2,0.25,1.0,kp1.4_ki1.2_kd0.25_ml1,2.8191717209545453,2.3337586802820227,2.388713028563799,2.2357970916506154,1.6137915093899615,1.8918924035882558,1.9038673976819023,1.7662104208695897,2.4800382004346107,3.682075360873847,3.993229447959747,4.663803725933479,3.741077039404796,3.9549780657764564
canonical_pid_replay_segment_gap_v2,1.4,1.0,0.25,1.0,kp1.4_ki1_kd0.25_ml1,2.81921373499786,2.3343557685662146,2.389031499197307,2.2361714479698125,1.6139225895241982,1.8913941494659035,1.9041192022325966,1.7655272114799574,2.4800538426908574,3.682077429099991,3.993221641761883,4.663810746725194,3.741072557087128,3.9550204691711386
canonical_pid_replay_segment_gap_v2,1.4,0.8,0.0,1.0,kp1.4_ki0.8_kd0_ml1,2.819235868048063,2.334557603776126,2.389191865808102,2.23713214939932,1.614424516158766,1.8911404202373678,1.903790238173818,1.7651544137584159,2.4799853620649466,3.6819923297346477,3.993258766377405,4.663743393229425,3.7406113348852337,3.9550838910212485
canonical_pid_replay_segment_gap_v2,1.4,0.6,0.75,1.0,kp1.4_ki0.6_kd0.75_ml1,2.8192907589639447,2.335830093745244,2.3894354606980444,2.236449198686634,1.6139967068108847,1.8915179936637145,1.9039465149021515,1.7644358273733525,2.4800729976501117,3.6820162220718307,3.993208713217997,4.664038975692204,3.740928460751414,3.954902701267702
canonical_pid_replay_segment_gap_v2,1.4,0.6,0.0,1.0,kp1.4_ki0.6_kd0_ml1,2.819292519925543,2.3354891078171933,2.389364483628127,2.23742522924181,1.614646128006483,1.8913489117173032,1.9037653039959013,1.7649094076818888,2.4799718791410084,3.681896711675277,3.99287901167769,4.663677377609582,3.7404063606872224,3.9550228461525805
canonical_pid_replay_segment_gap_v2,1.4,0.8,0.25,1.0,kp1.4_ki0.8_kd0.25_ml1,2.8192988193724315,2.3350285481777626,2.388488300131748,2.2369322519388812,1.614211078758288,1.8913977218968074,1.903580708878115,1.7659223589336028,2.4800608412271443,3.6820642216854025,3.9931925898966476,4.663861641678344,3.7410339438865137,3.9551104447523486
canonical_pid_replay_segment_gap_v2,1.4,0.6,0.5,1.0,kp1.4_ki0.6_kd0.5_ml1,2.8193322003365178,2.335556603983239,2.3889674247068813,2.2371768861080743,1.6141281220798198,1.891325343285618,1.903996828904212,1.7646799255512258,2.4800581642364308,3.682110516753479,3.993279351879688,4.663999003849907,3.7410524556022096,3.9549879774339467
canonical_pid_replay_segment_gap_v2,1.4,0.6,1.0,1.0,kp1.4_ki0.6_kd1_ml1,2.819339082502647,2.3354336993153435,2.389305284705825,2.2362452000775908,1.614046925871811,1.8918776519784843,1.9042652567372393,1.7654600488157461,2.480118897598574,3.682083302433829,3.9930857723340587,4.663721406899389,3.740962982996688,3.954801642769835
canonical_pid_replay_segment_gap_v2,1.4,0.6,0.25,1.0,kp1.4_ki0.6_kd0.25_ml1,2.819359061719006,2.335644322887076,2.3890203387245914,2.2373869635979102,1.6142477916622449,1.8911512758477176,1.9038023212506172,1.7653893352386503,2.480078397002247,3.682046347575429,3.993097615884246,4.663840659527703,3.7409348327679,3.9550276003807467
canonical_pid_replay_segment_gap_v2,1.4,0.4,1.0,1.0,kp1.4_ki0.4_kd1_ml1,2.8193920996930517,2.3365511265536134,2.3896514997091676,2.2368897675191777,1.6141267711604037,1.8915092404078633,1.904109825005471,1.765009190247271,2.480082276857544,3.682054901857772,3.993017830714061,4.663474444285554,3.7407697534442383,3.954850668247529
canonical_pid_replay_segment_gap_v2,1.4,0.4,0.5,1.0,kp1.4_ki0.4_kd0.5_ml1,2.819406630816363,2.3362771455002913,2.389575604601163,2.2366902675767766,1.61453926182129,1.8911714191634708,1.9041282677423677,1.7653140410737178,2.4800327484632447,3.682043207276756,3.9929653695549425,4.663886868640488,3.7407103038355913,3.9549516953626256
canonical_pid_replay_segment_gap_v2,1.4,0.4,0.0,1.0,kp1.4_ki0.4_kd0_ml1,2.819468096784326,2.336444459101887,2.389388715440154,2.2375385962641112,1.6145838218220145,1.8912552058239147,1.9039324963587356,1.765419048907532,2.4799742496936776,3.6818376982890104,3.9930374297728974,4.66373235598357,3.7409854310439656,3.9549557496947703
canonical_pid_replay_segment_gap_v2,1.4,0.4,0.25,1.0,kp1.4_ki0.4_kd0.25_ml1,2.819518019271458,2.336579953120559,2.390012962400879,2.2375148099095807,1.6144687627734047,1.8912831058801363,1.9042939658450087,1.7651105413312322,2.480059486192907,3.6820325308965773,3.993087601362319,4.663640486148957,3.740733374933471,3.9549166697339246
canonical_pid_replay_segment_gap_v2,1.4,0.4,0.75,1.0,kp1.4_ki0.4_kd0.75_ml1,2.8195418925305984,2.336946477626046,2.389803658471193,2.2367999456590693,1.614289625762891,1.891544985421646,1.9044570996140624,1.7651955024769155,2.48005491266658,3.6820625461896275,3.9929261464369645,4.664212692886871,3.7408388745297283,3.9549121351561856
canonical_pid_replay_segment_gap_v2,1.2,1.4,1.0,1.0,kp1.2_ki1.4_kd1_ml1,2.820278932435693,2.339096089283546,2.3935899367983873,2.241104214603219,1.6180162414895811,1.8916083971745936,1.9037538102578102,1.7645694312002338,2.4801067801954884,3.681952693006384,3.992788115614561,4.663087948489124,3.7391603378105316,3.954792125740557
canonical_pid_replay_segment_gap_v2,1.2,1.2,0.25,1.0,kp1.2_ki1.2_kd0.25_ml1,2.820492706269356,2.340545168545104,2.3932673227418175,2.2413746205498186,1.6184087899792707,1.8914306142714203,1.9039117419956633,1.7645940672074198,2.479993331173984,3.681887582777657,3.9926994769763016,4.663557449836579,3.74025134145378,3.954483673992821
canonical_pid_replay_segment_gap_v2,1.2,1.4,0.75,1.0,kp1.2_ki1.4_kd0.75_ml1,2.820521024925326,2.338785298335829,2.3934797014491918,2.241813010871527,1.6181401778055278,1.891534290614059,1.9040169125938877,1.765386775534492,2.4800616247773486,3.6819748727928285,3.992852821174216,4.663835162174045,3.7400563647095275,3.9548363111967557
canonical_pid_replay_segment_gap_v2,1.2,1.4,0.25,1.0,kp1.2_ki1.4_kd0.25_ml1,2.8205248061579455,2.3398758158415194,2.3937071049961554,2.2412883088752076,1.6181297788350637,1.8913572861043733,1.9045075920914494,1.765056800269001,2.4799992931486727,3.681949066455776,3.992870979560879,4.663656176628149,3.7396932882056073,3.9547309890414453
canonical_pid_replay_segment_gap_v2,1.2,1.4,0.0,1.0,kp1.2_ki1.4_kd0_ml1,2.8205333697446395,2.3397628703435647,2.3938675621822303,2.240920920167751,1.618366090282383,1.8912324191701717,1.9043398461493473,1.7654460507264982,2.479999287908449,3.682019099228498,3.9928243373507413,4.663574711718849,3.7400705599472452,3.9545100515045886
canonical_pid_replay_segment_gap_v2,1.2,1.4,0.5,1.0,kp1.2_ki1.4_kd0.5_ml1,2.820536991927003,2.3397475329583775,2.3931512325057778,2.2412579631477496,1.618369372809578,1.8914051284050484,1.9041437759714224,1.765342646585962,2.480071103530992,3.6819903852290747,3.992813475811978,4.663727334182226,3.740107654289551,3.9548532896232995
canonical_pid_replay_segment_gap_v2,1.2,1.2,1.0,1.0,kp1.2_ki1.2_kd1_ml1,2.8205489423437795,2.340870692288934,2.393645377773906,2.242430682255059,1.618233453155458,1.8915530430437855,1.9038993066951138,1.7641708559227938,2.4800922371514074,3.6820103565816775,3.9928453126518106,4.663384544054117,3.7392369644011647,3.9547634244939047
canonical_pid_replay_segment_gap_v2,1.2,1.2,0.75,1.0,kp1.2_ki1.2_kd0.75_ml1,2.820571706469447,2.3407162788973888,2.3942946208975453,2.2419850405672705,1.6182328786394227,1.8914055553729614,1.9040731752769868,1.764920612504775,2.480073556981852,3.682048153987136,3.9928389729465503,4.662819719236681,3.7391906983752308,3.954832920419017
canonical_pid_replay_segment_gap_v2,1.2,1.2,0.0,1.0,kp1.2_ki1.2_kd0_ml1,2.8205832166253972,2.340319940974958,2.3937851621728297,2.2416734986458,1.6184363762709306,1.8912085458180874,1.9040765922139935,1.7653766059337492,2.48000798619908,3.6819744065478734,3.9929448982606672,4.663436630786857,3.740040825463451,3.95430034684189
canonical_pid_replay_segment_gap_v2,1.2,1.0,0.75,1.0,kp1.2_ki1_kd0.75_ml1,2.8206166021240344,2.3413480962113105,2.3937717911771648,2.242107121842658,1.6185819045943657,1.8912879867846748,1.9037489857945047,1.7650393807102303,2.4800863838393656,3.6820154146430077,3.992667554621247,4.663483528946657,3.739192669040046,3.954685009407223
canonical_pid_replay_segment_gap_v2,1.2,1.0,1.0,1.0,kp1.2_ki1_kd1_ml1,2.820618342201534,2.341599278457318,2.393834252587973,2.242422497887828,1.6184688032075858,1.891399106201522,1.9039119318412645,1.7640793069846759,2.4801095694869675,3.682007613183328,3.992838195301261,4.663389487612675,3.7392235192251415,3.9547548866423985
canonical_pid_replay_segment_gap_v2,1.2,1.2,0.5,1.0,kp1.2_ki1.2_kd0.5_ml1,2.820669410437083,2.3407949541619137,2.3933338642241777,2.2419501681294114,1.618495461002661,1.891643787729377,1.9041612042393712,1.7652172149861292,2.480041966215982,3.682021782329904,3.9927667724311555,4.66369169031047,3.739867455733448,3.954716014188081
canonical_pid_replay_segment_gap_v2,1.2,1.0,0.5,1.0,kp1.2_ki1_kd0.5_ml1,2.820682235487932,2.341273105423031,2.393848415451958,2.242107595190688,1.6186143771931893,1.8914228840601328,1.9037621412997303,1.764936607004297,2.4800737271420457,3.6819064269446353,3.992806730238991,4.663671465735468,3.7399742095840955,3.9544713760748516
canonical_pid_replay_segment_gap_v2,1.2,1.0,0.0,1.0,kp1.2_ki1_kd0_ml1,2.8207188538509027,2.341866697049754,2.3940965267948693,2.2420499860551293,1.618849780066321,1.8915842214465768,1.9039532028619426,1.7648248794612746,2.4799981452947466,3.681827305545512,3.9927024554184443,4.663303803870883,3.739973048850903,3.9543150473453785
canonical_pid_replay_segment_gap_v2,1.2,1.0,0.25,1.0,kp1.2_ki1_kd0.25_ml1,2.820720491641727,2.3419103983748344,2.394346602116982,2.242158955046619,1.6185725906009407,1.8914206654291617,1.9041179961438488,1.7645203052397165,2.4799968741980263,3.6819768514053606,3.9926691165001933,4.663489450303634,3.7398570551225503,3.954329530860591
canonical_pid_replay_segment_gap_v2,1.2,0.8,0.75,1.0,kp1.2_ki0.8_kd0.75_ml1,2.8207232845693855,2.342960678358989,2.3938787877174827,2.242380181962707,1.6186862362796977,1.8916513335817928,1.90420946815167,1.764404218140526,2.4800836197889793,3.6819812068285906,3.9927645613342087,4.662982137504102,3.7389358368401626,3.954484432913102
canonical_pid_replay_segment_gap_v2,1.2,0.8,0.25,1.0,kp1.2_ki0.8_kd0.25_ml1,2.8208463840404483,2.3431070255468787,2.393915541180067,2.2426611721278076,1.6191029965408303,1.8917793030298453,1.9037633311613238,1.7647679848633748,2.4800029966956836,3.681858411013499,3.9926797416567634,4.6633291824101875,3.739749375429555,3.9542859308700087
canonical_pid_replay_segment_gap_v2,1.2,0.8,1.0,1.0,kp1.2_ki0.8_kd1_ml1,2.8208495428263287,2.342723661988456,2.394272958261263,2.2434056122740187,1.6188546339623038,1.8915775617812363,1.9037209799804906,1.7642105446203882,2.480108803363673,3.681980627576319,3.992775147294259,4.663368213417207,3.7392921512906683,3.954753160931997
canonical_pid_replay_segment_gap_v2,1.2,0.8,0.5,1.0,kp1.2_ki0.8_kd0.5_ml1,2.8208498633298666,2.3429104960060494,2.3941437016572507,2.242708739945434,1.6190477698332464,1.8912618685650646,1.9038082034184214,1.7641122199125272,2.480060125271033,3.6819375655011526,3.9927456142755298,4.6637066548792285,3.7402561944568404,3.9543490695664905
canonical_pid_replay_segment_gap_v2,1.2,0.8,0.0,1.0,kp1.2_ki0.8_kd0_ml1,2.8209033420369254,2.3431113647520085,2.3942918113018474,2.242580469557633,1.6190165274408221,1.891534907121135,1.9044783646801011,1.76498027391494,2.4799889271806483,3.681899588663787,3.992616660136047,4.663284897682316,3.739614179006574,3.954345475042166
canonical_pid_replay_segment_gap_v2,1.2,0.6,0.75,1.0,kp1.2_ki0.6_kd0.75_ml1,2.8209520459716684,2.3435964043745576,2.395096516415227,2.243131766833099,1.6189404458888648,1.8916338157920327,1.9041656270625829,1.764781716247098,2.48006909806306,3.681962487993097,3.9928354868343825,4.6627885527645505,3.7389837304727735,3.954390948890362
canonical_pid_replay_segment_gap_v2,1.2,0.6,0.0,1.0,kp1.2_ki0.6_kd0_ml1,2.820980112550577,2.3436768350874666,2.394572036191172,2.2430941640899715,1.6192992500327728,1.8913121055483975,1.904203065950716,1.7648713161893206,2.479991542367689,3.681920683921497,3.992666915737154,4.6633379790198015,3.7394220598849546,3.954373509136586
canonical_pid_replay_segment_gap_v2,1.2,0.6,0.25,1.0,kp1.2_ki0.6_kd0.25_ml1,2.820997799286535,2.343632845419822,2.3943964184054916,2.2430243800361764,1.6194703137892956,1.8917539215501888,1.9040367306741641,1.764220460770849,2.480019122493656,3.6819163101855312,3.992673922031962,4.663364007672886,3.740152845507588,3.954310112187341
canonical_pid_replay_segment_gap_v2,1.2,0.6,1.0,1.0,kp1.2_ki0.6_kd1_ml1,2.821035495881279,2.344050557690052,2.3944541930469145,2.243817991522802,1.619149807488241,1.8913801633552356,1.903835446197357,1.7648042650396054,2.4801106112657414,3.6820403610969668,3.992749186252901,4.663150123510548,3.7392948735183786,3.9546238664718825
canonical_pid_replay_segment_gap_v2,1.2,0.4,0.25,1.0,kp1.2_ki0.4_kd0.25_ml1,2.821101793167288,2.345723572863006,2.3948840868025925,2.2433858889291853,1.6196942215535775,1.8917499688756727,1.9040905995369044,1.7638163798608775,2.480032300813221,3.681813719286724,3.992782138732084,4.663331320786585,3.7387022682639013,3.954316844870414
canonical_pid_replay_segment_gap_v2,1.2,0.4,1.0,1.0,kp1.2_ki0.4_kd1_ml1,2.8211045721064845,2.345305097774815,2.395129728814699,2.2440370788767177,1.6194458903135092,1.8911828981341383,1.9038166763223467,1.7641093835792014,2.4800776454805438,3.6821011164077126,3.992701501249652,4.662888666804494,3.7391046576579883,3.954459095968481
canonical_pid_replay_segment_gap_v2,1.2,0.6,0.5,1.0,kp1.2_ki0.6_kd0.5_ml1,2.821105955574124,2.3443741467044164,2.3946394146723082,2.243333356758843,1.6193431879224416,1.891578356999565,1.9040423497910905,1.7643426175514534,2.4800577688234675,3.681993712637522,3.9927254549374283,4.663644973857264,3.7400417407537048,3.954260341054107
canonical_pid_replay_segment_gap_v2,1.2,0.4,0.5,1.0,kp1.2_ki0.4_kd0.5_ml1,2.8211661191322954,2.3451035101215543,2.3950935573656302,2.243529337398336,1.619412591804064,1.8915329506175314,1.9036644494506616,1.764457083230471,2.4800561384685182,3.681818574079596,3.9927257918263863,4.663439250799633,3.7400729315897028,3.954253381967751
canonical_pid_replay_segment_gap_v2,1.2,0.4,0.0,1.0,kp1.2_ki0.4_kd0_ml1,2.821201574021465,2.3449246117986773,2.395323661127594,2.24345285111721,1.619617436266841,1.891625359209262,1.9041143894812296,1.765286712611247,2.4800159710117486,3.6818876651271815,3.992603347431107,4.663144663031691,3.7392331231197087,3.9543906709455414
canonical_pid_replay_segment_gap_v2,1.2,0.4,0.75,1.0,kp1.2_ki0.4_kd0.75_ml1,2.821203174138157,2.3456777113181837,2.3948164492705657,2.2437328783753903,1.6193641095461058,1.8916027918134912,1.9041172563256172,1.7647495291265045,2.4800653893298703,3.6820977352141866,3.9927486100836185,4.663215108938721,3.73915848813069,3.954295206323099
canonical_pid_replay_segment_gap_v2,1.0,1.4,0.5,1.0,kp1_ki1.4_kd0.5_ml1,2.822595349922856,2.349466696367027,2.401060595681581,2.2488674991304656,1.6246244873998303,1.891414747480014,1.9038950897709925,1.764152334526037,2.479994908738284,3.681981931436147,3.9925389095506545,4.663230512700905,3.7386454104553706,3.9538664257598195
canonical_pid_replay_segment_gap_v2,1.0,1.4,0.75,1.0,kp1_ki1.4_kd0.75_ml1,2.8226480204153908,2.349718312785809,2.401108520194556,2.249563764556419,1.6247870003452765,1.8915970586970268,1.9035006735828295,1.7644401083265293,2.480014113188673,3.682024272526919,3.9925719775163437,4.662366131207214,3.738881602735622,3.9538507297368564
canonical_pid_replay_segment_gap_v2,1.0,1.4,0.0,1.0,kp1_ki1.4_kd0_ml1,2.822707891901959,2.3495413046646614,2.4016490707985088,2.2487540179165637,1.624983040839514,1.8915692624457066,1.903925953107515,1.7648540972340765,2.479928046857996,3.6819127734418235,3.9925179373311117,4.66297193865682,3.738648595706963,3.953946555724201
canonical_pid_replay_segment_gap_v2,1.0,1.4,0.25,1.0,kp1_ki1.4_kd0.25_ml1,2.822723598748385,2.3492813240568724,2.4017194628204477,2.2489682165713423,1.6249753610518747,1.8916601736392205,1.9038403804733612,1.7647918015368755,2.480000159760689,3.6819253981528703,3.992527959185763,4.663185757770321,3.7386237643670044,3.953907024342367
canonical_pid_replay_segment_gap_v2,1.0,1.4,1.0,1.0,kp1_ki1.4_kd1_ml1,2.8227335374424976,2.349253725930382,2.401274703882068,2.249912678825577,1.6246950842768617,1.8914689594311642,1.9037004626209255,1.7646346997154627,2.480013920600658,3.6820599303301917,3.9925827331979113,4.662856682663032,3.7391476943911996,3.9539347108870353
canonical_pid_replay_segment_gap_v2,1.0,1.2,0.75,1.0,kp1_ki1.2_kd0.75_ml1,2.8227683688236618,2.350815560360261,2.4015533682061876,2.249811845249878,1.6250347402570702,1.8912733111922515,1.903720666746529,1.7643674666787883,2.480013538362264,3.682075003667657,3.992538109561842,4.662347384278347,3.7387775334314814,3.953660266715051
canonical_pid_replay_segment_gap_v2,1.0,1.2,1.0,1.0,kp1_ki1.2_kd1_ml1,2.8227968618982895,2.3511107381061698,2.401800693577481,2.2500588363865535,1.6251520541018358,1.8911622241284984,1.9035442339315465,1.7638539822263208,2.4800036427450256,3.682034726448171,3.992581308953859,4.662783479842045,3.7386367158441907,3.953636568386069
canonical_pid_replay_segment_gap_v2,1.0,1.2,0.0,1.0,kp1_ki1.2_kd0_ml1,2.822866714865488,2.350621602487551,2.402435045806234,2.249475407985909,1.6254739128368154,1.8915295902724367,1.90404970384742,1.7641766077567498,2.47991356022269,3.6818475716062107,3.9924964958365408,4.662871664909719,3.73851742809954,3.9538587015835254
canonical_pid_replay_segment_gap_v2,1.0,1.2,0.5,1.0,kp1_ki1.2_kd0.5_ml1,2.822872239822444,2.3509718378869464,2.4021829976512463,2.2489510159136823,1.6252234276162218,1.8916763023655772,1.9038497929093932,1.7643661197541511,2.4799936850406445,3.682043056266531,3.992518393780159,4.6631411699135805,3.7386908586516543,3.953730459941987
canonical_pid_replay_segment_gap_v2,1.0,1.2,0.25,1.0,kp1_ki1.2_kd0.25_ml1,2.8229078042526625,2.3509321100693574,2.4019000844493146,2.249739585251769,1.6255163849508885,1.8916175972282503,1.9037015284771641,1.7643578623249212,2.4799976116053735,3.6819342149560934,3.9925047672816127,4.663150955040902,3.7386242117611066,3.953824541887857
canonical_pid_replay_segment_gap_v2,1.0,1.0,0.75,1.0,kp1_ki1_kd0.75_ml1,2.822981871870545,2.3528945579685603,2.4022795686047353,2.2507577572543194,1.6254108106103526,1.8911767447933217,1.9036069199771495,1.7638431936952548,2.479999740358473,3.682083773532236,3.9925318988076213,4.662292306672497,3.7383036122696987,3.9535834497728612
canonical_pid_replay_segment_gap_v2,1.0,1.0,1.0,1.0,kp1_ki1_kd1_ml1,2.8229912213057764,2.3522912724186367,2.4024035444654666,2.2509034917622217,1.6254225672665283,1.8911174959958794,1.903597558815159,1.7639451955791718,2.4799831202734173,3.6820481356756787,3.9925052351999497,4.662729036454784,3.7384305787143006,3.9535086443538927
canonical_pid_replay_segment_gap_v2,1.0,1.0,0.5,1.0,kp1_ki1_kd0.5_ml1,2.823098719178368,2.352354298331682,2.4029430988959484,2.25017280537168,1.6255478468715128,1.8911702295933628,1.90380097120691,1.76460653781188,2.4799979184460947,3.682054309311498,3.992515021667512,4.663018805287734,3.7385299582630247,3.9535715482599394
canonical_pid_replay_segment_gap_v2,1.0,1.0,0.25,1.0,kp1_ki1_kd0.25_ml1,2.823102058559601,2.3525734623119177,2.402613288874112,2.2498717806598463,1.6258659923897258,1.8917444600590123,1.9038560697910505,1.7642581069636878,2.4799703611185424,3.6819044365731473,3.9924731788224883,4.662975136564671,3.738645825629076,3.9535746615175356
canonical_pid_replay_segment_gap_v2,1.0,1.0,0.0,1.0,kp1_ki1_kd0_ml1,2.8231219001002676,2.35254473718548,2.403042393429069,2.250297795132009,1.625689703973211,1.8917529772959483,1.9037854518040787,1.7643972276520385,2.479909586918424,3.681793576690596,3.9924147697149386,4.66276723767633,3.738630795217233,3.9535584486141246
canonical_pid_replay_segment_gap_v2,1.0,0.8,0.75,1.0,kp1_ki0.8_kd0.75_ml1,2.8231238516234547,2.3541290795559937,2.4030031302110495,2.2511878352826273,1.6259231863567323,1.8909283421187524,1.9036780703149343,1.7636389310173026,2.479988896075492,3.6820589168421343,3.992468381495908,4.662202687520096,3.738123682296265,3.953278932017625
canonical_pid_replay_segment_gap_v2,1.0,0.8,1.0,1.0,kp1_ki0.8_kd1_ml1,2.8231916296761455,2.354542219470456,2.402667039032489,2.2514744080322466,1.6259367391470743,1.8909387663999946,1.9039105426717005,1.7633565567840879,2.479958360322822,3.6820573242210273,3.992396883092823,4.662677716067477,3.7382912797421604,3.953283350805533
canonical_pid_replay_segment_gap_v2,1.0,0.8,0.5,1.0,kp1_ki0.8_kd0.5_ml1,2.823273158234133,2.35433160934056,2.4035907780679366,2.2506666624509184,1.6259686278108252,1.8912005692610576,1.9038621161814058,1.7640862457690598,2.479980885414267,3.681981724963044,3.9924731725707403,4.662879895469216,3.738247547709293,3.953281222035398
canonical_pid_replay_segment_gap_v2,1.0,0.8,0.25,1.0,kp1_ki0.8_kd0.25_ml1,2.8232882875997847,2.354159023674518,2.403394181796098,2.2510173166753145,1.6261150621101408,1.8914179555426653,1.9037035162585312,1.7643334622260607,2.47995937229137,3.6816790237240276,3.992454677903037,4.66283641541359,3.738385192475764,3.9532925387060835
canonical_pid_replay_segment_gap_v2,1.0,0.8,0.0,1.0,kp1_ki0.8_kd0_ml1,2.8233327537340296,2.354293441612659,2.4035157672203944,2.2507434092182375,1.6262277067158417,1.8915177099458933,1.904332512416655,1.7645336768618822,2.4798864245814936,3.6814122967941607,3.9924475874425305,4.6626631979968876,3.738432292296365,3.9533197754393883
canonical_pid_replay_segment_gap_v2,1.0,0.6,0.75,1.0,kp1_ki0.6_kd0.75_ml1,2.82336863288006,2.3560996210676275,2.4035731873554913,2.2515242354594416,1.6264299097842896,1.8910884623768764,1.9038221508621103,1.7634537726691368,2.4799592403319726,3.681959973292866,3.992450063737842,4.662269621080586,3.738123686172704,3.953038303249834
canonical_pid_replay_segment_gap_v2,1.0,0.6,1.0,1.0,kp1_ki0.6_kd1_ml1,2.8233855272732438,2.356113950594231,2.403311768314954,2.251987310064866,1.626389789271326,1.890960626866213,1.903616463906242,1.7637163578504793,2.4799292496762857,3.682035321338381,3.992205344912699,4.662616054451697,3.7381126627844043,3.9530169545203946
canonical_pid_replay_segment_gap_v2,1.0,0.6,0.25,1.0,kp1_ki0.6_kd0.25_ml1,2.823426967310482,2.3555616748833397,2.403837791526253,2.251342430208118,1.626518627920312,1.891181035380941,1.9040137865500923,1.7641233131734158,2.4799286945875725,3.6814903116126216,3.9924370571360863,4.662754454878718,3.73817707547364,3.953184321705154
canonical_pid_replay_segment_gap_v2,1.0,0.6,0.5,1.0,kp1_ki0.6_kd0.5_ml1,2.8234293202923126,2.3561089163470545,2.4041039653240572,2.251171477129093,1.6264146492049194,1.8911121665964934,1.9038525727644033,1.7636590161859835,2.4799307403456936,3.6818540679233873,3.99245431832907,4.6628209996303465,3.737987779054656,3.953110494964901
canonical_pid_replay_segment_gap_v2,1.0,0.6,0.0,1.0,kp1_ki0.6_kd0_ml1,2.823505162479208,2.3559499269140636,2.404148876742848,2.2511899817834213,1.626594464671746,1.8914131453758778,1.904245671074177,1.7643725164776745,2.4798525915508596,3.681387787723359,3.992421590565405,4.662566263242968,3.738165762810708,3.9532585332965993
canonical_pid_replay_segment_gap_v2,1.0,0.4,0.75,1.0,kp1_ki0.4_kd0.75_ml1,2.8235323580590315,2.3577112920462233,2.404203559631848,2.2523060467896134,1.626661596889657,1.8908407466868888,1.9037019541013722,1.7630998849779316,2.4799450777554894,3.681789662651117,3.992399657732373,4.66232121305944,3.7379734253538657,3.952966537091589
canonical_pid_replay_segment_gap_v2,1.0,0.4,1.0,1.0,kp1_ki0.4_kd1_ml1,2.823615043705629,2.3578848700837782,2.4043203524649885,2.252966902775205,1.6266959975996447,1.890613643460372,1.9033500622904185,1.7634512229117287,2.47991946811033,3.682000886975473,3.992345997168543,4.662628269199795,3.737916204991061,3.952901690141843
canonical_pid_replay_segment_gap_v2,1.0,0.4,0.25,1.0,kp1_ki0.4_kd0.25_ml1,2.8236411901047536,2.357869897904898,2.4048624960597076,2.2518944125597606,1.6267654710676542,1.8910323918026428,1.9038118601822338,1.7637454810906286,2.4799277535808346,3.6813588977414717,3.9923544436391283,4.66265902991339,3.7379256404825187,3.9531276953369336
canonical_pid_replay_segment_gap_v2,1.0,0.4,0.5,1.0,kp1_ki0.4_kd0.5_ml1,2.8236494626242656,2.3579622455285842,2.404770218618412,2.251777308900592,1.6268660585885284,1.8909462506717443,1.9038651795370771,1.763748712032364,2.4799323461196026,3.681603668494926,3.9922796673013274,4.662783281946792,3.737856843817139,3.9530512325583587
canonical_pid_replay_segment_gap_v2,1.0,0.4,0.0,1.0,kp1_ki0.4_kd0_ml1,2.8237164223676965,2.3577951383621882,2.4048448683865655,2.2516880925458813,1.6269846984028262,1.891223606338145,1.903980347768651,1.7644147920480007,2.4798560197870536,3.6814293186084,3.992444874161178,4.662446533049174,3.737998333232271,3.953206868089716
canonical_pid_replay_segment_gap_v2,0.8,1.4,1.0,1.0,kp0.8_ki1.4_kd1_ml1,2.8259073756874127,2.3637902045379753,2.4137066746175324,2.2615426769870113,1.6350452512699516,1.8909575064098216,1.9034969845706033,1.762780891985247,2.4798212839789646,3.6816472895358086,3.9921011375361424,4.661841479971437,3.7373007278274915,3.9527637747083766
canonical_pid_replay_segment_gap_v2,0.8,1.4,0.75,1.0,kp0.8_ki1.4_kd0.75_ml1,2.8259821944986903,2.3641300895411512,2.413839978201172,2.26130723767252,1.6350322922026388,1.8907266868664323,1.9037866719570211,1.7626173721415712,2.479841641788394,3.681808382005432,3.9922986637442044,4.662265594955314,3.7372864730305877,3.95282744437654
canonical_pid_replay_segment_gap_v2,0.8,1.4,0.5,1.0,kp0.8_ki1.4_kd0.5_ml1,2.8261020858984187,2.3639068002545613,2.4142821738142235,2.2610376772968896,1.6349563844520452,1.890830284443154,1.9043042364687848,1.7630922693310465,2.4798232709010772,3.6819231922561797,3.992330806391705,4.662605683751841,3.7373328482178025,3.952901489100128
canonical_pid_replay_segment_gap_v2,0.8,1.4,0.25,1.0,kp0.8_ki1.4_kd0.25_ml1,2.826113942069369,2.3637095524271663,2.414531414631225,2.2608368749226204,1.6348855157094186,1.8911042320261704,1.9042877153605975,1.7632888502392046,2.479800105595168,3.681838324316752,3.992188719428851,4.662615109919924,3.737414821079579,3.952980011245122
canonical_pid_replay_segment_gap_v2,0.8,1.4,0.0,1.0,kp0.8_ki1.4_kd0_ml1,2.826125843216509,2.363636698154535,2.4144801989214426,2.2609084179696466,1.6352610764828428,1.8911523730768687,1.9042564383491631,1.763079884803018,2.479771770286449,3.681881893941457,3.9921503957966338,4.662375694292975,3.7376059052864465,3.9530752144531385
canonical_pid_replay_segment_gap_v2,0.8,1.2,1.0,1.0,kp0.8_ki1.2_kd1_ml1,2.8262643028809817,2.366207902953257,2.4146045033339294,2.2627624420769386,1.635703099336692,1.8907559605449613,1.9037466962603542,1.7626733911580559,2.4798174413086254,3.681525842024708,3.9919586533805487,4.661838774758718,3.7370853231602976,3.952755907155673
canonical_pid_replay_segment_gap_v2,0.8,1.2,0.75,1.0,kp0.8_ki1.2_kd0.75_ml1,2.826280855170711,2.3661814074933756,2.414634119035951,2.262490669070375,1.6356699146990759,1.8905053552632813,1.9038458658351596,1.7626571559867656,2.4798326285446697,3.6815596920230065,3.9920621712104363,4.662194112677972,3.7371957486757736,3.9528222767034005
canonical_pid_replay_segment_gap_v2,0.8,1.2,0.5,1.0,kp0.8_ki1.2_kd0.5_ml1,2.8263741163282194,2.3661366780050366,2.4151713536305515,2.2621627869984087,1.6355383600078799,1.8905759154088428,1.9041556632370933,1.762817871283139,2.4797965247621785,3.681690832077519,3.9922316168162637,4.662532805509977,3.737164512661039,3.9528885918689234
canonical_pid_replay_segment_gap_v2,0.8,1.2,0.25,1.0,kp0.8_ki1.2_kd0.25_ml1,2.826418494377737,2.3661320877056347,2.4153843952031075,2.2617749645136644,1.6354758519121362,1.8907505819655703,1.9042764004588537,1.7633054594659805,2.4797900467761456,3.681732337165963,3.9922396683441357,4.66254819465668,3.7370709407261544,3.9529594980165617
canonical_pid_replay_segment_gap_v2,0.8,1.2,0.0,1.0,kp0.8_ki1.2_kd0_ml1,2.826428689855705,2.3656628432020526,2.4154133778656686,2.2620216867952365,1.6357435340631505,1.8910135378475952,1.9045243518186907,1.7630256057819593,2.4797619917717886,3.681755703056093,3.9920656160293984,4.662307824168483,3.7372224304375723,3.9530544652864723
canonical_pid_replay_segment_gap_v2,0.8,1.0,0.75,1.0,kp0.8_ki1_kd0.75_ml1,2.826534829832554,2.3683392036014945,2.415590095223324,2.2634742754042447,1.6362384552362463,1.890229026354972,1.9039747950457173,1.7622188483133794,2.4798071787422806,3.6814088238023377,3.9919678846225786,4.66201990337851,3.736891028951389,3.952793269146723
canonical_pid_replay_segment_gap_v2,0.8,1.0,1.0,1.0,kp0.8_ki1_kd1_ml1,2.8265616606475485,2.36845450423549,2.415574400536134,2.263694758371045,1.636336162473684,1.8904751087264673,1.9037358146183674,1.7623693037149035,2.4797900288916472,3.6814019416646784,3.99192147029463,4.661783876307581,3.737032875448454,3.9527313431350417
canonical_pid_replay_segment_gap_v2,0.8,1.0,0.5,1.0,kp0.8_ki1_kd0.5_ml1,2.826677506912485,2.368476047055091,2.416167985092537,2.263281498839414,1.6362629104081223,1.8902566491787465,1.9041937174045076,1.762532706129356,2.4797769265746097,3.68152609552747,3.991935758515742,4.66248263059523,3.7370454034007174,3.9528692611407723
canonical_pid_replay_segment_gap_v2,0.8,1.0,0.25,1.0,kp0.8_ki1_kd0.25_ml1,2.826740016578299,2.368307367021386,2.416312865362997,2.263050394688236,1.636138241209782,1.8904601390273452,1.9044703796345104,1.763127048511987,2.479773489803412,3.6814124657671496,3.9922948216813645,4.662429256976341,3.7368848770904024,3.952958868742975
canonical_pid_replay_segment_gap_v2,0.8,1.0,0.0,1.0,kp0.8_ki1_kd0_ml1,2.8267616239250866,2.368431012974196,2.4161816221758357,2.263123270570501,1.6364895541703746,1.8907127291318584,1.9043713548646177,1.7630891316175752,2.479745606413356,3.68149519501546,3.992102088963429,4.66222104806118,3.7369202998229287,3.9530181972448113
canonical_pid_replay_segment_gap_v2,0.8,0.8,1.0,1.0,kp0.8_ki0.8_kd1_ml1,2.826923676321381,2.370955722577975,2.416612200178095,2.264889749312774,1.636836823979017,1.890617737100461,1.9038679535959921,1.7619853111250965,2.479776466392892,3.681252483675596,3.991923895431057,4.661717574891942,3.7369871008806985,3.9525847730363544
canonical_pid_replay_segment_gap_v2,0.8,0.8,0.75,1.0,kp0.8_ki0.8_kd0.75_ml1,2.826942347470477,2.370750582757984,2.416657179908726,2.264577397766497,1.6369132129618815,1.8903097940259526,1.9040985531833199,1.7624666798712545,2.4798051189852717,3.6812677257326203,3.9919745056016835,4.661946704552403,3.7368285039386726,3.9526545578299306
canonical_pid_replay_segment_gap_v2,0.8,0.8,0.5,1.0,kp0.8_ki0.8_kd0.5_ml1,2.8270506513871276,2.370921623980371,2.4169313125096554,2.264566486126412,1.6368315966502713,1.890341753625924,1.9044192167685263,1.7625164886698979,2.4797769653182944,3.681387895861338,3.991953251712735,4.662422804178153,3.7368617940522557,3.9527272785788266
canonical_pid_replay_segment_gap_v2,0.8,0.8,0.25,1.0,kp0.8_ki0.8_kd0.25_ml1,2.8270605178558457,2.3708462976133204,2.4171251935462115,2.264252584515761,1.6367517438365775,1.8905477660204089,1.9043333422830881,1.762837294764526,2.479758825831874,3.6812208086589244,3.992130273543886,4.6623242102114775,3.736864914610306,3.9527934766896293
canonical_pid_replay_segment_gap_v2,0.8,0.8,0.0,1.0,kp0.8_ki0.8_kd0_ml1,2.8271103564322764,2.3710300179488897,2.41709813170591,2.2642197656845258,1.6370294668243324,1.8905010914383542,1.9045678834108208,1.7631274351485675,2.47973077937791,3.6812603192305073,3.9921676146454153,4.662138942310687,3.73675785459486,3.9528053312988116
canonical_pid_replay_segment_gap_v2,0.8,0.6,1.0,1.0,kp0.8_ki0.6_kd1_ml1,2.827237695416999,2.3735864836219496,2.4175883937618674,2.265913667223201,1.6374808026275913,1.8904703970270245,1.9042009952175858,1.7618944241858525,2.479757423955452,3.6810987824167367,3.99192488614305,4.661651981631891,3.7361785235774474,3.9523432790313353
canonical_pid_replay_segment_gap_v2,0.8,0.6,0.75,1.0,kp0.8_ki0.6_kd0.75_ml1,2.8272751779080076,2.3735072724523394,2.4177749681891494,2.2656764702007344,1.6376001786142869,1.8904201911226046,1.9041889130388963,1.7620767579052128,2.4797761802210116,3.681101881065708,3.9919400456623415,4.661879221292458,3.7362323318723085,3.952402901167048
canonical_pid_replay_segment_gap_v2,0.8,0.6,0.5,1.0,kp0.8_ki0.6_kd0.5_ml1,2.8273162972776316,2.3736557457728282,2.4176242541157555,2.2655924982648945,1.6374910862032561,1.8904825143446338,1.9044198375451993,1.7623054393797861,2.4797538085414077,3.6811674227499416,3.9919669277770424,4.662369384687284,3.7358175922623853,3.9524653529648
canonical_pid_replay_segment_gap_v2,0.8,0.6,0.25,1.0,kp0.8_ki0.6_kd0.25_ml1,2.8274104079360347,2.3734490746800057,2.4182593575996503,2.2653824051408487,1.6374233128731615,1.8907027162085701,1.9045273922650676,1.7623418260353556,2.4797459917596663,3.6809502950404998,3.9920306262776872,4.662249083977875,3.7367481089296954,3.9525251123803655
canonical_pid_replay_segment_gap_v2,0.8,0.6,0.0,1.0,kp0.8_ki0.6_kd0_ml1,2.827488280737085,2.3735067999701425,2.4181505518245308,2.26545474490583,1.6376553001664558,1.8905818996573238,1.9047677396038603,1.7630376048062155,2.479717521174136,3.6810191183497776,3.9921941165062442,4.662056599304299,3.736645652434735,3.95256000087855
canonical_pid_replay_segment_gap_v2,0.8,0.4,1.0,1.0,kp0.8_ki0.4_kd1_ml1,2.8276918616737725,2.376316472424352,2.4186468149263187,2.2670441669185473,1.6381874834394603,1.890664884120862,1.904289467397124,1.7618724787745477,2.4797420347842536,3.681033975848909,3.9919489487556334,4.661579793809882,3.7362998191543983,3.9523678614047544
canonical_pid_replay_segment_gap_v2,0.8,0.4,0.75,1.0,kp0.8_ki0.4_kd0.75_ml1,2.8277008764295957,2.376168775485444,2.4189052506245976,2.2668256709460617,1.6382339430998976,1.8904571870709317,1.904522155910534,1.762137160416996,2.479760308643112,3.6810180650330673,3.991967018439553,4.661812271532404,3.7358878370073403,3.9524157493748002
canonical_pid_replay_segment_gap_v2,0.8,0.4,0.5,1.0,kp0.8_ki0.4_kd0.5_ml1,2.827724452301635,2.376260687293821,2.4187380357787878,2.2668957835455155,1.6381293535614283,1.8906184484992952,1.9046663156000623,1.7620454832518364,2.479732749141284,3.680835373056736,3.991991798175114,4.662319330296707,3.735705607079612,3.952478914641056
canonical_pid_replay_segment_gap_v2,0.8,0.4,0.25,1.0,kp0.8_ki0.4_kd0.25_ml1,2.827827520596851,2.3764095654260666,2.419295309426969,2.2666168438763505,1.6380825588396695,1.8908345839432128,1.9045837718368928,1.7623872059760428,2.479731164495514,3.680834767966349,3.992109830426667,4.662164511133631,3.7361640706578356,3.9525435837538687
canonical_pid_replay_segment_gap_v2,0.8,0.4,0.0,1.0,kp0.8_ki0.4_kd0_ml1,2.8278381988310466,2.376302557302264,2.4191940778612597,2.2666907726027827,1.6382899325859859,1.8906905208767875,1.9049372644123508,1.762499917711045,2.4797037867492526,3.6808108525609975,3.9920672396608183,4.661947889062316,3.7361960854781326,3.9525656879396105
canonical_pid_replay_segment_gap_v2,0.6,1.4,1.0,1.0,kp0.6_ki1.4_kd1_ml1,2.8319323771332026,2.3853319155329005,2.434359118669644,2.282486659806323,1.6507751984410064,1.8904236434853197,1.908016883797032,1.7612887030654665,2.4796585932834616,3.681101591303967,3.9919464438519388,4.661414731777082,3.7359789373240155,3.952338482393479
canonical_pid_replay_segment_gap_v2,0.6,1.4,0.5,1.0,kp0.6_ki1.4_kd0.5_ml1,2.8319358224168614,2.385240423253154,2.4346594065272655,2.2822233925891804,1.650909161750563,1.8902619883551228,1.908540122884012,1.7615132456996478,2.4796655387399844,3.6810205714368145,3.9918384491642045,4.661707071435047,3.7352059886336275,3.9523803309505676
canonical_pid_replay_segment_gap_v2,0.6,1.4,0.75,1.0,kp0.6_ki1.4_kd0.75_ml1,2.831955163140324,2.385240192164612,2.434507487880895,2.2824670389757333,1.6507866345126194,1.8903429066986355,1.9082525956798424,1.761508001255974,2.4796578121643895,3.6810259374439482,3.991870942411856,4.661578553545777,3.7358204409969935,3.952358577092936
canonical_pid_replay_segment_gap_v2,0.6,1.4,0.25,1.0,kp0.6_ki1.4_kd0.25_ml1,2.8319656930375694,2.3851484894467583,2.434912438999971,2.28238349466816,1.650782384365901,1.890220456902578,1.9085689180861714,1.7617137062708768,2.479689614200618,3.680921170260765,3.991813616613101,4.66194882330798,3.7350765793633727,3.9523743170021475
canonical_pid_replay_segment_gap_v2,0.6,1.4,0.0,1.0,kp0.6_ki1.4_kd0_ml1,2.8320114178547566,2.385147772955502,2.4349900454999207,2.28228905303612,1.6507376753539564,1.890188325597802,1.9083703957540348,1.7618539201256942,2.4797032150255593,3.68097326142162,3.991822717576339,4.6617518416111645,3.73596460200274,3.9523556061513876
canonical_pid_replay_segment_gap_v2,0.6,1.2,0.0,1.0,kp0.6_ki1.2_kd0_ml1,2.832541849661575,2.3886152591155017,2.4365265762606114,2.284090757000845,1.6516558176590335,1.8901998346739475,1.908847161179195,1.7618140968474905,2.4796975967001296,3.6807563748101924,3.9918017231674603,4.661632417380494,3.73505178570525,3.9523546451003213
canonical_pid_replay_segment_gap_v2,0.6,1.2,1.0,1.0,kp0.6_ki1.2_kd1_ml1,2.8325676711772534,2.388821441949546,2.435838462423986,2.284226580987786,1.6516583035039991,1.8903987915702196,1.9084190620748938,1.761194233339695,2.479658424077259,3.68080612022387,3.9919678775457026,4.6614500176042375,3.7365107682134315,3.9524296417896614
canonical_pid_replay_segment_gap_v2,0.6,1.2,0.75,1.0,kp0.6_ki1.2_kd0.75_ml1,2.8325737539546076,2.388769441991328,2.4359695054639654,2.284222106425105,1.6515806798588295,1.8903463454838203,1.908686621215967,1.7614380382109067,2.4796550504788604,3.680781781811516,3.991802815028857,4.661534270079273,3.7362611599580853,3.9524109854033918
canonical_pid_replay_segment_gap_v2,0.6,1.2,0.25,1.0,kp0.6_ki1.2_kd0.25_ml1,2.8325994109827115,2.388664762348642,2.4363825761337115,2.284156011797515,1.6516952653575043,1.8902172591517463,1.9090719543469739,1.7616662399328853,2.4796870318386115,3.680732884732088,3.9917505157709336,4.6618838126764155,3.7355116645533286,3.952372364134888
canonical_pid_replay_segment_gap_v2,0.6,1.2,0.5,1.0,kp0.6_ki1.2_kd0.5_ml1,2.8326020909271064,2.388734246582669,2.4361361268706854,2.2840765897628765,1.6518193576497053,1.8903133019552574,1.9089542373565418,1.761474063675409,2.4796630162522764,3.6807765177439804,3.9917628629633986,4.661670550403639,3.736055049737302,3.952391261098644
canonical_pid_replay_segment_gap_v2,0.6,1.0,0.75,1.0,kp0.6_ki1_kd0.75_ml1,2.8332101361862394,2.3924705807582236,2.437520304077279,2.2860059875874272,1.6525306576869694,1.8904501868748305,1.9090951528441105,1.7613339358253504,2.4796467085232545,3.6807300555698013,3.991766222455557,4.661479945056919,3.736228453577004,3.9524735795843924
canonical_pid_replay_segment_gap_v2,0.6,1.0,1.0,1.0,kp0.6_ki1_kd1_ml1,2.8332215918666606,2.392525986204149,2.437403902992871,2.286100680583787,1.6525261661012935,1.8905386787408294,1.9088674018005125,1.7610470205807751,2.4796561558199834,3.6807644101682855,3.991958887002287,4.66149303490468,3.7365078700058008,3.9524904993613332
canonical_pid_replay_segment_gap_v2,0.6,1.0,0.0,1.0,kp0.6_ki1_kd0_ml1,2.8332453891429745,2.3923711012311135,2.4381146846702606,2.285922257646228,1.6526310551642922,1.8903395699743415,1.909339812131103,1.7618030893857917,2.47969123475964,3.6806733314661977,3.9917066599135365,4.661495963097466,3.7356707465508285,3.952430552867872
canonical_pid_replay_segment_gap_v2,0.6,1.0,0.5,1.0,kp0.6_ki1_kd0.5_ml1,2.8332459736740696,2.3924397361072964,2.4376600466166765,2.2859697946159936,1.6527278530887093,1.890431189151075,1.9093741843197582,1.7615163182872966,2.4796519495826286,3.680715534375255,3.9917275934889918,4.661645537129179,3.7358799947060786,3.952457926293959
canonical_pid_replay_segment_gap_v2,0.6,1.0,0.25,1.0,kp0.6_ki1_kd0.25_ml1,2.833285147527361,2.3924318733448517,2.437908024681635,2.2860082379706426,1.652690169472966,1.8903459967167393,1.9095477828263958,1.7615837908251908,2.4796795290446667,3.680683629716404,3.9917074378437056,4.661820970116737,3.7358556673528986,3.952443807942864
canonical_pid_replay_segment_gap_v2,0.6,0.8,0.75,1.0,kp0.6_ki0.8_kd0.75_ml1,2.8338526959213612,2.3963851878474194,2.439054510171515,2.287982068276157,1.6534871239437432,1.8906018420358766,1.9095438362681614,1.7611979501604391,2.4796422593383363,3.6806683403908327,3.9917531073076553,4.661483932380366,3.7362096088986942,3.952075279958502
canonical_pid_replay_segment_gap_v2,0.6,0.8,1.0,1.0,kp0.6_ki0.8_kd1_ml1,2.833863092077614,2.396446935254335,2.439024440068351,2.288038071674706,1.653410498893585,1.8906799545878714,1.9094041456303115,1.760936473869564,2.4796539242731286,3.6806741869929227,3.991907193350962,4.661492479699349,3.736525718631204,3.9520261740826883
canonical_pid_replay_segment_gap_v2,0.6,0.8,0.5,1.0,kp0.6_ki0.8_kd0.5_ml1,2.833889781734734,2.3963586651338837,2.4391359921895943,2.2878755520907563,1.6536020184821363,1.8905640522532334,1.9098716837382932,1.7613009824045365,2.479645813734873,3.680662087131909,3.9917279553046066,4.661622850540767,3.735988167232469,3.9522113423144862
canonical_pid_replay_segment_gap_v2,0.6,0.8,0.0,1.0,kp0.6_ki0.8_kd0_ml1,2.833894962196964,2.396296792160507,2.439545081594379,2.2877840977131956,1.6535795754101636,1.8903464238560705,1.9098476200356067,1.7617454807304433,2.4796844301741143,3.680640541705992,3.9916878465243024,4.6613656027352315,3.735739558488144,3.952371457432381
canonical_pid_replay_segment_gap_v2,0.6,0.8,0.25,1.0,kp0.6_ki0.8_kd0.25_ml1,2.8339208627796557,2.3963471161811927,2.4393313467042264,2.2879587839392213,1.6537062971167427,1.8904054371680161,1.9099794740184288,1.7614154598344325,2.479671728236495,3.680646129206251,3.9916926310071,4.661706112065279,3.7358242502615564,3.9522864503965773
canonical_pid_replay_segment_gap_v2,0.6,0.6,0.75,1.0,kp0.6_ki0.6_kd0.75_ml1,2.8344944172194104,2.400616066176316,2.440476953637486,2.2900658103551192,1.6544437415233517,1.8905581516578855,1.9100811104745894,1.7611594319474901,2.4796411445033315,3.6806059240195617,3.9917560601460043,4.661457104004022,3.7363071252515874,3.951258800155594
canonical_pid_replay_segment_gap_v2,0.6,0.6,1.0,1.0,kp0.6_ki0.6_kd1_ml1,2.834500583603865,2.4006769119395295,2.440539568829141,2.2900802025453006,1.6543921805037851,1.8906342497227742,1.9100104841706849,1.760971878198801,2.4796536851542843,3.680605071300184,3.9918545313052314,4.661452544124411,3.736554896857721,3.9510813821983937
canonical_pid_replay_segment_gap_v2,0.6,0.6,0.5,1.0,kp0.6_ki0.6_kd0.5_ml1,2.8345211470041667,2.4005911899534564,2.4406267446765395,2.2898644343259424,1.654549224975793,1.8905494153924314,1.9103961256770787,1.76121794720364,2.4796446150415714,3.680597042441999,3.9917304932437006,4.661577859381077,3.7360960974472923,3.951333721293642
canonical_pid_replay_segment_gap_v2,0.6,0.6,0.0,1.0,kp0.6_ki0.6_kd0_ml1,2.834521833775355,2.40049510692054,2.4410400766732274,2.289831209313218,1.6545187342510161,1.890355601193561,1.9103887524875551,1.7616819431823147,2.4796839269714215,3.680573996772457,3.9916818598734345,4.661264765257886,3.7357593273983802,3.951508538784612
canonical_pid_replay_segment_gap_v2,0.6,0.6,0.25,1.0,kp0.6_ki0.6_kd0.25_ml1,2.834549486825042,2.400546069274423,2.440842508375193,2.2899843845717127,1.6546523027877882,1.890397923222763,1.910462810493384,1.761371192735604,2.4796712517508523,3.6805789380603042,3.991695091522221,4.661579031027887,3.735942346133763,3.9514194787696533
canonical_pid_replay_segment_gap_v2,0.6,0.4,0.75,1.0,kp0.6_ki0.4_kd0.75_ml1,2.835188263687475,2.4051312641637232,2.4422044146345976,2.2922007649396448,1.6553906341325284,1.8904534647645768,1.9106686801720454,1.7610799293700474,2.479644287871004,3.680536892671497,3.99175359564336,4.661379026459051,3.7364535621231956,3.9505509109919026
canonical_pid_replay_segment_gap_v2,0.6,0.4,1.0,1.0,kp0.6_ki0.4_kd1_ml1,2.835188501145697,2.40517394338224,2.4423239067555245,2.2921744993084374,1.6553743138286314,1.8905391853370699,1.9105059230139394,1.7607965070750022,2.479657833306989,3.6805392227536955,3.991766113501946,4.661366715814309,3.7367028608954853,3.9505294899207892
canonical_pid_replay_segment_gap_v2,0.6,0.4,0.5,1.0,kp0.6_ki0.4_kd0.5_ml1,2.835210665202437,2.4050893398861692,2.4423664907485922,2.2919227554968815,1.6555042647868046,1.8904989039943043,1.9109612310823678,1.7612050249209303,2.4796448474530166,3.6805309677564133,3.991733443002964,4.661485971347586,3.7362142042846673,3.950581202870987
canonical_pid_replay_segment_gap_v2,0.6,0.4,0.0,1.0,kp0.6_ki0.4_kd0_ml1,2.8352138832056752,2.404980076152583,2.4428573656286994,2.2919566324276497,1.6555192898807312,1.8902848233645668,1.9109652279007205,1.7616328699406392,2.479683288450113,3.680509271061718,3.9916728192553985,4.661129070921006,3.735876839600396,3.9507129070895552
canonical_pid_replay_segment_gap_v2,0.6,0.4,0.25,1.0,kp0.6_ki0.4_kd0.25_ml1,2.835238104278353,2.4050234663277426,2.4426249507054805,2.2921318343072614,1.6556182123155476,1.8903075359386161,1.911057956885899,1.761340568580108,2.479670330321977,3.6805158228550536,3.9917019132740337,4.661416605692522,3.7360430395769515,3.9506431188374016
canonical_pid_replay_segment_gap_v2,0.4,1.4,0.75,1.0,kp0.4_ki1.4_kd0.75_ml1,2.843019520719369,2.419486577497034,2.470120594179233,2.319247274357895,1.6757165831992193,1.8905534271217093,1.9249616814019166,1.7603758391708986,2.4797321565886157,3.6804618828464846,3.9918412859912813,4.66109770129297,3.735455321573472,3.9502034441310716
canonical_pid_replay_segment_gap_v2,0.4,1.4,0.5,1.0,kp0.4_ki1.4_kd0.5_ml1,2.843020624174063,2.4194140168544767,2.4702714203825047,2.319292893597771,1.6757447842751798,1.8903094753377836,1.9250148320349763,1.760705177572202,2.47973045198511,3.6804822568085065,3.991812699574114,4.661058051186964,3.735201222634577,3.9502308320186565
canonical_pid_replay_segment_gap_v2,0.4,1.4,1.0,1.0,kp0.4_ki1.4_kd1_ml1,2.843046104570471,2.4195431723848397,2.4702106109031354,2.3195387788514874,1.675494591838244,1.8905277395306632,1.925044234026488,1.7602162137169213,2.4797418913005327,3.680438930786068,3.99186762667275,4.6610896879695,3.7357467450015096,3.950139136433981
canonical_pid_replay_segment_gap_v2,0.4,1.4,0.25,1.0,kp0.4_ki1.4_kd0.25_ml1,2.8430538697714502,2.4193010660683893,2.4705621632320898,2.3191815981288886,1.675803180365328,1.8902118429176238,1.9251409614004926,1.7610410798661995,2.4797387745907113,3.6805061584432277,3.9917880539000996,4.661141009287397,3.7350275608009884,3.9502568580274193
canonical_pid_replay_segment_gap_v2,0.4,1.4,0.0,1.0,kp0.4_ki1.4_kd0_ml1,2.843060928047234,2.4192261544467617,2.4708628935234915,2.3191551274803355,1.6757958202583294,1.890126921147963,1.9252319169770253,1.7613359142482647,2.479743777940155,3.680502819738855,3.991765846008825,4.660810341754777,3.734953083309696,3.95028144777956
canonical_pid_replay_segment_gap_v2,0.4,1.2,0.5,1.0,kp0.4_ki1.2_kd0.5_ml1,2.8440762716342336,2.4251626098962538,2.4731779346251996,2.3222884763881173,1.6772437858803801,1.8902060687485072,1.9266480369330479,1.7605227767362324,2.4797416413899414,3.6804067140963657,3.9917336792604616,4.661004320836555,3.7352551407253967,3.9496003457285753
canonical_pid_replay_segment_gap_v2,0.4,1.2,0.75,1.0,kp0.4_ki1.2_kd0.75_ml1,2.844089807805977,2.425236002650422,2.473020337405701,2.322281771178514,1.6771900633653845,1.8904854807272062,1.9265882102773457,1.7602387241148965,2.4797426605790616,3.6803899627235785,3.991768849862004,4.661050301705779,3.7355504557320316,3.9496246811557807
canonical_pid_replay_segment_gap_v2,0.4,1.2,0.25,1.0,kp0.4_ki1.2_kd0.25_ml1,2.844092864650459,2.425073146265591,2.4734643070795523,2.322190095029142,1.6772952230338873,1.890104251952209,1.9267273598636925,1.760859885221133,2.479749157473367,3.680423521341257,3.991730636097172,4.660927016942284,3.735089527548769,3.949573112607913
canonical_pid_replay_segment_gap_v2,0.4,1.2,0.0,1.0,kp0.4_ki1.2_kd0_ml1,2.8441158056153446,2.4249888045394905,2.4737487656265253,2.322154316951037,1.677303599292447,1.890022659250569,1.9268080157525393,1.7613457831740922,2.4797542897617686,3.680419133091721,3.9917237128834433,4.660632467191443,3.7349732260865998,3.949630699397801
canonical_pid_replay_segment_gap_v2,0.4,1.2,1.0,1.0,kp0.4_ki1.2_kd1_ml1,2.844129403661914,2.4252993640255958,2.4731046087310133,2.3225282386334185,1.6769618380173321,1.890447364072114,1.9266692836765866,1.7601811238323901,2.4797523429725756,3.6803776254116123,3.9917907368759047,4.661074375699232,3.7358455207819543,3.949649824875142
canonical_pid_replay_segment_gap_v2,0.4,1.0,0.25,1.0,kp0.4_ki1_kd0.25_ml1,2.8452590090790886,2.4312872291369048,2.476453138339818,2.3253590479784356,1.678881259449204,1.890004795487915,1.9284096154683514,1.7607475437361222,2.479759759188108,3.680335250220723,3.991638048821746,4.660600645162477,3.735035354845879,3.9498554301924735
canonical_pid_replay_segment_gap_v2,0.4,1.0,0.0,1.0,kp0.4_ki1_kd0_ml1,2.845265445783926,2.431232297753603,2.476739903388134,2.325336367958957,1.678904457650801,1.889953730735482,1.9284133702725488,1.7612190024605707,2.4797663646587034,3.680329269632697,3.991619433035991,4.660167385941254,3.734948498011056,3.949820713691246
canonical_pid_replay_segment_gap_v2,0.4,1.0,0.5,1.0,kp0.4_ki1_kd0.5_ml1,2.8452830017411728,2.4313439627207885,2.476178018813718,2.3254716505985082,1.6788426633786193,1.8901445331741213,1.9283520428229572,1.7604473242746623,2.47975348166424,3.6803238711006814,3.991683317303128,4.660896857343945,3.735349532340764,3.949891767099109
canonical_pid_replay_segment_gap_v2,0.4,1.0,0.75,1.0,kp0.4_ki1_kd0.75_ml1,2.8452905341348753,2.431375382894554,2.476022382637428,2.3255049080138637,1.678755576985564,1.8904013966580202,1.9282832976466002,1.7601657363022998,2.4797545295628414,3.6803228843284668,3.991701086756457,4.66090243451887,3.7356596069691457,3.9499277204792698
canonical_pid_replay_segment_gap_v2,0.4,1.0,1.0,1.0,kp0.4_ki1_kd1_ml1,2.8453465132368487,2.4314066919988764,2.4760944168415904,2.325750503088988,1.6785393336611187,1.8903839837767815,1.9283822682272718,1.7602592911335144,2.479763253884185,3.680320382291525,3.991745364837149,4.660962593886362,3.7359320890333567,3.949964499418319
canonical_pid_replay_segment_gap_v2,0.4,0.8,0.0,1.0,kp0.4_ki0.8_kd0_ml1,2.846503902341508,2.437904135446005,2.4798131604786975,2.3286667592640264,1.6805805207664113,1.889906062291938,1.930109029314635,1.7611394325860157,2.4797785514806514,3.680266683333992,3.991582710751296,4.659963969489518,3.734875689960731,3.949964025275694
canonical_pid_replay_segment_gap_v2,0.4,0.8,0.25,1.0,kp0.4_ki0.8_kd0.25_ml1,2.846505355676484,2.437974183259956,2.4795328403297394,2.32870006534299,1.680537348869228,1.8899423474041868,1.9301573556190548,1.7607156778151583,2.4797708173244595,3.6802709040505306,3.991604316613124,4.660235022047343,3.735126294381756,3.9500024507367626
canonical_pid_replay_segment_gap_v2,0.4,0.8,0.5,1.0,kp0.4_ki0.8_kd0.5_ml1,2.8465357143406207,2.4380261065798474,2.4792563907473624,2.3288262882139663,1.6804927225582535,1.8901040051660105,1.9301166593928485,1.7604536405371498,2.4797663200869664,3.680265181056313,3.9916340415022034,4.66052312740381,3.73544501749935,3.9500547856839883
canonical_pid_replay_segment_gap_v2,0.4,0.8,0.75,1.0,kp0.4_ki0.8_kd0.75_ml1,2.846545553299443,2.438062414606982,2.4791147650261376,2.328891846272862,1.6803860060826035,1.8903489366629052,1.9299825110745428,1.760264491083201,2.479766414103549,3.680262408654786,3.9916423239702703,4.660529199927157,3.735758876751491,3.950081998676266
canonical_pid_replay_segment_gap_v2,0.4,0.8,1.0,1.0,kp0.4_ki0.8_kd1_ml1,2.8466032069620173,2.4380722093105356,2.4791940719565253,2.3291546460503185,1.6801956454466813,1.8903193735063482,1.9301275969350622,1.7603652726015575,2.479773538423807,3.6802652737226964,3.9916663660105924,4.660602243866667,3.7360385769554143,3.950066875720017
canonical_pid_replay_segment_gap_v2,0.4,0.6,0.25,1.0,kp0.4_ki0.6_kd0.25_ml1,2.847801638603177,2.4451816321294104,2.482635634654623,2.332193910643147,1.6823137135280515,1.8899099755942037,1.9319410456703323,1.7607792136193074,2.4797815070230356,3.6802065083243343,3.9915205337999566,4.660106261550632,3.7352245950982046,3.949626770206063
canonical_pid_replay_segment_gap_v2,0.4,0.6,0.0,1.0,kp0.4_ki0.6_kd0_ml1,2.8478049412055784,2.4451082984814008,2.4829445721303993,2.332151960161401,1.682376419640553,1.88988447597552,1.9319195163158807,1.76116215813682,2.4797883109669727,3.6802073102163764,3.9915083446508306,4.659867182202212,3.7349172001901727,3.949628486603976
canonical_pid_replay_segment_gap_v2,0.4,0.6,0.5,1.0,kp0.4_ki0.6_kd0.5_ml1,2.8478215827310955,2.445231732304621,2.4823389924971333,2.3323206172855837,1.6822404354074656,1.8900794412597877,1.9319094737485953,1.7605977267700723,2.479778028038051,3.680209420857978,3.9915201108310385,4.660294306373008,3.7355474800710766,3.9496128100598256
canonical_pid_replay_segment_gap_v2,0.4,0.6,0.75,1.0,kp0.4_ki0.6_kd0.75_ml1,2.847834601234638,2.4452832713277712,2.4821851449985535,2.332403954202729,1.6821056658490434,1.8903168629783158,1.9318102514516404,1.7604677083350195,2.479776820230938,3.6802102630072238,3.9915181451444184,4.660330941658043,3.735847597461417,3.9495931894051783
canonical_pid_replay_segment_gap_v2,0.4,0.6,1.0,1.0,kp0.4_ki0.6_kd1_ml1,2.8478856357455267,2.4453307783492053,2.4821942774314856,2.3326771482112205,1.6819380517986389,1.8902807389731304,1.9319372312892948,1.7605557925632116,2.4797841297014327,3.6802165165976413,3.9915527890905467,4.660323489303303,3.736152065666062,3.9495702557166674
canonical_pid_replay_segment_gap_v2,0.4,0.4,0.25,1.0,kp0.4_ki0.4_kd0.25_ml1,2.8491788241652003,2.4530795664403535,2.4856352077204034,2.335848345800495,1.6841722545104296,1.8898838354228327,1.9338063857585397,1.7609744312701932,2.479792347418997,3.680131423679857,3.991471386773475,4.660083340238484,3.7353321957810373,3.9491139933325123
canonical_pid_replay_segment_gap_v2,0.4,0.4,0.0,1.0,kp0.4_ki0.4_kd0_ml1,2.8491887128429587,2.453007729309211,2.4859416268475125,2.335790895948613,1.684241868740168,1.889888596355491,1.933799830143788,1.7612922977843386,2.4797983833639092,3.6801332404619878,3.991478602104447,4.659946048125572,3.73501256053737,3.9491215872360463
canonical_pid_replay_segment_gap_v2,0.4,0.4,0.5,1.0,kp0.4_ki0.4_kd0.5_ml1,2.8491979045678493,2.4531258010028902,2.48536579360739,2.3359620091033357,1.6840920486330202,1.8900480909134825,1.9337662205979784,1.7608761979381657,2.4797901579991364,3.6801363905970343,3.99149084469445,4.6601779807994275,3.735636091197709,3.949105132298015
canonical_pid_replay_segment_gap_v2,0.4,0.4,0.75,1.0,kp0.4_ki0.4_kd0.75_ml1,2.8492195504190105,2.4531589112309455,2.4852220096272917,2.3360604505659968,1.6839435705695456,1.8902844072086185,1.9337060418822716,1.7607685660818841,2.47978903983422,3.680141275007564,3.991513862350013,4.660225830829081,3.7359429242409763,3.949097266018733
canonical_pid_replay_segment_gap_v2,0.4,0.4,1.0,1.0,kp0.4_ki0.4_kd1_ml1,2.8492730713214742,2.4532241424026364,2.4852026783945997,2.336362743217557,1.68377215459013,1.8902675068275687,1.9338167672690982,1.7608224210692942,2.4797973890583305,3.6801599658573814,3.991550818892795,4.660275788245357,3.7362122251040764,3.9490853262503403
canonical_pid_replay_segment_gap_v2,1.6,1.4,1.0,0.8,kp1.6_ki1.4_kd1_ml0.8,2.896516354126018,2.413413684485372,2.486256475840467,2.3377953266223175,1.7102374901725514,2.004198324095365,2.001681154320808,1.853985082353584,2.569899664773474,3.771436557567096,4.075062460148998,4.687705876978279,3.765509654726324,3.977530851553594
canonical_pid_replay_segment_gap_v2,1.6,1.0,1.0,0.8,kp1.6_ki1_kd1_ml0.8,2.896617659154307,2.414250993203384,2.4870306652652054,2.338125321798551,1.710073868744263,2.0044292426592825,2.0017032989953396,1.8533216862612134,2.5698883713680374,3.7715042582313743,4.074900738960703,4.688419946455434,3.764483064216833,3.977898112846377
canonical_pid_replay_segment_gap_v2,1.6,1.2,1.0,0.8,kp1.6_ki1.2_kd1_ml0.8,2.896626465616197,2.41430685415266,2.486536976632396,2.3378297340524306,1.7101386534847636,2.0041941130864545,2.001561931352595,1.8533240742567516,2.569882684570954,3.7715741262206937,4.074794754277761,4.6881476408529,3.7654854465216197,3.9783670635485886
canonical_pid_replay_segment_gap_v2,1.6,1.4,0.5,0.8,kp1.6_ki1.4_kd0.5_ml0.8,2.8966325824665216,2.4135418942792373,2.4868549528454915,2.337773325603514,1.710141240536414,2.004783564062747,2.0019662247283905,1.8543288468182137,2.569830555691956,3.771398679579406,4.074757675897473,4.68898379328444,3.764354724722182,3.977508094015311
canonical_pid_replay_segment_gap_v2,1.6,1.4,0.75,0.8,kp1.6_ki1.4_kd0.75_ml0.8,2.8966346262635088,2.4132824982039875,2.487085032075755,2.3374390085446337,1.7102050196526302,2.0044921482112152,2.0015254766374806,1.8542697267993893,2.5698863821974602,3.771362009318672,4.0750861326339685,4.688880378395432,3.765159488388035,3.9775768403669587
canonical_pid_replay_segment_gap_v2,1.6,1.2,0.75,0.8,kp1.6_ki1.2_kd0.75_ml0.8,2.8966359736601315,2.413777741661158,2.487024583228988,2.3379581916616274,1.710160990556677,2.004635831910276,2.001475254380598,1.8537990197441256,2.569913274855342,3.771348811135237,4.074392474664787,4.688467587632062,3.7652317877560084,3.978082108394825
canonical_pid_replay_segment_gap_v2,1.6,0.6,1.0,0.8,kp1.6_ki0.6_kd1_ml0.8,2.896685592153914,2.414816721586701,2.486827277768171,2.3383297141903507,1.70997717967051,2.004312860776752,2.0018729865108744,1.8536176053617173,2.569917354780263,3.7714731725092605,4.0744154165976445,4.689106263462583,3.764697053486588,3.977549091299466
canonical_pid_replay_segment_gap_v2,1.6,1.0,0.75,0.8,kp1.6_ki1_kd0.75_ml0.8,2.89670787392295,2.414423601443665,2.486902853667894,2.3381253438099967,1.7101177444215205,2.004472329376192,2.001448266233019,1.8538732556026618,2.5698569529327693,3.7714058566349506,4.074917300652707,4.688037802456623,3.7655396411634743,3.978081412602883
canonical_pid_replay_segment_gap_v2,1.6,0.8,1.0,0.8,kp1.6_ki0.8_kd1_ml0.8,2.8967182144753187,2.415017571669214,2.4868143582102067,2.3377314755131287,1.7104028840913468,2.004325790618101,2.0016696909177703,1.853297805726478,2.569966550449351,3.7714122850642844,4.074373569231327,4.688713115992037,3.7655527869402188,3.9780589037556795
canonical_pid_replay_segment_gap_v2,1.6,0.8,0.75,0.8,kp1.6_ki0.8_kd0.75_ml0.8,2.896723347818615,2.414429921096009,2.4864811596842062,2.3373042116960434,1.7101917071413941,2.0044648034367394,2.0017009179625456,1.8543421044403743,2.569898447117374,3.771373483362698,4.074825140206914,4.688565999877164,3.7656853729411686,3.9781402526793683
canonical_pid_replay_segment_gap_v2,1.6,1.2,0.0,0.8,kp1.6_ki1.2_kd0_ml0.8,2.89679818492172,2.41366184829524,2.4870700835143174,2.3377627158435175,1.7104508177913944,2.004556828971824,2.001494296468437,1.8545748373011175,2.569905691459366,3.771361019814622,4.074802097485762,4.688409770616118,3.766022743795549,3.978303652625088
canonical_pid_replay_segment_gap_v2,1.6,0.6,0.75,0.8,kp1.6_ki0.6_kd0.75_ml0.8,2.8968100919999915,2.4144374639282966,2.4867189463746264,2.337953486731957,1.7102948868983556,2.0045710226487063,2.001337260265824,1.8551298105451608,2.5699056850576514,3.771351739533465,4.074837344147624,4.688754611469991,3.7649047838359473,3.9783341545622837
canonical_pid_replay_segment_gap_v2,1.6,1.2,0.25,0.8,kp1.6_ki1.2_kd0.25_ml0.8,2.8968240137369645,2.413767064858638,2.487068643396645,2.33779936093158,1.7100934868262436,2.0045305090572634,2.0015780203512263,1.8552801749659842,2.569831391119011,3.771408158315207,4.074867845359522,4.68852386142392,3.765925488744036,3.97803817323126
canonical_pid_replay_segment_gap_v2,1.6,0.4,1.0,0.8,kp1.6_ki0.4_kd1_ml0.8,2.896830694972174,2.4151565661170498,2.486726917338889,2.338726628258959,1.7100697907133455,2.0042525921131045,2.0018454067926608,1.8544588127764348,2.5698787587942555,3.771259574602618,4.074916274587128,4.688654083677098,3.7649332282853325,3.977920400581396
canonical_pid_replay_segment_gap_v2,1.6,1.0,0.0,0.8,kp1.6_ki1_kd0_ml0.8,2.896854150174381,2.4141230316864006,2.487362800155358,2.3377497932161515,1.7104157436218133,2.0046546329714,2.0012674013546974,1.8548324364518411,2.569909742932966,3.771409079694911,4.074789166818747,4.68824175258479,3.766076500463464,3.9782718703144107
canonical_pid_replay_segment_gap_v2,1.6,0.4,0.25,0.8,kp1.6_ki0.4_kd0.25_ml0.8,2.8968556515219532,2.4150223608822445,2.4878177699807034,2.3383102084526874,1.7102376525688674,2.004389097935359,2.0013064245572667,1.8540576042308847,2.5698129359837547,3.7714349812886945,4.074953650589897,4.688362412515105,3.7653741940442997,3.978044176755624
canonical_pid_replay_segment_gap_v2,1.6,0.4,0.5,0.8,kp1.6_ki0.4_kd0.5_ml0.8,2.896855994626975,2.415363584769928,2.486816179748122,2.338190991570354,1.7105260908060271,2.0044781579150097,2.001323975222304,1.854655326614405,2.569859781127576,3.7713692068824964,4.07494565844915,4.688313427832006,3.7650458965846063,3.978239652628684
canonical_pid_replay_segment_gap_v2,1.6,0.8,0.0,0.8,kp1.6_ki0.8_kd0_ml0.8,2.8968788237839123,2.4145046413432873,2.4871015906231575,2.3378014754302536,1.7103584595225367,2.004792589885765,2.001729661937302,1.8540141705767497,2.5698702829011792,3.771309311366714,4.0747503200189845,4.688967069799417,3.7658474683154144,3.9783776674700935
canonical_pid_replay_segment_gap_v2,1.6,1.4,0.0,0.8,kp1.6_ki1.4_kd0_ml0.8,2.8968906250087034,2.4136404165553182,2.486634487742298,2.337781236923335,1.7104633128869218,2.0044712728345746,2.0015568846241067,1.8561051214220903,2.569919793705692,3.7715028253850575,4.0748025890808846,4.688342325202561,3.7659065534201814,3.978451305330122
canonical_pid_replay_segment_gap_v2,1.6,1.4,0.25,0.8,kp1.6_ki1.4_kd0.25_ml0.8,2.8969038017311837,2.413575065637733,2.4871344537489577,2.33801090087578,1.710323596935176,2.0044700647288587,2.002095805148173,1.8557949452408817,2.569889462744822,3.771385720436493,4.074794218402418,4.688164694369733,3.7658456390778703,3.978264855158486
canonical_pid_replay_segment_gap_v2,1.6,0.4,0.75,0.8,kp1.6_ki0.4_kd0.75_ml0.8,2.8969079011542154,2.4147865062769065,2.4872243805481573,2.33824288990998,1.7102699697775863,2.0045456632464913,2.0012282912592663,1.855445138407779,2.5699098009900516,3.771361811029124,4.07473602936691,4.688872202718501,3.765439225707945,3.9777408057661057
canonical_pid_replay_segment_gap_v2,1.6,0.8,0.5,0.8,kp1.6_ki0.8_kd0.5_ml0.8,2.896944406992623,2.414858068489074,2.486770702711642,2.338198247121741,1.7103367789393282,2.0047599250207173,2.0015014400562667,1.8555695217618424,2.5698347159350465,3.771482298211634,4.07507592001796,4.6884039266284665,3.7653798631732003,3.978105882837182
canonical_pid_replay_segment_gap_v2,1.6,1.2,0.5,0.8,kp1.6_ki1.2_kd0.5_ml0.8,2.896970892074572,2.41459492226745,2.486820347758703,2.3377254108239023,1.7103134799064499,2.0049031795104404,2.0014719098725933,1.8552036868883925,2.5698128646618437,3.7713609503023875,4.07492713992199,4.689218528740916,3.765936991927464,3.978332184386907
canonical_pid_replay_segment_gap_v2,1.6,1.0,0.25,0.8,kp1.6_ki1_kd0.25_ml0.8,2.8969730479150915,2.4143574032986646,2.486749891858434,2.338472996394127,1.7103331610144836,2.004421566008723,2.00167871780045,1.8554389012370158,2.5698301608217844,3.7713152220574044,4.074783140205731,4.689077293652368,3.7660913000170364,3.9780998685299647
canonical_pid_replay_segment_gap_v2,1.6,0.6,0.5,0.8,kp1.6_ki0.6_kd0.5_ml0.8,2.896976092966762,2.4151443251765605,2.486575565863649,2.3385396760236605,1.7102328256605424,2.0046633376135308,2.001384053627989,1.85561336767473,2.569993421865075,3.771367377045228,4.074865583380322,4.688304284896682,3.7657409918418616,3.978264397898073
canonical_pid_replay_segment_gap_v2,1.6,0.8,0.25,0.8,kp1.6_ki0.8_kd0.25_ml0.8,2.8969818857853187,2.4139709291210676,2.48747277462482,2.33831274470343,1.7102149942120526,2.0044056471770078,2.0014571062560154,1.8558606662365145,2.569762981487855,3.7713640095436016,4.074751345754831,4.689103886962383,3.765749988870178,3.9783374402593865
canonical_pid_replay_segment_gap_v2,1.6,0.6,0.25,0.8,kp1.6_ki0.6_kd0.25_ml0.8,2.896994807024197,2.4142607227837227,2.486962362878418,2.3384578530399094,1.7102803011106806,2.004616582992806,2.0016374474769574,1.855240290227348,2.569789806522612,3.7715084746180234,4.074878144194656,4.688750472147537,3.766314949329548,3.978235083992343
canonical_pid_replay_segment_gap_v2,1.6,1.0,0.5,0.8,kp1.6_ki1_kd0.5_ml0.8,2.8970025189154067,2.4144274375211965,2.487202798183004,2.3382702564436646,1.7104325760089953,2.004483860033789,2.0012647486325608,1.8558736159251545,2.5699158194869587,3.771281294690643,4.074877692481123,4.6889461686146205,3.7657727517048,3.9782837261737782
canonical_pid_replay_segment_gap_v2,1.4,1.4,0.5,0.8,kp1.4_ki1.4_kd0.5_ml0.8,2.897041682791072,2.4159443010149255,2.4884612772234647,2.3400819093558023,1.7107512467806851,2.00445557984514,2.0013098332984374,1.8530651364249715,2.569800362976499,3.7712505381088968,4.0748105264055825,4.6882235724289245,3.765234803827255,3.9781527885933516
canonical_pid_replay_segment_gap_v2,1.6,0.6,0.0,0.8,kp1.6_ki0.6_kd0_ml0.8,2.8970533461673496,2.4145345179852837,2.4870423478894064,2.338238811350448,1.7103555351615143,2.004540267746771,2.0016729213444235,1.8555857159513185,2.569808576460735,3.771321670687182,4.074794493369976,4.688998216737667,3.766432037969937,3.9783683875208813
canonical_pid_replay_segment_gap_v2,1.4,1.4,0.75,0.8,kp1.4_ki1.4_kd0.75_ml0.8,2.8970568588468995,2.416283555938863,2.4882555148841687,2.3397854817638257,1.7105322320397776,2.004479315979225,2.001343988830092,1.8538387499323699,2.569904499105468,3.7712880650547547,4.074797443380497,4.688187260197094,3.765241563510393,3.977801494393173
canonical_pid_replay_segment_gap_v2,1.6,0.4,0.0,0.8,kp1.6_ki0.4_kd0_ml0.8,2.8970668393719317,2.414765741766202,2.487585827241175,2.338666960848508,1.7103931343060281,2.0047540747682704,2.0016465663343808,1.8552502899125216,2.5698311129803284,3.771305524033926,4.074441806974151,4.689015882306916,3.765997188284814,3.9782148020778956
canonical_pid_replay_segment_gap_v2,1.4,1.4,0.0,0.8,kp1.4_ki1.4_kd0_ml0.8,2.8970922897060882,2.4160295535530576,2.4882518985120554,2.3393482425800243,1.7108829141089392,2.00438395048813,2.0010904794142,1.854230604844003,2.569837515756491,3.7713064002054977,4.074763886387767,4.688735419292551,3.7652022840304404,3.978136617005996
canonical_pid_replay_segment_gap_v2,1.4,1.0,1.0,0.8,kp1.4_ki1_kd1_ml0.8,2.897148461541093,2.4171846806767747,2.4890342271783115,2.3403940441709605,1.7106825332850428,2.0043678773860027,2.0012627527364777,1.8534309594358698,2.5699100800520216,3.7713401190490514,4.07480784467456,4.687994656225597,3.764596735559748,3.977923489603786
canonical_pid_replay_segment_gap_v2,1.4,1.0,0.5,0.8,kp1.4_ki1_kd0.5_ml0.8,2.8971511530195886,2.417140911708669,2.488383968486778,2.3403936816475466,1.7108787789965956,2.004509590553539,2.001148360373308,1.8529703169910468,2.569826097021149,3.771230676386782,4.074792800606034,4.688279578337871,3.7654458518772844,3.9779643762680528
canonical_pid_replay_segment_gap_v2,1.4,1.2,0.5,0.8,kp1.4_ki1.2_kd0.5_ml0.8,2.8971579110059045,2.4168398054212106,2.4888073484147974,2.3396362339281773,1.7108637305973102,2.0043625609270994,2.001190755701674,1.8534148880492358,2.5698187943127615,3.7713178756873744,4.074817350287965,4.6884376176594715,3.765479560908148,3.9780663211815264
canonical_pid_replay_segment_gap_v2,1.4,1.4,1.0,0.8,kp1.4_ki1.4_kd1_ml0.8,2.897171605251996,2.4165788654916986,2.4881477225353925,2.3398998382291536,1.7106959232783525,2.0043275156573195,2.0011639887794153,1.854582742217099,2.569895030061113,3.771393000249976,4.074284586700629,4.688538942187132,3.765727552726144,3.9779951601625245
canonical_pid_replay_segment_gap_v2,1.4,1.2,1.0,0.8,kp1.4_ki1.2_kd1_ml0.8,2.8972068102777517,2.4168588788141476,2.4882804141302044,2.3398648180881163,1.7105685200940162,2.004489924734205,2.00141610701285,1.8543052266136684,2.5699212548398074,3.7712894610205265,4.0748039855554135,4.688462099334718,3.7654690056761133,3.9779588376969968
canonical_pid_replay_segment_gap_v2,1.4,1.2,0.75,0.8,kp1.4_ki1.2_kd0.75_ml0.8,2.8972080121448665,2.4162879888256663,2.488639167594455,2.340250687313065,1.7107008070679666,2.0044497228427245,2.0011043300571942,1.8547461319571827,2.56990962778743,3.771273724466481,4.074593849582307,4.688361064491521,3.765429392220955,3.9779576636763205
canonical_pid_replay_segment_gap_v2,1.4,1.2,0.25,0.8,kp1.4_ki1.2_kd0.25_ml0.8,2.8972338992084996,2.4167229324138852,2.488599646102761,2.3400555039847273,1.7108168725214477,2.0045337926075013,2.001231098985279,1.8541828044091115,2.5697892644982496,3.77124055744479,4.074880606321403,4.688334628652861,3.765614646539046,3.9780383352294364
canonical_pid_replay_segment_gap_v2,1.4,1.4,0.25,0.8,kp1.4_ki1.4_kd0.25_ml0.8,2.8972726538575753,2.4164041835506898,2.48898943596994,2.3402410558345745,1.7108410999747106,2.0044729441417033,2.0011457241955095,1.8549301906018307,2.569783698415984,3.7712789766869466,4.07474171003533,4.688372420378561,3.765236491621527,3.9781065687411767
canonical_pid_replay_segment_gap_v2,1.4,1.2,0.0,0.8,kp1.4_ki1.2_kd0_ml0.8,2.8972776389610306,2.416596322194294,2.489085120766085,2.3396746129252644,1.7109375705896,2.004385264179684,2.001416409633934,1.8543499561676884,2.569819717683398,3.7713228593800925,4.074975302626927,4.688517507816836,3.7652506230601173,3.978278039469473
canonical_pid_replay_segment_gap_v2,1.4,0.8,0.5,0.8,kp1.4_ki0.8_kd0.5_ml0.8,2.897282338967337,2.4170981201292894,2.488708416859693,2.34060808048954,1.7107068189711978,2.004245315519198,2.001283916661,1.8539722724420065,2.569829028441479,3.771329750276036,4.074823006496627,4.688537294279407,3.765409522595906,3.978118863414009
canonical_pid_replay_segment_gap_v2,1.4,1.0,0.0,0.8,kp1.4_ki1_kd0_ml0.8,2.897283210740167,2.4170638563473927,2.4887504121377737,2.3395760597350495,1.7109592778473182,2.004512924083925,2.001625885494071,1.8548397031469364,2.5698211631066026,3.7712497323562606,4.07490719862923,4.688243684245791,3.764946384308079,3.9781854581837357
canonical_pid_replay_segment_gap_v2,1.4,0.8,0.75,0.8,kp1.4_ki0.8_kd0.75_ml0.8,2.897289705624566,2.4175308407114904,2.488750942660842,2.340767289547234,1.7106248144087175,2.00445586521134,2.000952638064914,1.8535032954369701,2.5698715403620214,3.771327606672187,4.0745208773920805,4.688752316386002,3.7657798599810755,3.9779282862844876
canonical_pid_replay_segment_gap_v2,1.4,0.6,0.75,0.8,kp1.4_ki0.6_kd0.75_ml0.8,2.8973018891283906,2.4178596576453457,2.4886886767302374,2.3404258711217345,1.7108133374781838,2.004467860071227,2.0008258345908674,1.852928193210013,2.569862760198251,3.7713566217670818,4.074880784063015,4.689112332271756,3.765769994707506,3.9779326348138517
canonical_pid_replay_segment_gap_v2,1.4,1.0,0.25,0.8,kp1.4_ki1_kd0.25_ml0.8,2.8973060747395984,2.416936131571343,2.4890884996053084,2.340273386433249,1.7108665022136977,2.0043729157402557,2.001478072900611,1.8538176821347765,2.5697825328943105,3.771343137022812,4.074811796689853,4.688448401848487,3.7655163278257757,3.9782435847342996
canonical_pid_replay_segment_gap_v2,1.4,0.6,1.0,0.8,kp1.4_ki0.6_kd1_ml0.8,2.8973338375541102,2.4180225184925415,2.4891530494420175,2.3403127684907505,1.710773620749675,2.004385944934103,2.001248533257064,1.8539950083007444,2.569946391437979,3.7713371450002895,4.074290330905356,4.688116542353935,3.76585886860261,3.9778991662363676
canonical_pid_replay_segment_gap_v2,1.4,0.8,1.0,0.8,kp1.4_ki0.8_kd1_ml0.8,2.897335677555652,2.417817687939524,2.489095094838541,2.340266573307545,1.710852504577501,2.004338470246674,2.0012721120659553,1.853389045609078,2.5699146745285586,3.7713643296008073,4.074830007561915,4.688690337402246,3.76564173172428,3.977891238820844
canonical_pid_replay_segment_gap_v2,1.4,0.4,0.75,0.8,kp1.4_ki0.4_kd0.75_ml0.8,2.89734063015138,2.4186314369238784,2.4889219642756895,2.3407247342385453,1.7108302262513932,2.004336888690219,2.001031915821187,1.853173410172946,2.5698593464711466,3.7713950312218327,4.074428047958198,4.6884303418195055,3.7656611806183338,3.9780036675050723
canonical_pid_replay_segment_gap_v2,1.4,1.0,0.75,0.8,kp1.4_ki1_kd0.75_ml0.8,2.89734461042898,2.417659235767734,2.4886445252435023,2.3403486756833956,1.7107961521466217,2.004476491219409,2.001344290421389,1.8541063926007724,2.569922222227967,3.7714174391492428,4.074434492791478,4.6889797416413925,3.765309071670116,3.978041205013721
canonical_pid_replay_segment_gap_v2,1.4,0.8,0.0,0.8,kp1.4_ki0.8_kd0_ml0.8,2.897365543049789,2.4178719780886238,2.489265879401714,2.340210108474171,1.7107418414218623,2.0042729244271675,2.001305093653034,1.8543728975209461,2.569794819487503,3.7712716966035233,4.074594143775351,4.688296149794968,3.7654357337673594,3.978318793231026
canonical_pid_replay_segment_gap_v2,1.4,0.6,0.0,0.8,kp1.4_ki0.6_kd0_ml0.8,2.897401730681302,2.4175634772453596,2.488954489500489,2.3405422522946444,1.7110945096295718,2.0043178447485945,2.0011719492844837,1.854545222080393,2.569802502988616,3.7711944091538094,4.074710387119043,4.688278065149461,3.7657257469750784,3.97832164268738
canonical_pid_replay_segment_gap_v2,1.4,0.6,0.5,0.8,kp1.4_ki0.6_kd0.5_ml0.8,2.897440220393877,2.4180698269559726,2.489208936868024,2.340290020576042,1.7109238278288277,2.004395987361273,2.0013499137028914,1.854505957673602,2.5698363783632563,3.771280897566006,4.0748424355594,4.688741224676481,3.7651378555568584,3.978139602431757
canonical_pid_replay_segment_gap_v2,1.4,0.4,1.0,0.8,kp1.4_ki0.4_kd1_ml0.8,2.897449259089872,2.4187983306263154,2.4894935071758546,2.3414445886304156,1.7107939513953159,2.0041658047258903,2.0012073085580036,1.8536618449887625,2.5699092027485047,3.771379142784461,4.074270524676558,4.688305884937805,3.765503910191834,3.9779063667286185
canonical_pid_replay_segment_gap_v2,1.4,0.8,0.25,0.8,kp1.4_ki0.8_kd0.25_ml0.8,2.8974560910524425,2.417797925724069,2.4893447143346887,2.340339627008381,1.7107989843167433,2.0046258985241336,2.0014720086566693,1.8543789590036661,2.569809238872285,3.7712282203471634,4.0747995659365905,4.688483691213832,3.765608699712061,3.9782416500314692
canonical_pid_replay_segment_gap_v2,1.4,0.6,0.25,0.8,kp1.4_ki0.6_kd0.25_ml0.8,2.897466190896685,2.41806177648662,2.4896064851511417,2.340044458077806,1.710699341709448,2.004403122631062,2.00135038735517,1.8546419379768502,2.5698077473405756,3.771216328902718,4.074716578994791,4.6883410943917285,3.765910882113038,3.978260340525955
canonical_pid_replay_segment_gap_v2,1.4,0.4,0.5,0.8,kp1.4_ki0.4_kd0.5_ml0.8,2.897504697861506,2.4184357156501575,2.4889205486120205,2.3409831557895893,1.7109453328784359,2.0044328743333866,2.0011652308736547,1.8541968410123604,2.569835720274437,3.77134648091411,4.074745088427179,4.68856677635699,3.7658139608858328,3.978173346191418
canonical_pid_replay_segment_gap_v2,1.4,0.4,0.25,0.8,kp1.4_ki0.4_kd0.25_ml0.8,2.8975137399994404,2.4185220750369134,2.489341738256073,2.340608262873685,1.7109262155713398,2.004429483913587,2.001448656805604,1.8539259452814418,2.569807249153498,3.7713730894458912,4.07462033925507,4.68855941577043,3.7659079887492806,3.978208159879913
canonical_pid_replay_segment_gap_v2,1.4,0.4,0.0,0.8,kp1.4_ki0.4_kd0_ml0.8,2.897550485621036,2.4185977079435386,2.489623743951684,2.34053670405925,1.710835309350281,2.0043231096784893,2.0012939240528955,1.8546330988916884,2.5697986505477406,3.771281350544266,4.07458151599687,4.688456567688674,3.76586842173966,3.978326208628421
canonical_pid_replay_segment_gap_v2,1.2,1.4,0.25,0.8,kp1.2_ki1.4_kd0.25_ml0.8,2.8976347677658367,2.4203142107386433,2.4907621148568424,2.3424506188016894,1.7120019422702495,2.0044296153810675,2.000898557699561,1.8535924441876865,2.569771329118744,3.7711735534727993,4.074245182400106,4.688015388301326,3.763439791477579,3.978157232249586
canonical_pid_replay_segment_gap_v2,1.2,1.4,1.0,0.8,kp1.2_ki1.4_kd1_ml0.8,2.89768347245265,2.4205912378400036,2.4911407794822193,2.343089657237571,1.712040992858683,2.004268777416138,2.0010632843941454,1.85301598350645,2.5699415013627487,3.7713549573588865,4.074331978252663,4.6877627268573745,3.763168130141318,3.9781151351762425
canonical_pid_replay_segment_gap_v2,1.2,1.2,0.25,0.8,kp1.2_ki1.2_kd0.25_ml0.8,2.8977392934179185,2.420601388154991,2.4917974224155937,2.3423122203868525,1.7118919306090559,2.0044622235188,2.00115121287638,1.8537881664596443,2.5697540690779497,3.7711602213221718,4.07423238182949,4.6880898221050264,3.763412107732085,3.977957647944896
canonical_pid_replay_segment_gap_v2,1.2,1.2,1.0,0.8,kp1.2_ki1.2_kd1_ml0.8,2.8977700798256922,2.4206030303721473,2.4910237782904674,2.3437235443103313,1.7120719018222228,2.00427890137467,2.001445684829522,1.8528084947328989,2.5698965370557234,3.7713629695817112,4.074368046283976,4.6879938018733425,3.763266947540392,3.978167399666594
canonical_pid_replay_segment_gap_v2,1.2,1.4,0.75,0.8,kp1.2_ki1.4_kd0.75_ml0.8,2.897783659676165,2.4202313856070012,2.4913701938946824,2.343085765371704,1.7117331084645693,2.004238310399691,2.0010911224144134,1.8539481014504846,2.5698746259909053,3.7712573676684147,4.074399121074315,4.688352648915379,3.763422525554429,3.9781832989841526
canonical_pid_replay_segment_gap_v2,1.2,1.4,0.5,0.8,kp1.2_ki1.4_kd0.5_ml0.8,2.8978159781285644,2.4206139915564324,2.4908582331463394,2.3427329698145636,1.7117896893599918,2.0043171807350153,2.0012112383902614,1.8535413724146201,2.569849132928164,3.7712576238722284,4.074399463425595,4.688321611732353,3.7644759368702516,3.9782392714255224
canonical_pid_replay_segment_gap_v2,1.2,1.2,0.75,0.8,kp1.2_ki1.2_kd0.75_ml0.8,2.897860504883315,2.421130508430186,2.491784585458388,2.3434327076207273,1.7119688719213249,2.0042118296031686,2.001156420531802,1.8536342784778455,2.5698599967959725,3.7713149264011228,4.074365514770753,4.687774274117864,3.763330493452619,3.9782221559013196
canonical_pid_replay_segment_gap_v2,1.2,1.2,0.0,0.8,kp1.2_ki1.2_kd0_ml0.8,2.8978636078858395,2.4208588815575003,2.4914754249640794,2.342835378913249,1.7120580162227943,2.0043276746121914,2.001335263884201,1.8537429874003477,2.569788638428192,3.771257525818665,4.074262705138073,4.688073070318406,3.764466950034178,3.977744385224039
canonical_pid_replay_segment_gap_v2,1.2,1.4,0.0,0.8,kp1.2_ki1.4_kd0_ml0.8,2.8978713961206206,2.4202446718164485,2.491407911969509,2.342510588165024,1.7120435590380645,2.0044755843584885,2.0013684654474297,1.8540444823741637,2.5697824151162325,3.771293931753585,4.0744646791845796,4.6879390225744615,3.7647758572001586,3.977976980569917
canonical_pid_replay_segment_gap_v2,1.2,0.8,0.75,0.8,kp1.2_ki0.8_kd0.75_ml0.8,2.8978735149837425,2.422160987054841,2.4915781970856585,2.343308912604125,1.7120974547943035,2.004401025522118,2.001093156379462,1.8532012069941015,2.5698617665713708,3.771278579659699,4.074155122529246,4.687902937049595,3.7633498075766814,3.977966540967444
canonical_pid_replay_segment_gap_v2,1.2,1.0,1.0,0.8,kp1.2_ki1_kd1_ml0.8,2.897882754771321,2.4216311151526155,2.491785663649633,2.3433647353502916,1.712015079824788,2.004188578998877,2.0011391683782658,1.8529729857379387,2.5699202688618024,3.7713651205619243,4.074334592912112,4.688165444491045,3.763400480454166,3.978192577653715
canonical_pid_replay_segment_gap_v2,1.2,1.0,0.75,0.8,kp1.2_ki1_kd0.75_ml0.8,2.897889551752233,2.4217822338734423,2.491340106286916,2.3435073853446937,1.7119181343597285,2.0043810963832476,2.0011568243020945,1.8533832054833308,2.5698447195038234,3.7712162709540578,4.074225068420101,4.688284496391826,3.7633516917892904,3.9781729396864716
canonical_pid_replay_segment_gap_v2,1.2,1.2,0.5,0.8,kp1.2_ki1.2_kd0.5_ml0.8,2.8979028599879766,2.4212488489749533,2.491058437627181,2.342782474083028,1.7121113168692155,2.0045035234124358,2.0010958178416267,1.8533295841443085,2.56983860651721,3.771257009551759,4.074403817861971,4.6884617402302045,3.764490834150221,3.978155168579574
canonical_pid_replay_segment_gap_v2,1.2,1.0,0.5,0.8,kp1.2_ki1_kd0.5_ml0.8,2.897958158224397,2.4216434513253815,2.4919102747341166,2.3430489804428816,1.7121018061583797,2.0041492212514744,2.001039039679338,1.853518936388862,2.5698179465311655,3.7711980117326642,4.074311245313846,4.68849482493463,3.764267656783731,3.977954661640691
canonical_pid_replay_segment_gap_v2,1.2,0.8,0.25,0.8,kp1.2_ki0.8_kd0.25_ml0.8,2.897970329196668,2.422728292666303,2.4915990711225198,2.343057334676494,1.712261036406843,2.0047052821618423,2.0013722025727536,1.8533704741691477,2.5697593406137087,3.7711680323612597,4.07414397266259,4.68841951116773,3.76333258548,3.977697143495496
canonical_pid_replay_segment_gap_v2,1.2,0.6,0.75,0.8,kp1.2_ki0.6_kd0.75_ml0.8,2.8979887080503284,2.422857053943567,2.4921611688600165,2.343717349861415,1.71224087927746,2.0043274018561443,2.0012783510151837,1.8528684023386264,2.5698556150602503,3.771323027290876,4.074245947807593,4.68786222396909,3.7632817018896225,3.9778340814844273
canonical_pid_replay_segment_gap_v2,1.2,1.0,0.25,0.8,kp1.2_ki1_kd0.25_ml0.8,2.897989068910386,2.4215996067812227,2.4913614548337715,2.3434191435495557,1.7123482628541975,2.004415459330419,2.001171772127391,1.8538508803959075,2.569769904420322,3.77117525015788,4.074232096822672,4.6883079366566,3.7644315794266086,3.9777745484784734
canonical_pid_replay_segment_gap_v2,1.2,0.8,1.0,0.8,kp1.2_ki0.8_kd1_ml0.8,2.898011528681444,2.422469580884013,2.491376387628345,2.3443381704411306,1.712042668271123,2.004024928735936,2.0012666323335684,1.8534055769490887,2.569908787382738,3.771284127850939,4.074246117820125,4.688210287303044,3.7633644704370357,3.9782121368216887
canonical_pid_replay_segment_gap_v2,1.2,1.0,0.0,0.8,kp1.2_ki1_kd0_ml0.8,2.8980384745094625,2.4218353863035604,2.4917364642583255,2.3434006149927695,1.7120631678755676,2.0043257188820793,2.0011672108351157,1.8540521384895623,2.5697708689920664,3.7711777329058997,4.074196093840533,4.688080955377257,3.764978754829135,3.977715061041137
canonical_pid_replay_segment_gap_v2,1.2,0.8,0.0,0.8,kp1.2_ki0.8_kd0_ml0.8,2.8980706463621924,2.422300242171532,2.4922812562428835,2.3431012033715173,1.7121914834266114,2.0042850507628014,2.001355787779619,1.8539999306719743,2.56977922324096,3.7712321804072766,4.074121260123637,4.688178603714687,3.764348252994694,3.9777439278003057
canonical_pid_replay_segment_gap_v2,1.2,0.6,1.0,0.8,kp1.2_ki0.6_kd1_ml0.8,2.8980806516448876,2.4232878707472265,2.4919517553015,2.344021112454582,1.7122176724779308,2.0039008261881963,2.0011732157662347,1.8538575980492402,2.569895671811572,3.771401026586439,4.074220768324995,4.688120827195086,3.762937047749817,3.9780630787307234
canonical_pid_replay_segment_gap_v2,1.2,0.8,0.5,0.8,kp1.2_ki0.8_kd0.5_ml0.8,2.8980876715565325,2.42270390816867,2.491834424713143,2.343389105130534,1.7120880050856417,2.004431726290457,2.001077630201298,1.8533570770342607,2.569819103975903,3.7711459026087866,4.074284213864865,4.688622848494035,3.7645839604246536,3.9778018242426825
canonical_pid_replay_segment_gap_v2,1.2,0.4,1.0,0.8,kp1.2_ki0.4_kd1_ml0.8,2.8981379013702266,2.42407147784191,2.4919823387896565,2.344261215039643,1.712248164413736,2.0039812556466905,2.0014397793189236,1.853349722937396,2.5698840243894954,3.7713942672998577,4.0741804445464,4.687994136423545,3.7630986847869377,3.9779072063787546
canonical_pid_replay_segment_gap_v2,1.2,0.6,0.0,0.8,kp1.2_ki0.6_kd0_ml0.8,2.8981441586804046,2.4232130545954393,2.4921761871396657,2.343881552429743,1.7124323929729224,2.0043256530628955,2.001441266299492,1.8535574816487925,2.5697918855103414,3.7712090903157907,4.074157128028667,4.688402337619038,3.7635179344223637,3.9777680988001105
canonical_pid_replay_segment_gap_v2,1.2,0.6,0.5,0.8,kp1.2_ki0.6_kd0.5_ml0.8,2.8981458704577348,2.4235382723856906,2.491622501011887,2.343489324222055,1.7121859223847098,2.004441774538244,2.0012640753174824,1.8533072032759792,2.5697976985332907,3.771216367766405,4.074192518204036,4.688571258728483,3.764556381782002,3.9777130178002817
canonical_pid_replay_segment_gap_v2,1.2,0.4,0.75,0.8,kp1.2_ki0.4_kd0.75_ml0.8,2.8981555336510474,2.42423178178825,2.4923890476505197,2.3442620388955047,1.7122708288947475,2.0039960434727537,2.001170730449805,1.853427191862839,2.56986143045529,3.771393471180262,4.074218051178398,4.688177204685743,3.762893201414959,3.9777309155345453
canonical_pid_replay_segment_gap_v2,1.2,0.6,0.25,0.8,kp1.2_ki0.6_kd0.25_ml0.8,2.898164084128884,2.423026197401232,2.4922397699552743,2.3434529147882723,1.7122964042145463,2.00448465767218,2.0012703959304816,1.8535422286712733,2.569774510526955,3.7711986901167585,4.074185037707405,4.688552694043339,3.7643896146356837,3.977719978012086
canonical_pid_replay_segment_gap_v2,1.2,0.4,0.5,0.8,kp1.2_ki0.4_kd0.5_ml0.8,2.898174360749154,2.4238192963446115,2.4920464496599086,2.3438452266562653,1.7122457962535123,2.004280975568941,2.0012900808398935,1.8531041792150458,2.569800907364432,3.771151845499414,4.074247126080274,4.688467408269093,3.764297850605025,3.9776695473825794
canonical_pid_replay_segment_gap_v2,1.2,0.4,0.25,0.8,kp1.2_ki0.4_kd0.25_ml0.8,2.898196872385495,2.4242297970179854,2.492455555812426,2.3436197000617307,1.712399042480372,2.0043836303855715,2.0014164539936856,1.853458979390331,2.569789130134163,3.771054341133796,4.074164353814571,4.6886534672307665,3.7632151607814563,3.977719728774583
canonical_pid_replay_segment_gap_v2,1.2,0.4,0.0,0.8,kp1.2_ki0.4_kd0_ml0.8,2.8982318349826333,2.4235936035384396,2.4926075151614833,2.3436954406524406,1.7124193172557298,2.0044150632899065,2.0015561178557224,1.853674183641975,2.569813910277103,3.7712013531626902,4.07409741518128,4.688306773148955,3.7638539784885943,3.977779183119903
canonical_pid_replay_segment_gap_v2,1.0,1.4,0.75,0.8,kp1_ki1.4_kd0.75_ml0.8,2.898864919883834,2.4271877229918735,2.495534952874521,2.3475463452154117,1.714472985126094,2.0041206105839913,2.0006776218679185,1.8529896124378256,2.569799720444454,3.771325889841227,4.074057087120655,4.687409819444503,3.7626641315169795,3.9774574590243916
canonical_pid_replay_segment_gap_v2,1.0,1.4,1.0,0.8,kp1_ki1.4_kd1_ml0.8,2.898867286988026,2.426720291236737,2.4954717650706773,2.34767769624698,1.7144898875616772,2.004000042675401,2.000842136661686,1.853028966512128,2.5698115504773376,3.7713208353315313,4.07408651941615,4.6877278347016516,3.762623249567963,3.9774739553844207
canonical_pid_replay_segment_gap_v2,1.0,1.4,0.5,0.8,kp1_ki1.4_kd0.5_ml0.8,2.8989043661780207,2.426708614890128,2.4957938652273257,2.346756498787417,1.714536093837834,2.004206195304192,2.001151352918573,1.853084451026642,2.569776057771431,3.771291396420651,4.074025436921782,4.688229222216365,3.7626402375846464,3.9775573374072852
canonical_pid_replay_segment_gap_v2,1.0,1.4,0.0,0.8,kp1_ki1.4_kd0_ml0.8,2.8989195280764597,2.4264684005816077,2.4960138982251836,2.3469642723373694,1.7145385140349412,2.0042940185498335,2.0012051263147863,1.8532187043368396,2.5697097669850586,3.7711796075054056,4.074008557038809,4.687956370792823,3.7626649218994324,3.977731706391895
canonical_pid_replay_segment_gap_v2,1.0,1.4,0.25,0.8,kp1_ki1.4_kd0.25_ml0.8,2.898944902720724,2.426574889708513,2.4957644742706804,2.346985322152152,1.7144521148605387,2.004483194200926,2.001210941293925,1.8534422077151038,2.569759007820154,3.7712093623787464,4.074016698195924,4.688146391124462,3.762581210815845,3.977657920832448
canonical_pid_replay_segment_gap_v2,1.0,1.2,1.0,0.8,kp1_ki1.2_kd1_ml0.8,2.898972577538058,2.4275918461750488,2.4959696854947078,2.348295687922853,1.7148062772778874,2.003768962061971,2.0005720638300457,1.8528451742751282,2.5698016138556223,3.7713259241236514,4.074057400265763,4.687706224624394,3.762539477795896,3.977363170291784
canonical_pid_replay_segment_gap_v2,1.0,1.2,0.75,0.8,kp1_ki1.2_kd0.75_ml0.8,2.898973934191718,2.4278465356892327,2.4958022047022626,2.3478097142872367,1.714594718906324,2.0039267207199782,2.0010756074441476,1.8531793772332499,2.569797596225629,3.7713541466522975,4.0740189380434035,4.687415794386581,3.7624019064588192,3.9774378837431694
canonical_pid_replay_segment_gap_v2,1.0,1.2,0.0,0.8,kp1_ki1.2_kd0_ml0.8,2.899015917029272,2.4272156155285907,2.496226066161719,2.347117353230075,1.714630041883049,2.004326851741924,2.0013654739960027,1.8533255976886567,2.569703853426492,3.7711801439867654,4.073973618318358,4.687921762286678,3.7624984121436995,3.9777221309885284
canonical_pid_replay_segment_gap_v2,1.0,1.0,0.75,0.8,kp1_ki1_kd0.75_ml0.8,2.899027416758855,2.4285707095682483,2.4961352736654647,2.3477231094687983,1.7148212090450958,2.003779020213337,2.0010413691772926,1.8529594003470997,2.569793842917396,3.771370770775389,4.074012934849826,4.68744852317278,3.762280330740601,3.977419923923786
canonical_pid_replay_segment_gap_v2,1.0,1.2,0.25,0.8,kp1_ki1.2_kd0.25_ml0.8,2.899027779707755,2.4271032942372828,2.496215455372886,2.3472943759186067,1.714693471930433,2.0043861996570036,2.0011292318196845,1.8531943261415815,2.5697637478892283,3.7711988055398287,4.073992357897402,4.6882080009433,3.762544165447496,3.97763770340608
canonical_pid_replay_segment_gap_v2,1.0,1.2,0.5,0.8,kp1_ki1.2_kd0.5_ml0.8,2.899034272235542,2.4278356503303216,2.496259298793542,2.3469898364684205,1.714547557215812,2.004124668845018,2.001163023702317,1.8531481693951093,2.569774618295889,3.7713286732705598,4.074002631168775,4.688238553287374,3.7625033140941504,3.9775295441947573
canonical_pid_replay_segment_gap_v2,1.0,1.0,1.0,0.8,kp1_ki1_kd1_ml0.8,2.89906946678136,2.428928001898928,2.496121562009846,2.348011383908991,1.7150088630188893,2.0035832476954156,2.000776686917192,1.8529033775305415,2.5697836808342047,3.7713454973208305,4.073987447873076,4.687752295013365,3.762397457171037,3.9773035669653574
canonical_pid_replay_segment_gap_v2,1.0,0.8,0.75,0.8,kp1_ki0.8_kd0.75_ml0.8,2.899139017369945,2.4299845328150886,2.4965359430553247,2.3479660803709397,1.7150085976813703,2.0035507044542435,2.0008860096141667,1.8525243890039995,2.569782258034637,3.7713744813652887,4.073951605552274,4.687541043554805,3.7622977736217442,3.977403806685404
canonical_pid_replay_segment_gap_v2,1.0,1.0,0.0,0.8,kp1_ki1_kd0_ml0.8,2.8991429015457753,2.4284159880614937,2.4965355729836856,2.3471938173596603,1.7148871896420828,2.004415249828925,2.001393911640018,1.8531547264698045,2.569695020243324,3.7711217204732073,4.0738973650744255,4.68794748869029,3.7624935053457182,3.9777061642824445
canonical_pid_replay_segment_gap_v2,1.0,1.0,0.5,0.8,kp1_ki1_kd0.5_ml0.8,2.8991515045966976,2.4283614569337213,2.4966666763480636,2.3471828049233507,1.7146578464899012,2.0040566008163467,2.0012254787530632,1.8535693267215825,2.5697737939659357,3.771341836464645,4.073997149693304,4.6881813809462685,3.7624438904449953,3.977511317255891
canonical_pid_replay_segment_gap_v2,1.0,0.8,1.0,0.8,kp1_ki0.8_kd1_ml0.8,2.899173894805883,2.429924545314135,2.496373271442107,2.3480264467571277,1.715080417694019,2.0035612660332145,2.000964353218119,1.8526262862237919,2.569766397728801,3.771384119501697,4.073879293310195,4.687806124367532,3.7625658209976156,3.9773022898881174
canonical_pid_replay_segment_gap_v2,1.0,1.0,0.25,0.8,kp1_ki1_kd0.25_ml0.8,2.8991880494725666,2.4286103261975525,2.4963650371820036,2.3472367322145,1.714950283351668,2.004185091714302,2.0013726322317864,1.8533899990533815,2.569761308435364,3.771250504349011,4.073957651089844,4.6881903303309524,3.762555922216603,3.9776188247763957
canonical_pid_replay_segment_gap_v2,1.0,0.8,0.5,0.8,kp1_ki0.8_kd0.5_ml0.8,2.8992049150114125,2.42953272177544,2.497094397224212,2.3472701796398834,1.7149737668798,2.0039851015614185,2.000949442760638,1.8529082652848887,2.5697619986261664,3.771314407468869,4.07395540551465,4.688130014076337,3.762284622536299,3.9775035717997667
canonical_pid_replay_segment_gap_v2,1.0,0.6,0.75,0.8,kp1_ki0.6_kd0.75_ml0.8,2.899285510863126,2.431184859807631,2.497013979103382,2.3480809890078804,1.7151525938708605,2.003601105801158,2.000848740076582,1.8526270104376596,2.5697462064850316,3.771293888470234,4.073934566132405,4.687644230868156,3.7621940986042866,3.9773893725553697
canonical_pid_replay_segment_gap_v2,1.0,0.8,0.25,0.8,kp1_ki0.8_kd0.25_ml0.8,2.899293539162225,2.429510394955161,2.4968126572317533,2.3475876043167347,1.7150246224359744,2.0041043224625987,2.0013257645976417,1.8533910561266298,2.5697441027959127,3.7711799866119597,4.073937358297891,4.688161347394183,3.762433747804277,3.977603044078217
canonical_pid_replay_segment_gap_v2,1.0,0.6,1.0,0.8,kp1_ki0.6_kd1_ml0.8,2.8992966737679144,2.431073393665318,2.497178407381088,2.348298251096413,1.7151464700304742,2.003614125841789,2.0007270659437175,1.8525688078106077,2.569716205357461,3.771333349386803,4.073686968707071,4.68786671934656,3.762345000945052,3.9773019934705296
canonical_pid_replay_segment_gap_v2,1.0,0.8,0.0,0.8,kp1_ki0.8_kd0_ml0.8,2.8993035152055637,2.4296075644557273,2.4971886703157975,2.347430399120001,1.7150653755984768,2.0041359623297916,2.0014066529277375,1.853526110763107,2.5696845770202117,3.771115230579758,4.07392464518733,4.687841397109229,3.762328266385597,3.9776908458795623
canonical_pid_replay_segment_gap_v2,1.0,0.6,0.25,0.8,kp1_ki0.6_kd0.25_ml0.8,2.899383389227464,2.430724918439156,2.497225911697804,2.347738717803063,1.7152625183371286,2.0039674479718728,2.001018779254367,1.8533995762975444,2.5697142119399157,3.7711468009490425,4.073918705448318,4.6880976112222905,3.76218415960401,3.9775847009925145
canonical_pid_replay_segment_gap_v2,1.0,0.6,0.5,0.8,kp1_ki0.6_kd0.5_ml0.8,2.8993928432824583,2.430936817652506,2.497464755782629,2.3479430285524487,1.7152069587046341,2.003771864062745,2.0012807678741633,1.852865900942451,2.569723077878089,3.771255817474239,4.073935526262008,4.688159648928237,3.7620621621450137,3.9775006364127967
canonical_pid_replay_segment_gap_v2,1.0,0.6,0.0,0.8,kp1_ki0.6_kd0_ml0.8,2.899408044678652,2.430899697610532,2.4975706810410636,2.3476749170305182,1.71528443045736,2.0039704733810395,2.0013202288230074,1.853209039550002,2.5696563035881503,3.7710576883862537,4.0739070977923335,4.68780110585116,3.7622761203151787,3.977676796995883
canonical_pid_replay_segment_gap_v2,1.0,0.4,1.0,0.8,kp1_ki0.4_kd1_ml0.8,2.899424054120804,2.432391501689055,2.4973957479231497,2.3486908366355976,1.7153760147655317,2.0035284097498596,2.00058505052766,1.8522308072432707,2.569707159592559,3.7712596803779346,4.073827461177263,4.687960627140455,3.7622625318035077,3.9772968749446096
canonical_pid_replay_segment_gap_v2,1.0,0.4,0.25,0.8,kp1_ki0.4_kd0.25_ml0.8,2.8994669596539504,2.432174254097461,2.497967983894801,2.347764761643719,1.715421801599252,2.0035723272007786,2.0009476064091505,1.853192992275804,2.569719935757042,3.7709486201839613,4.07382892432253,4.6879909438344,3.7619735021435896,3.977566822138872
canonical_pid_replay_segment_gap_v2,1.0,0.4,0.75,0.8,kp1_ki0.4_kd0.75_ml0.8,2.8994699243122355,2.432185058267794,2.4972475771790386,2.3486046376265186,1.7154678134222694,2.003490066403456,2.001308866135304,1.8526197676107063,2.569736288793834,3.771220584743277,4.073875796538901,4.687729050949152,3.762249255673718,3.977374252715095
canonical_pid_replay_segment_gap_v2,1.0,0.4,0.0,0.8,kp1_ki0.4_kd0_ml0.8,2.8994866676312308,2.431900982469696,2.497774247064933,2.347790753699117,1.7154614810187472,2.003870946333936,2.001328247573048,1.8531732053246488,2.5696553841107987,3.7709699982186167,4.073922328131123,4.687770815091029,3.7620488661564884,3.9776594240138206
canonical_pid_replay_segment_gap_v2,1.0,0.4,0.5,0.8,kp1_ki0.4_kd0.5_ml0.8,2.899491370847192,2.432380473218195,2.4978676628727543,2.3477457247694065,1.7153027914097088,2.003522337198661,2.0011996653912294,1.8528096394990776,2.5697105848749064,3.771103222640344,4.073768923514148,4.688233757211836,3.76226495630481,3.9774780821084206
canonical_pid_replay_segment_gap_v2,0.8,1.4,1.0,0.8,kp0.8_ki1.4_kd1_ml0.8,2.9007269664452844,2.4366220073442353,2.503592407334113,2.3531279643361835,1.7199363719901741,2.003560503115583,2.0003870706538103,1.8518358893286375,2.5696092064977596,3.771103110066232,4.073573841850464,4.686957423723273,3.761894881950313,3.977249885597922
canonical_pid_replay_segment_gap_v2,0.8,1.4,0.75,0.8,kp0.8_ki1.4_kd0.75_ml0.8,2.90076417843883,2.4366922690982364,2.5035086200204653,2.3528569928507994,1.7200826000369382,2.0033010060113488,2.0004666123425934,1.851946712983076,2.5696129219343486,3.7710986583671313,4.073773843775365,4.687419182091491,3.761859702085655,3.9773151981073482
canonical_pid_replay_segment_gap_v2,0.8,1.4,0.5,0.8,kp0.8_ki1.4_kd0.5_ml0.8,2.900862151175995,2.436637088347508,2.5040005166588273,2.352493935760973,1.719981882734927,2.003405846565511,2.0009030571264312,1.8522220479694742,2.569603118415269,3.7711093553384445,4.073808700160053,4.687684051186902,3.761975817329789,3.977382547693823
canonical_pid_replay_segment_gap_v2,0.8,1.4,0.25,0.8,kp0.8_ki1.4_kd0.25_ml0.8,2.9008673497057083,2.4365603192974903,2.5041286050126934,2.3522001381659696,1.719878615832168,2.0036071830959568,2.000870599390513,1.8528755521364217,2.5695793819866117,3.7710857249879415,4.073659113673714,4.687626593840251,3.761750954666199,3.977452764088279
canonical_pid_replay_segment_gap_v2,0.8,1.4,0.0,0.8,kp0.8_ki1.4_kd0_ml0.8,2.9008875336077073,2.436210189286504,2.50409733195444,2.3523233696432277,1.720054125126419,2.0038262100442448,2.0010619596282058,1.8530092738965245,2.5695527744244813,3.771119333256232,4.073625238913595,4.687389772576179,3.7617292278060277,3.9775391303441157
canonical_pid_replay_segment_gap_v2,0.8,1.2,1.0,0.8,kp0.8_ki1.2_kd1_ml0.8,2.900932503365203,2.4384788168177094,2.504046770579358,2.3535501671433914,1.7203891196001617,2.003437705863607,2.0001380214908493,1.8518628934570012,2.5695892615371143,3.7710156295228607,4.073433650558412,4.687015659789282,3.761915162229571,3.977249685158318
canonical_pid_replay_segment_gap_v2,0.8,1.2,0.75,0.8,kp0.8_ki1.2_kd0.75_ml0.8,2.900963885121774,2.4385735617881994,2.5041047231302076,2.3533601868448035,1.7203897522842742,2.003263831929875,2.0004586480251256,1.8517328497993661,2.569594069188354,3.7710099823841525,4.0735356644360525,4.687407668954369,3.76179176034247,3.9773078074758104
canonical_pid_replay_segment_gap_v2,0.8,1.2,0.5,0.8,kp0.8_ki1.2_kd0.5_ml0.8,2.901028168973639,2.438388281309521,2.5045645934411187,2.3529067693978765,1.7203390369666838,2.0031190257687332,2.0007223137661323,1.8520601422541585,2.5695849519497487,3.7710541554920542,4.073703238537381,4.6877006252141085,3.7618546685196974,3.9773683940400932
canonical_pid_replay_segment_gap_v2,0.8,1.2,0.25,0.8,kp0.8_ki1.2_kd0.25_ml0.8,2.90107013358606,2.4382055411828376,2.5046755384288626,2.352709230041778,1.7203088220590883,2.003473459158777,2.000825104934182,1.8525469781440655,2.569564268356474,3.7710044728835626,4.07370727656317,4.687614983793229,3.761844640755282,3.9774314203174757
canonical_pid_replay_segment_gap_v2,0.8,1.2,0.0,0.8,kp0.8_ki1.2_kd0_ml0.8,2.90110907218082,2.4379826835074794,2.5047307421770473,2.3529426992975737,1.7204945613742073,2.0035173645170907,2.001197843337852,1.8528375462349407,2.569537235128449,3.7710158237099876,4.073541636215869,4.687411685065041,3.7617017105536417,3.977506407231472
canonical_pid_replay_segment_gap_v2,0.8,1.0,0.75,0.8,kp0.8_ki1_kd0.75_ml0.8,2.9011491356597783,2.4400160681194656,2.5047196834114227,2.353819886852155,1.7207352002530032,2.002853900075722,2.000557083360825,1.8519099921338291,2.569590285062278,3.7709236324201676,4.073438181754397,4.687297268699916,3.761785448640316,3.9772921327936217
canonical_pid_replay_segment_gap_v2,0.8,1.0,1.0,0.8,kp0.8_ki1_kd1_ml0.8,2.9011610170435946,2.440087853798543,2.504684560541164,2.354031439471471,1.7207940601095115,2.003179795503989,2.0003390056918806,1.851804920209594,2.56958034681826,3.770942284569158,4.073392821113765,4.68702371493664,3.7619960720160908,3.9772363467866594
canonical_pid_replay_segment_gap_v2,0.8,1.0,0.5,0.8,kp0.8_ki1_kd0.5_ml0.8,2.901243005810942,2.4400654314522447,2.505155456799557,2.353495011692231,1.720713287523843,2.003119118002068,2.0007346928081904,1.8520411774553285,2.5695686888730687,3.770991047972533,4.073408823700624,4.687704611866807,3.7618115287494653,3.977350198646287
canonical_pid_replay_segment_gap_v2,0.8,1.0,0.25,0.8,kp0.8_ki1_kd0.25_ml0.8,2.901262434181348,2.4398388281846244,2.50525619051524,2.35319472441815,1.7205530391774013,2.003433734571442,2.0006026115032376,1.8525502349806098,2.5695483745872725,3.7709117358269917,4.07375868766572,4.687595946278029,3.761755208518164,3.977412328130649
canonical_pid_replay_segment_gap_v2,0.8,1.0,0.0,0.8,kp0.8_ki1_kd0_ml0.8,2.9012904899478547,2.4399558831086408,2.5052407266833665,2.3532962422174215,1.7208711691835414,2.0033906808153383,2.000873230072569,1.8525281301550223,2.569523013893391,3.7709492627078967,4.073572429527736,4.68741252396813,3.761683960948108,3.9774791160409446
canonical_pid_replay_segment_gap_v2,0.8,0.8,1.0,0.8,kp0.8_ki0.8_kd1_ml0.8,2.901405277113639,2.442114856501005,2.505378009205519,2.3544318141311726,1.7211510375378012,2.003224178752073,2.0002002043930136,1.8516171378157071,2.569553394264535,3.7708729873702267,4.073396446828267,4.687021182881709,3.7620808024666865,3.977226550329595
canonical_pid_replay_segment_gap_v2,0.8,0.8,0.75,0.8,kp0.8_ki0.8_kd0.75_ml0.8,2.901416313741552,2.4418765863171505,2.5054638564258798,2.3542611938493163,1.7211585492597214,2.0029033681164123,2.0005145740439656,1.8519612508423735,2.56956249393591,3.770864676169816,4.073442538588153,4.687286293748276,3.7618385343571394,3.977278162986057
canonical_pid_replay_segment_gap_v2,0.8,0.8,0.5,0.8,kp0.8_ki0.8_kd0.5_ml0.8,2.901452878976217,2.441830161396354,2.5057069566329484,2.3540434862083184,1.7211455166462726,2.0029089499861485,2.0007761904784735,1.8518017724261693,2.5695369313812364,3.770926156069555,4.073421451115096,4.687700280455805,3.761754234745221,3.9773353391492208
canonical_pid_replay_segment_gap_v2,0.8,0.8,0.25,0.8,kp0.8_ki0.8_kd0.25_ml0.8,2.9014749245235256,2.4416604591632765,2.5060082771364653,2.3538465919632925,1.7210160833624115,2.003162291157642,2.0005965015615,1.8521580044562296,2.5695352731537486,3.7708438370759523,4.073600733851138,4.687590807228717,3.7617591038716682,3.9773960548237937
canonical_pid_replay_segment_gap_v2,0.8,0.8,0.0,0.8,kp0.8_ki0.8_kd0_ml0.8,2.9015478289520056,2.4418788052490377,2.5058575904145743,2.35384280907214,1.7212002387915388,2.0032417305354415,2.000987427711229,1.8525786980103358,2.5695079296100953,3.7708575350586315,4.073637639586074,4.687424493210957,3.7616565863337725,3.97745029279224
canonical_pid_replay_segment_gap_v2,0.8,0.6,1.0,0.8,kp0.8_ki0.6_kd1_ml0.8,2.901666031809498,2.4439653971923283,2.506080059280477,2.35506851978517,1.7214890934717069,2.0030462801412265,2.0003255255355143,1.8515462705050831,2.5695332707326473,3.7708142455073754,4.073420499295879,4.687020803088235,3.762125845947324,3.977222603040501
canonical_pid_replay_segment_gap_v2,0.8,0.6,0.5,0.8,kp0.8_ki0.6_kd0.5_ml0.8,2.9017061176077865,2.4439569703663486,2.5061892435566855,2.35457748120407,1.721548621563197,2.0029767838364863,2.00061722738789,1.8517346087550388,2.5695296211339977,3.7708139073133,4.073460031670826,4.687720811759811,3.7617278344986107,3.977326385854962
canonical_pid_replay_segment_gap_v2,0.8,0.6,0.75,0.8,kp0.8_ki0.6_kd0.75_ml0.8,2.901707096707918,2.4440202324171625,2.5062472437340326,2.3548754761730417,1.721586104543431,2.0029639374859767,2.0005003353655315,1.851684720454868,2.5695478731222186,3.7708105551829583,4.073433758531935,4.68728192796975,3.761966954397287,3.9772731378247426
canonical_pid_replay_segment_gap_v2,0.8,0.6,0.25,0.8,kp0.8_ki0.6_kd0.25_ml0.8,2.9017343969722016,2.4437903018000395,2.5066833845307497,2.35420057367669,1.7214852269544083,2.0032145422468894,2.000633808079385,1.852059119307046,2.5695209556299274,3.7707076695312574,4.073527532258821,4.687605150582902,3.7617419595360393,3.9773769365044642
canonical_pid_replay_segment_gap_v2,0.8,0.6,0.0,0.8,kp0.8_ki0.6_kd0_ml0.8,2.9017987554920506,2.4438183918140486,2.50652045446541,2.354535985810365,1.721610764729128,2.003060956135653,2.001172275776808,1.852279286847116,2.569492365135827,3.7707140753653383,4.073692069104212,4.687408600680759,3.76167553767244,3.9774030578595636
canonical_pid_replay_segment_gap_v2,0.8,0.4,1.0,0.8,kp0.8_ki0.4_kd1_ml0.8,2.9019761854551023,2.446060748023523,2.5068124439983204,2.3557137338205836,1.7219375165196311,2.0031631664157508,2.000425749062112,1.851448892907708,2.5695098820841267,3.770763891730033,4.073441581088905,4.687016181347573,3.7621645327997957,3.9772320911182653
canonical_pid_replay_segment_gap_v2,0.8,0.4,0.75,0.8,kp0.8_ki0.4_kd0.75_ml0.8,2.9019988752054293,2.4459543393381584,2.5070282641870714,2.3555274238573247,1.7220335025563562,2.002918587282107,2.0006420780158938,1.8516253028004925,2.569533042565139,3.7707440933247693,4.0734585033601745,4.6872782979826395,3.7619780197368526,3.9772639226636066
canonical_pid_replay_segment_gap_v2,0.8,0.4,0.5,0.8,kp0.8_ki0.4_kd0.5_ml0.8,2.9020051983953206,2.4459954089410876,2.506857271370818,2.355257296851223,1.721984448706249,2.0030621379465505,2.0007588423371696,1.851644246254651,2.569512633833988,3.7706710507397267,4.073486384299447,4.687747868028582,3.7617786598181255,3.9773113300115512
canonical_pid_replay_segment_gap_v2,0.8,0.4,0.25,0.8,kp0.8_ki0.4_kd0.25_ml0.8,2.9020337503908658,2.446081797624861,2.5073521114123083,2.3549586690888247,1.7218764953929344,2.0032797693375115,2.0006724773627824,1.8517509334628965,2.5694970742186274,3.7706883557288617,4.073615439652389,4.687598764471728,3.761706413981763,3.9773604533457676
canonical_pid_replay_segment_gap_v2,0.8,0.4,0.0,0.8,kp0.8_ki0.4_kd0_ml0.8,2.9020985646324147,2.4459401479389977,2.5072606878368346,2.355093967577239,1.7221161863446277,2.003267981544581,2.001291955055339,1.852194094461046,2.569475561650389,3.7706428092493858,4.073575173605943,4.687358548738236,3.761693519486421,3.977370706732349
canonical_pid_replay_segment_gap_v2,0.6,1.4,1.0,0.8,kp0.6_ki1.4_kd1_ml0.8,2.9046541382892177,2.4534812938883666,2.518496678494269,2.363911806573821,1.7315427724740509,2.003005715212056,2.000057023706075,1.851051750161638,2.569413905872286,3.7707576529364117,4.0734121891957775,4.686622105545791,3.7618285083592373,3.9769223953400523
canonical_pid_replay_segment_gap_v2,0.6,1.4,0.75,0.8,kp0.6_ki1.4_kd0.75_ml0.8,2.9046607052362075,2.453381542294658,2.5186539270657486,2.3638240203539405,1.73154026764591,2.002945401976709,2.0002514383268344,1.8511240439471133,2.5694104617129563,3.770725706878729,4.073339299189064,4.686826950280413,3.761620958524716,3.9769451498739037
canonical_pid_replay_segment_gap_v2,0.6,1.4,0.5,0.8,kp0.6_ki1.4_kd0.5_ml0.8,2.9046789087739815,2.4533829041766695,2.518786313756704,2.363638964607697,1.7317031614243585,2.0028706137579855,2.000496670638865,1.851108651742332,2.569416325803598,3.770703096057368,4.073307108676015,4.686950619623491,3.761491930476788,3.9769694533198856
canonical_pid_replay_segment_gap_v2,0.6,1.4,0.0,0.8,kp0.6_ki1.4_kd0_ml0.8,2.9046892815142518,2.453308972052281,2.519100059819925,2.3636422098909993,1.7315964037610783,2.002785522926637,2.0003495524021746,1.851576356551293,2.5694467029602817,3.7706528168751468,4.073293843085654,4.68698638401217,3.7612704630263956,3.97695137232124
canonical_pid_replay_segment_gap_v2,0.6,1.4,0.25,0.8,kp0.6_ki1.4_kd0.25_ml0.8,2.9047185410388936,2.4532957747359467,2.5190236839796225,2.3637975153428363,1.7316514528650158,2.002815055977823,2.0005331279455105,1.8513598053120635,2.5694360264665996,3.770645384629434,4.073283169823414,4.687161071484289,3.7613716358610283,3.976967329082029
canonical_pid_replay_segment_gap_v2,0.6,1.2,1.0,0.8,kp0.6_ki1.2_kd1_ml0.8,2.9050918924213978,2.4564168049838764,2.5196851076625104,2.364842459662444,1.7322629990543092,2.002930915522677,2.000028034671739,1.850934639155972,2.569408227380212,3.770654688342431,4.07342829921967,4.686728535482033,3.761934282844155,3.9769396074961403
canonical_pid_replay_segment_gap_v2,0.6,1.2,0.75,0.8,kp0.6_ki1.2_kd0.75_ml0.8,2.905104887091331,2.4563491940636237,2.519825478844817,2.364770313132747,1.7322438220755323,2.002907984871387,2.0002812462841444,1.8511769902887965,2.5694015118013636,3.770618603232947,4.073265442088675,4.686842110421903,3.7617178520932444,3.9769629829881286
canonical_pid_replay_segment_gap_v2,0.6,1.2,0.5,0.8,kp0.6_ki1.2_kd0.5_ml0.8,2.905124039469797,2.456324022437981,2.5199754429186245,2.364643288265493,1.7324055158920564,2.002884482325403,2.000532283424796,1.8511175960017514,2.5694070551654273,3.7706001283897117,4.073226248558182,4.68697543872677,3.7615314329556693,3.976989578045487
canonical_pid_replay_segment_gap_v2,0.6,1.2,0.0,0.8,kp0.6_ki1.2_kd0_ml0.8,2.90513388688277,2.456205468553463,2.520337535054321,2.364559192415984,1.7323083226575633,2.0028131848891473,2.0004309413900065,1.8515326811471862,2.5694392609716044,3.77056272833547,4.073270236984548,4.6869213445219415,3.7613099998303987,3.9770496327243765
canonical_pid_replay_segment_gap_v2,0.6,1.2,0.25,0.8,kp0.6_ki1.2_kd0.25_ml0.8,2.905160887378883,2.456257711362722,2.5201966504635167,2.364716281751831,1.7323492663470093,2.0028098520369455,2.0006451081093144,1.851293465890788,2.5694296131918555,3.7705594820459893,4.073215857642115,4.687184844593764,3.7614150489749023,3.9770183535147203
canonical_pid_replay_segment_gap_v2,0.6,1.0,0.75,0.8,kp0.6_ki1_kd0.75_ml0.8,2.905554921331334,2.459516898289006,2.521022243003601,2.365770051912225,1.7330286486925282,2.0029926523058035,2.000299042738568,1.851046553618497,2.5693936273298963,3.7705665918872007,4.073221154966301,4.686847422775739,3.761832375696608,3.9766767140913686
canonical_pid_replay_segment_gap_v2,0.6,1.0,1.0,0.8,kp0.6_ki1_kd1_ml0.8,2.9055613853459974,2.4595914082733956,2.5209108603785855,2.365879561714062,1.73299237231333,2.003058973285171,2.000079270521821,1.8508006771561754,2.5694031289895736,3.7706003115633457,4.07341322513805,4.686841894489216,3.7620609979444413,3.9766653277307995
canonical_pid_replay_segment_gap_v2,0.6,1.0,0.0,0.8,kp0.6_ki1_kd0_ml0.8,2.9055826148825497,2.459375715855488,2.521593146971037,2.3655584706603108,1.7330723799697239,2.002915689761141,2.0005212123975933,1.8515172021132447,2.569428407513176,3.7705095080135007,4.073168629799642,4.686834246626163,3.7613636176489167,3.976715766143206
canonical_pid_replay_segment_gap_v2,0.6,1.0,0.5,0.8,kp0.6_ki1_kd0.5_ml0.8,2.9055879749876654,2.4594690042642067,2.5211624102452492,2.365709140871815,1.7331484720543884,2.0029894561417554,2.0005495600537215,1.8511823620965309,2.569396241851281,3.7705531588664005,4.07318419984356,4.687012751489726,3.761598002647716,3.9766889144132986
canonical_pid_replay_segment_gap_v2,0.6,1.0,0.25,0.8,kp0.6_ki1_kd0.25_ml0.8,2.9056203267066967,2.4594479798257987,2.52139930741688,2.365731965883783,1.7331100463659386,2.002921875174804,2.000699927045861,1.8512664678094275,2.569418107572447,3.7705268269817296,4.073167544291469,4.68720060030311,3.761471681839454,3.9767019166763578
canonical_pid_replay_segment_gap_v2,0.6,0.8,0.0,0.8,kp0.6_ki0.8_kd0_ml0.8,2.90599549815664,2.4627521712941385,2.5227514753864893,2.3665775845872976,1.7338273177337813,2.0028879602093586,2.0005878721061072,1.8514540880601469,2.569419431712944,3.770470331605121,4.073145707071468,4.686758520218714,3.761410719420317,3.975898296630433
canonical_pid_replay_segment_gap_v2,0.6,0.8,0.75,0.8,kp0.6_ki0.8_kd0.75_ml0.8,2.906007390059822,2.462890054433174,2.522265181626056,2.36692882047758,1.7337688188164329,2.0031336878018755,2.0003279363941426,1.8510001044868085,2.5693872334995453,3.770523295034616,4.073205724394934,4.6868942981835415,3.7618871177906503,3.975883797838329
canonical_pid_replay_segment_gap_v2,0.6,0.8,1.0,0.8,kp0.6_ki0.8_kd1_ml0.8,2.9060175637012073,2.4629784653848663,2.5221988747543063,2.366950454874919,1.7337147945940448,2.0032038487827903,2.000202103384753,1.8507155978815735,2.5693996420925096,3.7705262669375395,4.073353648920261,4.686903895762965,3.762200145198943,3.9758805895462213
canonical_pid_replay_segment_gap_v2,0.6,0.8,0.5,0.8,kp0.6_ki0.8_kd0.5_ml0.8,2.906021745964863,2.46284283161098,2.5223596038589706,2.3667497555340544,1.7338822877480595,2.003108160740067,2.0006204094504114,1.8510061054227809,2.5693895771302744,3.7705054517482437,4.073182194925406,4.687054283728912,3.7616946034045573,3.975887432240499
canonical_pid_replay_segment_gap_v2,0.6,0.8,0.25,0.8,kp0.6_ki0.8_kd0.25_ml0.8,2.9060325420856796,2.462809464684779,2.5225558828929566,2.366794826888905,1.7339077958542746,2.0029399515963338,2.000709818923055,1.8511035356718246,2.5694116235956588,3.7704786387391795,4.073149246945769,4.687138762270504,3.7615315072765028,3.9758919917740947
canonical_pid_replay_segment_gap_v2,0.6,0.6,0.0,0.8,kp0.6_ki0.6_kd0_ml0.8,2.9064601185336807,2.466418129353285,2.5239704150776414,2.3677947208058354,1.734612762740724,2.0028653813714783,2.000683076986252,1.8513893488522204,2.5694157422142205,3.770422380660347,4.073134976494654,4.686707395384,3.7614484738380587,3.9751187371591326
canonical_pid_replay_segment_gap_v2,0.6,0.6,0.75,0.8,kp0.6_ki0.6_kd0.75_ml0.8,2.906463218854353,2.466610157412206,2.5234211521670082,2.3681084991045087,1.7345626964074985,2.0030568649865343,2.0004177229072035,1.8508809281986334,2.569382815884721,3.7704807461532397,4.073203756044516,4.686935191261125,3.761998734204487,3.974962580374904
canonical_pid_replay_segment_gap_v2,0.6,0.6,1.0,0.8,kp0.6_ki0.6_kd1_ml0.8,2.9064807278048295,2.46669092144144,2.523470918854466,2.368163968930277,1.7345143016117797,2.0031293544986384,2.000350358025498,1.8506721446029928,2.5693959816988188,3.7704742548776076,4.073297910598991,4.686931322916888,3.762227625133436,3.9749303982719493
canonical_pid_replay_segment_gap_v2,0.6,0.6,0.5,0.8,kp0.6_ki0.6_kd0.5_ml0.8,2.9064850690652286,2.466558894799344,2.52357612285219,2.3679334806045627,1.7346518415662615,2.0030530884214564,2.0006916900361147,1.8509539491983744,2.5693841282972,3.770461111441898,4.073179161571353,4.687073242413486,3.7617911794878527,3.9749980071578808
canonical_pid_replay_segment_gap_v2,0.6,0.6,0.25,0.8,kp0.6_ki0.6_kd0.25_ml0.8,2.9064925525251306,2.466488385278343,2.523783353385683,2.367987317497241,1.734703710519246,2.002892100140079,2.000747347176938,1.8510511850656786,2.569406583742308,3.7704342916172666,4.073146777376661,4.687065411791455,3.761641924546481,3.9750547946893238
canonical_pid_replay_segment_gap_v2,0.6,0.4,0.0,0.8,kp0.6_ki0.4_kd0_ml0.8,2.9069640052606847,2.4704158150486952,2.5252603963916775,2.369110684924028,1.735425290880582,2.002786940435312,2.0007921080555993,1.8513330975060336,2.5694104448483213,3.7703957409352484,4.073121178168588,4.68662987648591,3.761557520572699,3.9742929741362025
canonical_pid_replay_segment_gap_v2,0.6,0.4,0.75,0.8,kp0.6_ki0.4_kd0.75_ml0.8,2.90698067728289,2.4706182330550246,2.5246635773585577,2.36945460735914,1.7353459373359466,2.0029420375890803,2.0005254462579978,1.8507892164342783,2.5693782887562127,3.7704540864819176,4.073195676877827,4.686924606834754,3.7621325403909025,3.9743245499459303
canonical_pid_replay_segment_gap_v2,0.6,0.4,0.5,0.8,kp0.6_ki0.4_kd0.5_ml0.8,2.906988147790798,2.4705543743305216,2.524818726996132,2.369150377001394,1.7354333394694723,2.0029921831634234,2.000746270694966,1.8508944763982516,2.5693774379611796,3.7704404906422497,4.073176156966693,4.687049081036066,3.761899897892599,3.9743131087274217
canonical_pid_replay_segment_gap_v2,0.6,0.4,1.0,0.8,kp0.6_ki0.4_kd1_ml0.8,2.906988678516385,2.470680952494499,2.5247710759386197,2.369491509492967,1.735313288729411,2.003025811940582,2.0004034749457675,1.8504963721203753,2.5693921528976356,3.770447096452482,4.073205081339915,4.686912200178791,3.7623773865201517,3.9743364176618114
canonical_pid_replay_segment_gap_v2,0.6,0.4,0.25,0.8,kp0.6_ki0.4_kd0.25_ml0.8,2.9070061179837543,2.470472276543244,2.5250521518033975,2.3693351557039035,1.735527897197872,2.0028017683870445,2.0008773149015453,1.8510564256737052,2.5693994744938236,3.7704181834209343,4.073147839386448,4.686958634257711,3.7617298648402273,3.9743025471789544
canonical_pid_replay_segment_gap_v2,0.4,1.4,0.5,0.8,kp0.4_ki1.4_kd0.5_ml0.8,2.9127455156229924,2.483905225967394,2.548214424467363,2.388722889323853,1.7529408140609386,2.002741416276379,2.004599915743802,1.8505341994691484,2.5694022883494143,3.770334892605387,4.073213260057126,4.6863805975112856,3.760670668569796,3.974031110697022
canonical_pid_replay_segment_gap_v2,0.4,1.4,0.0,0.8,kp0.4_ki1.4_kd0_ml0.8,2.912758315811215,2.4837172057640236,2.548763491641799,2.388527783692432,1.7529965589210281,2.0025612759807907,2.0048132207878253,1.8509376563587965,2.569413910862201,3.770322902490262,4.073171234948699,4.686111782559345,3.760516463806774,3.974004617731822
canonical_pid_replay_segment_gap_v2,0.4,1.4,0.25,0.8,kp0.4_ki1.4_kd0.25_ml0.8,2.912759524085623,2.483784928790279,2.548487302855873,2.3885795978473197,1.752984966360921,2.0026387797123846,2.0047173142890986,1.8506625500282317,2.569410381596684,3.770346759874185,4.073190661104712,4.686484480047969,3.760567361105719,3.9740187294997305
canonical_pid_replay_segment_gap_v2,0.4,1.4,0.75,0.8,kp0.4_ki1.4_kd0.75_ml0.8,2.9127700712486484,2.4839872754167454,2.548077380756681,2.3887005780503188,1.7528985356923397,2.002976670512156,2.0045780616155655,1.850427717187369,2.5694046925283485,3.770324763423504,4.073243282909746,4.686421056401418,3.76092891829625,3.9740419934419875
canonical_pid_replay_segment_gap_v2,0.4,1.4,1.0,0.8,kp0.4_ki1.4_kd1_ml0.8,2.9128206092465905,2.4840565800242076,2.5481635615074163,2.389011412652103,1.752702987820441,2.0029457594428473,2.004717854458904,1.8504034552526292,2.569413516083646,3.770314904595432,4.073265460724301,4.686411008031622,3.761207288697914,3.974054130914219
canonical_pid_replay_segment_gap_v2,0.4,1.2,0.0,0.8,kp0.4_ki1.2_kd0_ml0.8,2.913639764375041,2.489108517286063,2.5510300565766095,2.390871508830475,1.7542521015080983,2.0024455720353767,2.0053851756163343,1.8508980227182608,2.569419182784585,3.770275481014869,4.073122633824557,4.685983461077384,3.7604628103186357,3.974062413284282
canonical_pid_replay_segment_gap_v2,0.4,1.2,0.25,0.8,kp0.4_ki1.2_kd0.25_ml0.8,2.913642257816485,2.489187277665376,2.5507519199677744,2.3909298669258354,1.7542426060237588,2.0025199011111803,2.0052957353983123,1.8506159562424471,2.56941530401768,3.770289497286665,4.0731317257081665,4.686327469469972,3.760554062085216,3.9740880297119188
canonical_pid_replay_segment_gap_v2,0.4,1.2,0.5,0.8,kp0.4_ki1.2_kd0.5_ml0.8,2.913650658525683,2.489285540330045,2.5504813920948814,2.3910587761627693,1.7541955193919947,2.0026246973015938,2.0052258342619895,1.8504606686402358,2.5694086035659134,3.77028232211719,4.0731340292439215,4.686387027435605,3.760800468826716,3.9741136814610294
canonical_pid_replay_segment_gap_v2,0.4,1.2,0.75,0.8,kp0.4_ki1.2_kd0.75_ml0.8,2.9136810119933134,2.4893674466490867,2.550331677938179,2.391082572239164,1.754146636605068,2.002890765441912,2.0051971856012356,1.8503299241284241,2.5694093861973712,3.7702753863748284,4.073168181566811,4.686433551530642,3.7610845511677446,3.974135890472613
canonical_pid_replay_segment_gap_v2,0.4,1.2,1.0,0.8,kp0.4_ki1.2_kd1_ml0.8,2.9137314644690417,2.4894398009646377,2.550410349394839,2.3913486843610876,1.753917738676364,2.0028417719273324,2.005339315254977,1.8503558859066267,2.56941827326853,3.770269011300145,4.073184488953145,4.686455595849089,3.7613694509575577,3.9741586712832038
canonical_pid_replay_segment_gap_v2,0.4,1.0,0.0,0.8,kp0.4_ki1_kd0_ml0.8,2.914601141805777,2.4950090955877737,2.553386993258074,2.3934084487841134,1.7555502868901678,2.0023570005136317,2.005998347529618,1.850857494974327,2.569425383933972,3.7702174507949624,4.073016090342095,4.685857993328877,3.7604246694802828,3.9743055880572054
canonical_pid_replay_segment_gap_v2,0.4,1.0,0.25,0.8,kp0.4_ki1_kd0.25_ml0.8,2.9146044782266283,2.4950734674371846,2.5531080069036034,2.3934550664733756,1.7555242553668666,2.0024024585920146,2.005958157693912,1.8505734516480554,2.569420187936878,3.770222422117618,4.073032243710014,4.686144005608604,3.7606233086692726,3.974321184788767
canonical_pid_replay_segment_gap_v2,0.4,1.0,0.5,0.8,kp0.4_ki1_kd0.5_ml0.8,2.914637956506252,2.4951386103973063,2.5528545964403926,2.393586658883524,1.7554896399290294,2.002535771409348,2.0059148267085987,1.8504160841717534,2.56941429015475,3.7702116425589938,4.07307579422836,4.686374998940134,3.760942154345043,3.9743383664140377
canonical_pid_replay_segment_gap_v2,0.4,1.0,0.75,0.8,kp0.4_ki1_kd0.75_ml0.8,2.914656862426356,2.495178863042223,2.5527158654675306,2.393642102054149,1.7554065578358253,2.0027789859938596,2.005862118475346,1.850257518874549,2.5694150996863168,3.770210645580317,4.073091647975048,4.6863792070367545,3.76124583985071,3.974354759670002
canonical_pid_replay_segment_gap_v2,0.4,1.0,1.0,0.8,kp0.4_ki1_kd1_ml0.8,2.914714117490113,2.495218913183494,2.552789953303542,2.3938976184142735,1.7551880662457855,2.0027497550508837,2.0060251086964693,1.8503264675080988,2.5694233799373816,3.77020849130153,4.073126476868474,4.686442606094169,3.761514657188392,3.974372033578975
canonical_pid_replay_segment_gap_v2,0.4,0.8,0.0,0.8,kp0.4_ki0.8_kd0_ml0.8,2.915618102540059,2.501431552423545,2.555873961826035,2.3961686812780365,1.7569147513904835,2.002276053057995,2.0067160333453136,1.8507979929772056,2.5694306035065435,3.770148046472349,4.072969791353298,4.685753147244728,3.7604740336237636,3.9740806845214713
canonical_pid_replay_segment_gap_v2,0.4,0.8,0.25,0.8,kp0.4_ki0.8_kd0.25_ml0.8,2.9156295773585765,2.5015040840311698,2.5556047771616757,2.3962071040193833,1.7568788008496863,2.0023036805822927,2.0067190048081587,1.8505191499511742,2.5694240564362523,3.770151606008907,4.072989777844466,4.686002993880145,3.7607558574622586,3.9741236126259243
canonical_pid_replay_segment_gap_v2,0.4,0.8,0.5,0.8,kp0.4_ki0.8_kd0.5_ml0.8,2.9156644184192024,2.501557322731674,2.5553508623815904,2.3963363072507864,1.7568390800403382,2.0024554385389957,2.0066716696067037,1.8503741151613848,2.5694205610132737,3.770145917477326,4.073017607248381,4.686250855746444,3.761082526731828,3.97413517552091
canonical_pid_replay_segment_gap_v2,0.4,0.8,0.75,0.8,kp0.4_ki0.8_kd0.75_ml0.8,2.915675372318151,2.5015943208421016,2.5552249718362696,2.396412538055611,1.7567330657477902,2.00268571334647,2.0065226619548313,1.8502072129088933,2.5694208431229333,3.770143058513559,4.073022508383535,4.686273519336271,3.76139545714616,3.974143968941544
canonical_pid_replay_segment_gap_v2,0.4,0.8,1.0,0.8,kp0.4_ki0.8_kd1_ml0.8,2.915736932941103,2.5016095859418566,2.555305582805994,2.3966841154848715,1.7565459245444905,2.0026450802595863,2.006726443409798,1.8502763018936979,2.569427965505248,3.770146364295563,4.07304088403882,4.686348952919185,3.7616719116931154,3.974151015442106
canonical_pid_replay_segment_gap_v2,0.4,0.6,0.0,0.8,kp0.4_ki0.6_kd0_ml0.8,2.9167128420292077,2.508411474400584,2.558546953848263,2.399078805488784,1.7584063146926248,2.0021919156497283,2.0075583987158883,1.8507364254122152,2.5694342357962547,3.770070264594668,4.072887419594481,4.685710042075507,3.760557881415888,3.973676814694811
canonical_pid_replay_segment_gap_v2,0.4,0.6,0.25,0.8,kp0.4_ki0.6_kd0.25_ml0.8,2.916718892698749,2.508486384525009,2.5582761739960733,2.3991296943210947,1.758346039080647,2.0022054813605696,2.0075373456132333,1.8504704379759673,2.56942854197078,3.7700700708559047,4.072898079889337,4.6859482190367885,3.7608657058732153,3.9736834305851167
canonical_pid_replay_segment_gap_v2,0.4,0.6,0.5,0.8,kp0.4_ki0.6_kd0.5_ml0.8,2.916746889111803,2.508537606058308,2.5580315077782694,2.3992631655318735,1.7582845168922614,2.0023604346673185,2.007476666669246,1.8503382729037752,2.569426072847182,3.770072713261982,4.072897075081392,4.686142243736128,3.761188072709986,3.9736912103157116
canonical_pid_replay_segment_gap_v2,0.4,0.6,0.75,0.8,kp0.4_ki0.6_kd0.75_ml0.8,2.9167595148460843,2.508584487102061,2.557919732633181,2.3993514773415456,1.758155367326373,2.0025822024795783,2.0073486815350017,1.8501742479307322,2.569425372906802,3.7700738469525326,4.072892096665071,4.686183688642032,3.761488323665926,3.9736941678182593
canonical_pid_replay_segment_gap_v2,0.4,0.6,1.0,0.8,kp0.4_ki0.6_kd1_ml0.8,2.9168124421679495,2.5086296418888776,2.5579583980404696,2.399624244948377,1.7579895442966051,2.00253299338287,2.0075073421530387,1.8502241443713991,2.569432486559594,3.770080153143778,4.072916033307803,4.686182799528949,3.761790632062878,3.973693334498705
canonical_pid_replay_segment_gap_v2,0.4,0.4,0.25,0.8,kp0.4_ki0.4_kd0.25_ml0.8,2.917902351062618,2.5161511849541625,2.56108529038285,2.402287198558005,1.759902183219366,2.002073096964788,2.008440531770313,1.8504168336623918,2.5694331263550487,3.7699927075890387,4.0728341014085565,4.685950905002717,3.76095825803251,3.973205145914284
canonical_pid_replay_segment_gap_v2,0.4,0.4,0.0,0.8,kp0.4_ki0.4_kd0_ml0.8,2.9179029281233366,2.5160830850968146,2.56134424547041,2.402224589277126,1.7599736926148115,2.002091027847739,2.008447581533489,1.850653646150369,2.569437611772703,3.7699919426712203,4.072841446704342,4.685813430683557,3.7606393449947646,3.973196420786032
canonical_pid_replay_segment_gap_v2,0.4,0.4,0.5,0.8,kp0.4_ki0.4_kd0.5_ml0.8,2.9179212220159254,2.5161923755291964,2.560868389044804,2.4024015155196143,1.7598245118580003,2.0022256405463317,2.0083665365574888,1.8502870688707496,2.5694319599004936,3.7700022683724828,4.072852437101376,4.686045737742829,3.761264617334565,3.9732128278291
canonical_pid_replay_segment_gap_v2,0.4,0.4,0.75,0.8,kp0.4_ki0.4_kd0.75_ml0.8,2.917941216353657,2.5162209758566916,2.5607680029484476,2.402509565065812,1.7596876917109443,2.0024440458000226,2.0082686982611517,1.8501432015909822,2.5694314200985953,3.7700059014080236,4.072871098071132,4.686092351757551,3.761568157720595,3.973224702307595
canonical_pid_replay_segment_gap_v2,0.4,0.4,1.0,0.8,kp0.4_ki0.4_kd1_ml0.8,2.917992451679315,2.5162781787979402,2.560781468916856,2.402823366708262,1.7595249103057549,2.0024143880128658,2.008392674779813,1.8501244793992015,2.5694393936893563,3.77000804174529,4.072905729881257,4.6861396744647905,3.7618306599790574,3.973238905150653
canonical_pid_replay_segment_gap_v2,1.6,0.8,0.75,0.6,kp1.6_ki0.8_kd0.75_ml0.6,2.9863319035451634,2.5640714341651916,2.6297850447790263,2.4611330358049734,1.8275236067933094,2.1165444303220995,2.100194673173351,1.9436617668642686,2.6595282743675073,3.8607798236125284,4.153534486185994,4.714620307492214,3.790151333280546,4.000786529246116
canonical_pid_replay_segment_gap_v2,1.6,0.4,0.75,0.6,kp1.6_ki0.4_kd0.75_ml0.6,2.986335157560378,2.5642001286379585,2.629801176032933,2.461017310324606,1.827439824477948,2.116517417907946,2.100128960346016,1.9435916912371578,2.659506645838768,3.860683607135831,4.153654090475505,4.714704626641651,3.7903209299513407,4.000790639277258
canonical_pid_replay_segment_gap_v2,1.6,1.0,1.0,0.6,kp1.6_ki1_kd1_ml0.6,2.986353215065124,2.5644611728777904,2.629627197538704,2.461201846382556,1.827451177081823,2.116626345444461,2.099948113324382,1.9442392131948054,2.6595137654904533,3.860797628582134,4.153652393028351,4.71423189437242,3.7900475471548725,4.000793501373859
canonical_pid_replay_segment_gap_v2,1.6,1.4,1.0,0.6,kp1.6_ki1.4_kd1_ml0.6,2.9863635474112944,2.563467023927202,2.6301092550454133,2.46124779988533,1.827398903500714,2.116597493563047,2.100101237997314,1.9440447841220667,2.6595299267671813,3.8607381536426666,4.1536029538965025,4.714680342377417,3.790437995314523,4.000770246307454
canonical_pid_replay_segment_gap_v2,1.6,1.2,1.0,0.6,kp1.6_ki1.2_kd1_ml0.6,2.9863736670555543,2.5641185372150255,2.629958060491909,2.4609907015680386,1.8273965714323381,2.11671990515693,2.1001503670700417,1.9440158303099846,2.6595187210597673,3.8608255962935405,4.153536880469663,4.714306947825232,3.7905308689170902,4.000788683912644
canonical_pid_replay_segment_gap_v2,1.6,1.2,0.75,0.6,kp1.6_ki1.2_kd0.75_ml0.6,2.9863794597410847,2.563989958192596,2.629949031808614,2.4610355800390025,1.8276278132448704,2.1167410763055052,2.100111972316325,1.9434394523897813,2.659485592129226,3.860713756636361,4.153650953358999,4.71481363496753,3.790533882922965,4.000840272322329
canonical_pid_replay_segment_gap_v2,1.6,1.4,0.75,0.6,kp1.6_ki1.4_kd0.75_ml0.6,2.9863850095445224,2.563626361978988,2.629885827037942,2.460756021651627,1.827478771107914,2.1167756639249693,2.099901285649801,1.9436228849563495,2.659623426537191,3.8607157029189323,4.153772106913144,4.714666789427011,3.7913432102591713,4.00083707171575
canonical_pid_replay_segment_gap_v2,1.4,1.2,0.75,0.6,kp1.4_ki1.2_kd0.75_ml0.6,2.9864300296455104,2.5645571515199865,2.6301640452255155,2.4615789345381978,1.8275220365896043,2.116395616958622,2.0998707962001886,1.943473392956409,2.6594786624887,3.8606937947610667,4.153606244823908,4.714581109449887,3.7908519960034623,4.000816603876079
canonical_pid_replay_segment_gap_v2,1.4,0.6,0.75,0.6,kp1.4_ki0.6_kd0.75_ml0.6,2.98643110027776,2.5653172798713344,2.6303400043009204,2.4616459073491908,1.8273288910901748,2.116476946797555,2.0997424634389406,1.9439059973864499,2.659480899770293,3.8606947618240146,4.153602420246049,4.7145138998742295,3.7897702551216206,4.000784576540105
canonical_pid_replay_segment_gap_v2,1.6,0.4,0.25,0.6,kp1.6_ki0.4_kd0.25_ml0.6,2.9864349370039815,2.5642118545944377,2.629903402793124,2.4610678350410717,1.8276142069639294,2.116542518494377,2.1005581173589705,1.9443550447112707,2.659394238559616,3.8607917428960445,4.153564674220365,4.714570453713883,3.790294742298555,4.000785349406118
canonical_pid_replay_segment_gap_v2,1.4,1.4,0.5,0.6,kp1.4_ki1.4_kd0.5_ml0.6,2.986436479720653,2.564354820735919,2.6302653493816988,2.4612090725521605,1.8274793178901445,2.1165616565760623,2.1003192992640516,1.944215420779354,2.6594312974136014,3.8607240818110404,4.153551340750825,4.714447636889395,3.790347935568992,4.000767006755239
canonical_pid_replay_segment_gap_v2,1.6,0.6,1.0,0.6,kp1.6_ki0.6_kd1_ml0.6,2.9864366139532867,2.564551986592775,2.6302456425561305,2.4611795110004575,1.8272996516541078,2.1165453607234137,2.100084442359368,1.9440718706867435,2.659542562289557,3.8607693374708467,4.15366994276714,4.714430273939826,3.790473985484899,4.000811413867461
canonical_pid_replay_segment_gap_v2,1.6,0.6,0.0,0.6,kp1.6_ki0.6_kd0_ml0.6,2.986440662842801,2.5640406166966945,2.630176873644267,2.460666204097013,1.8278328504553547,2.1166178387204444,2.100063795879976,1.9445988718093579,2.659474417363858,3.8607539972140543,4.153514987243159,4.714546925211757,3.7906701792031714,4.000771059417312
canonical_pid_replay_segment_gap_v2,1.6,1.0,0.25,0.6,kp1.6_ki1_kd0.25_ml0.6,2.9864438533049156,2.564083969293077,2.6299696459019466,2.4605205603590328,1.827581232383695,2.116630612022091,2.100130413553951,1.9445165291561672,2.6595654713281593,3.8607270455002527,4.15372927344372,4.714770437935935,3.7907743396768576,4.000770562409024
canonical_pid_replay_segment_gap_v2,1.6,1.4,0.25,0.6,kp1.6_ki1.4_kd0.25_ml0.6,2.9864484577354915,2.56372976082792,2.63017724523661,2.460604530894056,1.827793295016389,2.1168045738148122,2.100167931464549,1.9433870253808532,2.6594311521697604,3.8607698004559694,4.15379602343797,4.714694630842165,3.791624240849249,4.000849740171083
canonical_pid_replay_segment_gap_v2,1.6,1.0,0.75,0.6,kp1.6_ki1_kd0.75_ml0.6,2.9864517963417145,2.5639042689592,2.630304620754766,2.4611508882993856,1.8275665551723232,2.1163929456676507,2.0999392229500535,1.9439452642858395,2.6595375295115873,3.860801234490927,4.153903128102033,4.7146153728262705,3.7910642492543722,4.000748072167878
canonical_pid_replay_segment_gap_v2,1.6,0.4,0.0,0.6,kp1.6_ki0.4_kd0_ml0.6,2.986456012437893,2.5638940628754883,2.630048335220734,2.4606685234289456,1.82757265326262,2.1164868183342467,2.100465872827631,1.9443272298696712,2.659467649272291,3.8608206076986185,4.153917619299526,4.714834552197048,3.790669200719723,4.0007550366860665
canonical_pid_replay_segment_gap_v2,1.6,1.4,0.5,0.6,kp1.6_ki1.4_kd0.5_ml0.6,2.9864581979362628,2.563840754413712,2.630026629590435,2.461305117108415,1.8275630393171387,2.116768399907082,2.0998561520522756,1.9445132946911727,2.659417392558414,3.8608944161541032,4.153567288477128,4.7148235221776575,3.790626051003722,4.000754515720157
canonical_pid_replay_segment_gap_v2,1.4,1.0,0.5,0.6,kp1.4_ki1_kd0.5_ml0.6,2.986462876779057,2.5649357637359227,2.6302590323905024,2.461162162242277,1.8276714486522991,2.1165105933598922,2.1000791413240036,1.9435879331438486,2.6594896109072272,3.8607162725446944,4.153515445169884,4.71446209561547,3.7908655396067967,4.0007623594349155
canonical_pid_replay_segment_gap_v2,1.2,1.4,1.0,0.6,kp1.2_ki1.4_kd1_ml0.6,2.9864639803635864,2.566102343639405,2.630394012086071,2.463067383732587,1.8272410158953445,2.116424593350103,2.0999732628876284,1.9433823034278934,2.659525839123836,3.8606693214373653,4.153564970686729,4.713989933775966,3.788931950527053,4.0007648141566365
canonical_pid_replay_segment_gap_v2,1.6,0.6,0.75,0.6,kp1.6_ki0.6_kd0.75_ml0.6,2.986474958370673,2.5641095659127067,2.6302449647487935,2.4607225289964436,1.8275377932313894,2.1164918202853813,2.1001578228084194,1.9443554160509893,2.6595018680398113,3.8607572663302,4.153691135068031,4.714418137121051,3.791412336375861,4.000773803849667
canonical_pid_replay_segment_gap_v2,1.4,1.4,0.75,0.6,kp1.4_ki1.4_kd0.75_ml0.6,2.9864785775209155,2.5647363120357745,2.6304810194627932,2.461411782617459,1.8276394106303104,2.1166847658653967,2.0999463255363016,1.9434937737009859,2.6594763707855194,3.8607464980977952,4.153484543572609,4.714102431756922,3.791240178522314,4.0007780951877185
canonical_pid_replay_segment_gap_v2,1.2,1.0,0.75,0.6,kp1.2_ki1_kd0.75_ml0.6,2.986478903333567,2.5662576657270004,2.629882252942169,2.4627042893843782,1.8273168623767602,2.1164454768851524,2.100037218753689,1.9438469275185695,2.6594697202548696,3.8605622681882656,4.153551494835519,4.714394668157549,3.788967949367461,4.000788948944984
canonical_pid_replay_segment_gap_v2,1.2,0.6,0.75,0.6,kp1.2_ki0.6_kd0.75_ml0.6,2.986479620649235,2.566696950878405,2.629673408381106,2.46331991494718,1.8271167233883157,2.1164886013296136,2.099899133835311,1.94340659058875,2.659476229035994,3.860612835985652,4.153605179571859,4.714090052806205,3.789036202567795,4.0008132451238625
canonical_pid_replay_segment_gap_v2,1.6,1.2,0.5,0.6,kp1.6_ki1.2_kd0.5_ml0.6,2.9864803625178165,2.5636362228295124,2.6299075291264753,2.461095190852278,1.8275777386730006,2.11661306704497,2.0999133243005876,1.9449080709738393,2.659423729284535,3.8607445357499786,4.1535399737143175,4.714650518576345,3.791427146626301,4.000807664979479
canonical_pid_replay_segment_gap_v2,1.6,0.6,0.5,0.6,kp1.6_ki0.6_kd0.5_ml0.6,2.9864827200320367,2.564334099396888,2.6304636586526837,2.4608425334752027,1.8276699125567182,2.116887825963223,2.100424068182143,1.9438441790374323,2.659475993423004,3.8607521551667716,4.15356335639079,4.714611079328658,3.7905826965085736,4.000823802334385
canonical_pid_replay_segment_gap_v2,1.6,0.4,0.5,0.6,kp1.6_ki0.4_kd0.5_ml0.6,2.986483579690069,2.5644051556166336,2.629917415296326,2.4609451539801253,1.8277275229394363,2.116735131025141,2.0997935400379077,1.9439643530770312,2.6594441106315228,3.8606942416114136,4.153534521950454,4.714732101118759,3.791647421021326,4.000745867664822
canonical_pid_replay_segment_gap_v2,1.4,1.2,1.0,0.6,kp1.4_ki1.2_kd1_ml0.6,2.9864861594075975,2.564811003197444,2.630118324094983,2.4620129292444104,1.8273470078398633,2.116498559766674,2.100156356031128,1.9438058384361272,2.6595342267732973,3.860704178754947,4.153751818912536,4.714115169809037,3.7906968215058487,4.000767837932474
canonical_pid_replay_segment_gap_v2,1.2,0.4,0.75,0.6,kp1.2_ki0.4_kd0.75_ml0.6,2.986487342377368,2.5666315402064668,2.6296150812102512,2.4632632364163616,1.827345657070324,2.1164024692095875,2.1000256776670496,1.9431959920947353,2.6594654551761283,3.86060217622456,4.153506448297666,4.714457489119455,3.7890382867622407,4.000785941450961
canonical_pid_replay_segment_gap_v2,1.4,1.2,0.5,0.6,kp1.4_ki1.2_kd0.5_ml0.6,2.9864886451988344,2.5646571789808505,2.6301456438102577,2.461236224668742,1.8276532437145658,2.1165533933388256,2.0999198524607805,1.9438902001925598,2.6594561693395735,3.8606643383460018,4.153667824121157,4.7145880034450105,3.791115552414052,4.000804762752475
canonical_pid_replay_segment_gap_v2,1.2,1.2,0.0,0.6,kp1.2_ki1.2_kd0_ml0.6,2.9864909501773385,2.5658673865565116,2.630254086264179,2.4624607220687484,1.8276157008709983,2.1164302463870683,2.10026008243029,1.9438809754794348,2.659389795466011,3.8605382546978753,4.153392198112832,4.714431656393938,3.7890942484237633,4.000766999153746
canonical_pid_replay_segment_gap_v2,1.2,1.0,0.5,0.6,kp1.2_ki1_kd0.5_ml0.6,2.9864920544696876,2.5661830223679925,2.6299567398961323,2.4627538839550542,1.8275201515515362,2.116276531170957,2.0999028431613156,1.9437641884924801,2.6594664720786625,3.8605905575253257,4.153587327401422,4.714519881850411,3.7890904744667466,4.000784634187902
canonical_pid_replay_segment_gap_v2,1.0,1.2,0.75,0.6,kp1_ki1.2_kd0.75_ml0.6,2.986492424714271,2.5679962885853116,2.630201355747977,2.464299933713894,1.8271663641122895,2.116185715319095,2.09927092680361,1.9432217999213954,2.6593780343460867,3.860559569018239,4.153396338293919,4.713431325978816,3.7886938299179866,4.000600039526901
canonical_pid_replay_segment_gap_v2,1.6,1.0,0.5,0.6,kp1.6_ki1_kd0.5_ml0.6,2.986499025410928,2.563852993798315,2.6302839188802607,2.460770701396678,1.8277858988750124,2.116708799125123,2.0999297542891466,1.9443408075702517,2.6594749439088825,3.860715902267607,4.153601620704031,4.7146331143523135,3.7915480983897876,4.000840776784652
canonical_pid_replay_segment_gap_v2,1.4,0.8,0.5,0.6,kp1.4_ki0.8_kd0.5_ml0.6,2.9865059925016153,2.5647159687625862,2.6304040916128195,2.4614219870756475,1.8274593816275015,2.116395349815372,2.1000981091964523,1.944020348945158,2.6594666337657036,3.860715796987693,4.153625956902311,4.714634575160066,3.7908759744334355,4.0007437282362615
canonical_pid_replay_segment_gap_v2,1.6,0.6,0.25,0.6,kp1.6_ki0.6_kd0.25_ml0.6,2.986507725773186,2.5640350937489322,2.6301074888391844,2.4605605779679527,1.8278078114905814,2.116563727402768,2.100394932307767,1.944165221326663,2.6594505823684447,3.8608127814287045,4.153555289390635,4.714604826142129,3.791739124263008,4.000802978374646
canonical_pid_replay_segment_gap_v2,1.4,0.6,0.5,0.6,kp1.4_ki0.6_kd0.5_ml0.6,2.9865083998795234,2.565054570276153,2.6299176828279065,2.461595722203934,1.8277613620757416,2.1164668695095172,2.0999997172676497,1.9439918667654474,2.65945856832859,3.86069046112134,4.153512417855183,4.714521257322718,3.7908499589253672,4.000788743954259
canonical_pid_replay_segment_gap_v2,1.2,1.0,0.0,0.6,kp1.2_ki1_kd0_ml0.6,2.98651083024649,2.5660525549937225,2.630122949295234,2.4622023109954285,1.8275609854957702,2.116436366249004,2.10024910771178,1.9438253774849745,2.6593970180869317,3.8605487089447252,4.153422084646284,4.714632943006582,3.789421353228789,4.00076903306514
canonical_pid_replay_segment_gap_v2,1.6,1.0,0.0,0.6,kp1.6_ki1_kd0_ml0.6,2.986512866119109,2.564117582564801,2.63057574980812,2.4609603585605413,1.8276948864867724,2.116603576978632,2.100243425349499,1.9448826591923636,2.659430234437423,3.8607562959298547,4.153497758553699,4.714476749060449,3.7906306891990877,4.000797293427178
canonical_pid_replay_segment_gap_v2,1.4,1.0,0.25,0.6,kp1.4_ki1_kd0.25_ml0.6,2.9865143266393606,2.565173817214491,2.6300327544389392,2.4614775912187956,1.8276293736423685,2.116728687910331,2.1001753441134423,1.9441505136239428,2.6594518783859735,3.8606497817262757,4.153508069682161,4.714519870523167,3.7903962308339416,4.000792332997857
canonical_pid_replay_segment_gap_v2,1.2,0.8,0.25,0.6,kp1.2_ki0.8_kd0.25_ml0.6,2.9865144062323785,2.5662815697843486,2.630373478095651,2.4630382349623594,1.8272383614432142,2.1163993587733887,2.099654643603599,1.9438898858945224,2.659393004069477,3.860519038631096,4.153562311378622,4.7145421916931705,3.7890091517316216,4.000786050959852
canonical_pid_replay_segment_gap_v2,1.6,1.2,0.0,0.6,kp1.6_ki1.2_kd0_ml0.6,2.9865159884208725,2.563984737641077,2.6302780802992243,2.4607918319682343,1.8277436706937695,2.1166231642020876,2.1004138931176293,1.94391350557588,2.659450480456316,3.8607084084750496,4.153564274359394,4.714672058475515,3.791826900278552,4.000736843928611
canonical_pid_replay_segment_gap_v2,1.6,1.4,0.0,0.6,kp1.6_ki1.4_kd0_ml0.6,2.9865161738795183,2.563621631759338,2.6305051246655036,2.4605504110862326,1.8278876681413798,2.116911152279681,2.10021353879217,1.9442481810639876,2.6594972970343167,3.8607046699504672,4.153510066802512,4.714575799489991,3.791711473236146,4.000773246132013
canonical_pid_replay_segment_gap_v2,1.4,0.8,1.0,0.6,kp1.4_ki0.8_kd1_ml0.6,2.9865172606398804,2.565015949437037,2.630362027346369,2.4621099976523326,1.827322804882537,2.116356828838983,2.100107205270565,1.9432064650437908,2.659496576146903,3.860693401491968,4.153734655881874,4.714632396613408,3.7909078309121766,4.000778248800502
canonical_pid_replay_segment_gap_v2,1.4,1.0,1.0,0.6,kp1.4_ki1_kd1_ml0.6,2.9865179017759615,2.564767085527597,2.6302300492893957,2.462110285683621,1.8273246408379524,2.1164477379211593,2.1003185604197196,1.9436742064314714,2.6595174985023715,3.8607281712615964,4.1536704764965515,4.7141979223523975,3.790949907735914,4.000796180627762
canonical_pid_replay_segment_gap_v2,1.4,1.2,0.0,0.6,kp1.4_ki1.2_kd0_ml0.6,2.9865180721116973,2.5648996502326535,2.6302389724975552,2.4608110615082976,1.8277622388419905,2.1166819660110874,2.1002465973059805,1.9440602896344095,2.659436560726625,3.8607482082016666,4.153571247736811,4.714532920768857,3.7909289077729738,4.000816316213152
canonical_pid_replay_segment_gap_v2,1.2,1.2,0.75,0.6,kp1.2_ki1.2_kd0.75_ml0.6,2.986522503642775,2.5661312865048145,2.630373312430629,2.4630209520245425,1.827434495785173,2.116492613299806,2.0998558347832574,1.9437231423684682,2.6594685907623106,3.8605706732836347,4.153655235032397,4.713914159459469,3.7893724061342193,4.00077984548736
canonical_pid_replay_segment_gap_v2,1.6,0.8,0.25,0.6,kp1.6_ki0.8_kd0.25_ml0.6,2.9865253441999022,2.5641424199856444,2.630470186951024,2.460394261102183,1.827699821852983,2.1167021912098054,2.100564148984751,1.9443400370681454,2.6594332420674274,3.8607935943739426,4.153521013401517,4.714674004804941,3.7913523327376293,4.000742220058741
canonical_pid_replay_segment_gap_v2,1.4,0.4,1.0,0.6,kp1.4_ki0.4_kd1_ml0.6,2.9865304530256203,2.5655525062399067,2.630117992165886,2.461999760292884,1.8272428080843286,2.116669916878951,2.0996543356061608,1.9435885767567058,2.6594909092318164,3.860697341735836,4.153765716884912,4.714682475890509,3.7906669526240013,4.0007665969411645
canonical_pid_replay_segment_gap_v2,1.6,0.8,1.0,0.6,kp1.6_ki0.8_kd1_ml0.6,2.986530659716332,2.564013165995819,2.6300951260218532,2.4615244325220487,1.827528127296192,2.116518913155358,2.100172904579502,1.944439234662714,2.659514532151161,3.860746981560922,4.153939432046876,4.714662996075717,3.7909465152420467,4.000796215002107
canonical_pid_replay_segment_gap_v2,1.4,0.4,0.75,0.6,kp1.4_ki0.4_kd0.75_ml0.6,2.9865321250838663,2.565264979981196,2.62983874943984,2.4617897311987678,1.8274781720158053,2.1165402580370167,2.0999864016013032,1.9440537977003463,2.659499444155476,3.8606436276772236,4.153583705668962,4.714358069296981,3.791092810470779,4.000787878846565
canonical_pid_replay_segment_gap_v2,1.6,0.8,0.0,0.6,kp1.6_ki0.8_kd0_ml0.6,2.9865364793636906,2.564259252174693,2.6302703496708153,2.4604710282947306,1.8278353165968395,2.1167234462240447,2.1002381196736715,1.944192710313071,2.659421484640853,3.860668209918714,4.153567559320464,4.714685324852584,3.7918488902241183,4.0007925398233795
canonical_pid_replay_segment_gap_v2,1.4,1.4,1.0,0.6,kp1.4_ki1.4_kd1_ml0.6,2.9865366205937707,2.5645504232800795,2.6301423515975486,2.4621125323485233,1.827387039911241,2.1164409077377875,2.100130624969123,1.9442442046071342,2.6595268782702512,3.8607554289095063,4.153607816088672,4.714459437934551,3.790832079005675,4.000786343058928
canonical_pid_replay_segment_gap_v2,1.0,1.0,0.75,0.6,kp1_ki1_kd0.75_ml0.6,2.98653696790492,2.5684781922095845,2.6301226742891486,2.4645772498141363,1.8272303671683752,2.1161357261568843,2.09932970207197,1.9429202268472114,2.6593820334059757,3.8605716486540147,4.153388781237363,4.713473631043187,3.7887843276737545,4.000586022192353
canonical_pid_replay_segment_gap_v2,1.6,0.4,1.0,0.6,kp1.6_ki0.4_kd1_ml0.6,2.986540830348671,2.564021857459117,2.6300635709035256,2.4611418830836276,1.827361550870073,2.1165949269336104,2.10026283868927,1.944774982640957,2.65948676531232,3.8608234448288754,4.153697264607014,4.714727160261422,3.791267262735751,4.000807286207166
canonical_pid_replay_segment_gap_v2,1.2,0.4,0.0,0.6,kp1.2_ki0.4_kd0_ml0.6,2.98654126986112,2.566551554372625,2.63002549480257,2.4628738492334383,1.827561748254375,2.116453560288967,2.1000403340342504,1.9439144025845545,2.659415635485289,3.860465975087683,4.15339072922066,4.714548992375995,3.78904737051544,4.000746861938707
canonical_pid_replay_segment_gap_v2,1.2,1.2,1.0,0.6,kp1.2_ki1.2_kd1_ml0.6,2.986544028902742,2.5659611833241054,2.6304820236936197,2.4633708286939777,1.8273777551646149,2.1164060172345347,2.0999779167570374,1.943592923380024,2.6595211610094895,3.8606476020565608,4.153686940760017,4.714244830154953,3.789021416846215,4.000781776660497
canonical_pid_replay_segment_gap_v2,1.2,0.8,0.75,0.6,kp1.2_ki0.8_kd0.75_ml0.6,2.9865440784648,2.566391783755735,2.630314163601493,2.463436179768182,1.827525817127339,2.1164925832888564,2.0998583529999757,1.9435544471139794,2.6594772344949935,3.8606022884564695,4.15353457125271,4.714075418455046,3.789006083424045,4.000804096303572
canonical_pid_replay_segment_gap_v2,1.2,1.0,1.0,0.6,kp1.2_ki1_kd1_ml0.6,2.9865447533970455,2.5664221651672476,2.630206841277299,2.4630751503563064,1.827487428331701,2.116233272464053,2.099897965205271,1.943756559137458,2.6594940983928583,3.860669035641249,4.153653097354484,4.714399205016406,3.7889955329786993,4.00079144283856
canonical_pid_replay_segment_gap_v2,1.2,1.2,0.5,0.6,kp1.2_ki1.2_kd0.5_ml0.6,2.98654534895571,2.56621002667201,2.630024077132664,2.4625475553341984,1.82739717999703,2.116305512202089,2.099683389449267,1.9440939181195669,2.65949438644064,3.8605486736244674,4.153505355826763,4.71450799545372,3.789998292143298,4.000773174028519
canonical_pid_replay_segment_gap_v2,1.4,1.4,0.25,0.6,kp1.4_ki1.4_kd0.25_ml0.6,2.9865466462685153,2.5646018023799444,2.630314007637953,2.461112122170706,1.8276124789298833,2.1167083282521992,2.100360042104809,1.9442891875790849,2.6594242790117177,3.8605875935988414,4.153475815260262,4.714482008328303,3.7913338516174178,4.000804884619587
canonical_pid_replay_segment_gap_v2,1.2,0.6,0.5,0.6,kp1.2_ki0.6_kd0.5_ml0.6,2.9865487456414255,2.5665799572382757,2.63030951122493,2.4629960596176717,1.8273524897044682,2.1166127131458334,2.099673776863332,1.9439997902770798,2.659440629589536,3.860553671132815,4.153506742559894,4.71445083231897,3.7888556994221676,4.000801820243553
canonical_pid_replay_segment_gap_v2,1.2,1.4,0.75,0.6,kp1.2_ki1.4_kd0.75_ml0.6,2.9865526884023716,2.566129509494999,2.6305768316505715,2.4629165522374974,1.8273546208607163,2.116385373737328,2.1000212568190313,1.944080379332851,2.6594300735493603,3.8606035770473177,4.153650070729846,4.714405653831029,3.788851718939291,4.000779331000991
canonical_pid_replay_segment_gap_v2,1.2,0.8,1.0,0.6,kp1.2_ki0.8_kd1_ml0.6,2.9865576666047895,2.5666365479188484,2.6296579598170324,2.463378626269605,1.8274613110214533,2.1162787105670433,2.099991191107108,1.943947380066903,2.6594754377482164,3.8606092584631035,4.153550529485196,4.714339173046066,3.7891330756619106,4.00079046468978
canonical_pid_replay_segment_gap_v2,1.4,1.0,0.75,0.6,kp1.4_ki1_kd0.75_ml0.6,2.9865614761538364,2.564766631999247,2.630625021710641,2.461936100584296,1.8273847759126947,2.1164703926025257,2.1003955611228307,1.9437525388960282,2.65947932665633,3.8606671869541294,4.153645342951659,4.714205735879803,3.791196918932448,4.0007736557972455
canonical_pid_replay_segment_gap_v2,1.2,1.4,0.5,0.6,kp1.2_ki1.4_kd0.5_ml0.6,2.9865638066341194,2.5660932597838055,2.6299664342247104,2.4629036299488125,1.8276484240214614,2.1164808094253575,2.1000581284463276,1.9438536725459585,2.659478241149973,3.860563757805664,4.153512273122888,4.714403205308845,3.7895819650110396,4.000785685448712
canonical_pid_replay_segment_gap_v2,1.4,1.4,0.0,0.6,kp1.4_ki1.4_kd0_ml0.6,2.9865664108918297,2.5646247585545185,2.630390392155201,2.461253222939188,1.827799853463447,2.1165413526587513,2.1000003825350517,1.9444739904289008,2.6594287106975814,3.8606976396638006,4.153522020976403,4.714469415327639,3.7914199646616447,4.000741637531657
canonical_pid_replay_segment_gap_v2,1.2,0.6,0.0,0.6,kp1.2_ki0.6_kd0_ml0.6,2.9865682584118045,2.566287041141187,2.630147907373403,2.462562880762548,1.8275559104178212,2.1164973770813167,2.0997897110007004,1.944207276022934,2.659386907277261,3.8604993187829497,4.1534738936041835,4.7146551091236,3.789561774789535,4.000762251976018
canonical_pid_replay_segment_gap_v2,1.4,0.8,0.75,0.6,kp1.4_ki0.8_kd0.75_ml0.6,2.9865697792225294,2.564844737938112,2.6305330916198226,2.461544357931677,1.8275058468868668,2.116609241140764,2.0999605297817223,1.9440609356074245,2.6594518916351686,3.8606590194286112,4.153607837087289,4.714511235418933,3.79130119010375,4.000817215312741
canonical_pid_replay_segment_gap_v2,1.2,0.6,1.0,0.6,kp1.2_ki0.6_kd1_ml0.6,2.986570323681186,2.566570741078771,2.629692366969848,2.4633590534275425,1.8273701665234399,2.1163408341088847,2.1001561806289506,1.943913076639357,2.6594722418838628,3.860564405208654,4.153561679192831,4.714480334752037,3.7891386271254874,4.000794500315755
canonical_pid_replay_segment_gap_v2,1.0,1.4,0.75,0.6,kp1_ki1.4_kd0.75_ml0.6,2.9865718994833035,2.5677441249711275,2.630243690943697,2.4644263966183284,1.8273346958658003,2.116243374906731,2.0999222768441235,1.9432439528068308,2.6593889801503194,3.860544233505632,4.153432972699162,4.713459474719779,3.7888175048311354,4.000633014420271
canonical_pid_replay_segment_gap_v2,1.2,0.4,0.25,0.6,kp1.2_ki0.4_kd0.25_ml0.6,2.9865721872061775,2.566844540775882,2.630080773677464,2.463121600292691,1.8271983506837162,2.116344305251333,2.099733334486943,1.9435499718856803,2.659390700581576,3.860509130236462,4.153580065779413,4.7145386716760465,3.7897883630845683,4.000758625268529
canonical_pid_replay_segment_gap_v2,1.4,0.4,0.5,0.6,kp1.4_ki0.4_kd0.5_ml0.6,2.9865732816553976,2.5653449231391443,2.630020676476636,2.461247024260785,1.8276300480059888,2.116308308758951,2.1001052624242953,1.9441441004250162,2.6594502442810133,3.8607079256149994,4.153504948757527,4.714608659619151,3.7915605538501675,4.000819985906493
canonical_pid_replay_segment_gap_v2,1.4,1.2,0.25,0.6,kp1.4_ki1.2_kd0.25_ml0.6,2.9865742439222753,2.564624251693718,2.6306877177473518,2.4610798690547653,1.8277428328351313,2.1167104951905626,2.100486672391395,1.9442131195027994,2.6594303269985455,3.860717510414478,4.153497837249699,4.7144691561765475,3.7909906514012253,4.000814730333357
canonical_pid_replay_segment_gap_v2,1.4,0.6,1.0,0.6,kp1.4_ki0.6_kd1_ml0.6,2.986583153610949,2.5652576221211514,2.630610805656405,2.4621786973510207,1.827288676083609,2.1164187709022952,2.1000737547594936,1.9438268163213408,2.659504037360539,3.8607680660991495,4.153813008614054,4.714105498674048,3.7909787163692195,4.000756526630014
canonical_pid_replay_segment_gap_v2,1.0,1.2,0.0,0.6,kp1_ki1.2_kd0_ml0.6,2.9865910961405273,2.567800362161362,2.6307502439076926,2.4642125059784865,1.827171021119587,2.1163299648249736,2.0999378562204423,1.9436972226799194,2.659299570324203,3.8604216721464772,4.1532181939158415,4.713723946725245,3.7885706686790557,4.000551021143569
canonical_pid_replay_segment_gap_v2,1.2,0.4,1.0,0.6,kp1.2_ki0.4_kd1_ml0.6,2.9865921666534936,2.567052352755368,2.629773786759389,2.4633957150906007,1.8273321927992512,2.1163552796441674,2.1000950113248726,1.9438675324217698,2.6594967820624618,3.860590198799178,4.153582586323558,4.714319536674139,3.7890590295322517,4.00077816230841
canonical_pid_replay_segment_gap_v2,1.2,0.8,0.0,0.6,kp1.2_ki0.8_kd0_ml0.6,2.986592397187318,2.566494053440902,2.629992833307678,2.4626166219012458,1.8275233659937147,2.1163235328706267,2.099992060760655,1.9440856419928119,2.6593856534405487,3.8604444093004857,4.1535229729617855,4.7145924924089,3.789961138346381,4.000766386709402
canonical_pid_replay_segment_gap_v2,1.6,0.8,0.5,0.6,kp1.6_ki0.8_kd0.5_ml0.6,2.9865935496886773,2.564318554337965,2.6305450913618937,2.4611301006209554,1.827591029869741,2.1168388822091706,2.1001432118671914,1.9441332963136777,2.6594686186163146,3.860698501914213,4.1535385310247515,4.714686182670297,3.7918401047153174,4.00078404043131
canonical_pid_replay_segment_gap_v2,1.4,0.8,0.25,0.6,kp1.4_ki0.8_kd0.25_ml0.6,2.986597744274771,2.5653999276985537,2.630678536774275,2.461562010259576,1.827501913347027,2.1164534725058837,2.099820229300907,1.9440655792530037,2.6594332741613833,3.860681260744389,4.153458738504734,4.714549029894136,3.7913801961424607,4.000786506985693
canonical_pid_replay_segment_gap_v2,1.4,0.8,0.0,0.6,kp1.4_ki0.8_kd0_ml0.6,2.9865987863264203,2.5651024751900007,2.630302618425724,2.4615555184306603,1.8279739500565197,2.116313151347771,2.100234146508518,1.9444158590806422,2.659406165479415,3.860618760108476,4.153412796993813,4.714520601177806,3.7911448041302496,4.000783375313865
canonical_pid_replay_segment_gap_v2,1.4,0.6,0.0,0.6,kp1.4_ki0.6_kd0_ml0.6,2.9866025830917993,2.565224879771954,2.6302732668141577,2.461188770073973,1.8278470298943432,2.1164400812119815,2.100196826174145,1.9443620043503838,2.659408092890167,3.8605617037718982,4.153430060549778,4.714611185222573,3.7914924850004694,4.000797194467569
canonical_pid_replay_segment_gap_v2,1.2,1.0,0.25,0.6,kp1.2_ki1_kd0.25_ml0.6,2.9866076616443915,2.5661207416260203,2.6303280755900045,2.4625905165744197,1.8272967341198327,2.1165195800838723,2.0999743376175948,1.9441755484624077,2.659397444444182,3.860609432996027,4.153518486214049,4.714603256710351,3.78998823958919,4.000777207349138
canonical_pid_replay_segment_gap_v2,1.6,1.2,0.25,0.6,kp1.6_ki1.2_kd0.25_ml0.6,2.986608687502499,2.564209910731949,2.6300066083989413,2.4608985497657017,1.8278909465457487,2.1166854060728326,2.1004159719733395,1.9444743454214526,2.6595265370731913,3.8608575163418215,4.153821724837862,4.714554808824981,3.7918598075637164,4.000710803980949
canonical_pid_replay_segment_gap_v2,1.2,0.6,0.25,0.6,kp1.2_ki0.6_kd0.25_ml0.6,2.986608758515656,2.566536984075981,2.6298829239614783,2.4628210254284815,1.8274673848026979,2.1163905447264066,2.1001417360757664,1.9440006272505137,2.6593922301404223,3.860542749752731,4.153582474994601,4.714636717027857,3.789736344214333,4.00078211825226
canonical_pid_replay_segment_gap_v2,1.4,0.4,0.0,0.6,kp1.4_ki0.4_kd0_ml0.6,2.9866123556535267,2.5653329988229636,2.6305000589978946,2.461292434303731,1.827799110307706,2.116493059785953,2.10004561212913,1.944451035564813,2.6594123051709766,3.860631957938484,4.153378590197439,4.7145394873906,3.791290875472986,4.000793097413169
canonical_pid_replay_segment_gap_v2,1.0,1.4,0.5,0.6,kp1_ki1.4_kd0.5_ml0.6,2.9866129143760176,2.5678508765273698,2.630469709161078,2.4643386998440624,1.827178275731649,2.1163490720014972,2.0998869439023538,1.9433604725729223,2.659362988179709,3.860507349668005,4.153401895342061,4.713994397972029,3.7886472706010665,4.000619935384431
canonical_pid_replay_segment_gap_v2,1.0,1.2,0.25,0.6,kp1_ki1.2_kd0.25_ml0.6,2.9866138693251805,2.567766661774591,2.6305504986675703,2.4643706723351557,1.8275849375316582,2.116287333804808,2.099485296820719,1.943700569131826,2.659354462594802,3.860461896527719,4.153343081665689,4.713933118007927,3.78857194877753,4.000569823587352
canonical_pid_replay_segment_gap_v2,1.2,1.4,0.0,0.6,kp1.2_ki1.4_kd0_ml0.6,2.986618743275028,2.565940984861586,2.6303451201688737,2.4626242657913604,1.8275964706653778,2.116338263411837,2.1001996178266733,1.944346559703633,2.65938330335119,3.8605680958146116,4.153407538141567,4.714451021244852,3.7900595629108786,4.000782858682926
canonical_pid_replay_segment_gap_v2,1.4,0.6,0.25,0.6,kp1.4_ki0.6_kd0.25_ml0.6,2.9866214685875674,2.5652352097932782,2.630437862086018,2.4615425425777224,1.8277540177976495,2.11663078060856,2.099842421709051,1.9444724850384036,2.6594198893562013,3.860671720698383,4.1535352837680755,4.714669797494255,3.7910607140636654,4.000806366647108
canonical_pid_replay_segment_gap_v2,1.0,0.6,0.75,0.6,kp1_ki0.6_kd0.75_ml0.6,2.9866214757547977,2.5686021872712828,2.6301433111639065,2.465183597648479,1.8272417347076433,2.116099703807509,2.099321979841823,1.9431650399051537,2.6593434387956716,3.8604356259041483,4.153204430782196,4.713678081284208,3.789099564945198,4.000560488755149
canonical_pid_replay_segment_gap_v2,1.0,1.4,0.25,0.6,kp1_ki1.4_kd0.25_ml0.6,2.9866234320618967,2.567773059627568,2.63069718666947,2.4646556168312608,1.827474207367791,2.116237786477315,2.0997175727814397,1.9434151012469318,2.6593589610871358,3.8604341161429616,4.153324439319131,4.713819939346897,3.7886000397375574,4.000596590169199
canonical_pid_replay_segment_gap_v2,1.2,1.4,0.25,0.6,kp1.2_ki1.4_kd0.25_ml0.6,2.9866245575553907,2.5660545281884195,2.6304922104351074,2.462460939101771,1.8276101165172616,2.1165528893990486,2.100066333784628,1.9440314978926303,2.65942752287158,3.860508326414687,4.1535763469833835,4.714497805806148,3.7900495795935125,4.000791151231898
canonical_pid_replay_segment_gap_v2,1.0,1.4,0.0,0.6,kp1_ki1.4_kd0_ml0.6,2.986627360278822,2.567692905558196,2.630845410768152,2.464286658719542,1.827407236679304,2.1163476537555446,2.099961663318426,1.9436382507870922,2.659304775552444,3.8603853689982746,4.153334216647099,4.71384796164176,3.7885401903330993,4.000563390865752
canonical_pid_replay_segment_gap_v2,1.2,1.2,0.25,0.6,kp1.2_ki1.2_kd0.25_ml0.6,2.986631686674415,2.5660877627217453,2.629905063644679,2.4625493872605047,1.8276457002576418,2.1165922569905966,2.0998401125990838,1.9442196757787915,2.659427425762795,3.8605821488638763,4.153556041316769,4.714507120612569,3.790528788980978,4.000770441977372
canonical_pid_replay_segment_gap_v2,1.0,1.2,0.5,0.6,kp1_ki1.2_kd0.5_ml0.6,2.9866341966414174,2.568001501523802,2.6306967796403535,2.4641417719714025,1.8273687091755733,2.116376573224939,2.0998854676899428,1.9432234041188419,2.6593574768679216,3.8605383558467117,4.1533760954590475,4.71402442408007,3.7886655271482126,4.000588469591607
canonical_pid_replay_segment_gap_v2,1.0,1.0,0.0,0.6,kp1_ki1_kd0_ml0.6,2.986638828234386,2.5681751964920303,2.6307115676981776,2.464243788388778,1.8271585412464686,2.116386739018588,2.0997817159191836,1.94387794373003,2.6592953981876373,3.8604489574784755,4.153142230574404,4.713901000148602,3.788645417375642,4.000536270789003
canonical_pid_replay_segment_gap_v2,1.2,0.4,0.5,0.6,kp1.2_ki0.4_kd0.5_ml0.6,2.9866416554050463,2.566581921495541,2.630322620337077,2.46322997910467,1.8271353318944066,2.1165252951605056,2.0999854716059283,1.9436359451178447,2.6594116814621676,3.860547414612016,4.153519989800607,4.714385480616264,3.790284535735635,4.000775853322932
canonical_pid_replay_segment_gap_v2,1.0,1.0,0.5,0.6,kp1_ki1_kd0.5_ml0.6,2.986643951113293,2.568351724801373,2.630727006671624,2.4646107530750747,1.8269945452957124,2.116257444960062,2.099479189512706,1.9433340020610828,2.6593568316877447,3.860554060838988,4.153366181059868,4.713997936440475,3.788772088411219,4.000569599656874
canonical_pid_replay_segment_gap_v2,1.4,1.0,0.0,0.6,kp1.4_ki1_kd0_ml0.6,2.9866475514662736,2.565327068246243,2.630537482376436,2.4613529842219783,1.8279723294860692,2.1166110295637792,2.100199604348398,1.9440965777738708,2.659405363550233,3.860645526193956,4.153493644246388,4.714556813657237,3.7914589499449725,4.000760795451993
canonical_pid_replay_segment_gap_v2,1.0,0.6,0.0,0.6,kp1_ki0.6_kd0_ml0.6,2.9866641232724223,2.5685766565877013,2.630656788521858,2.4647252209377144,1.8271997022074757,2.116278664096349,2.0995638750281223,1.943755814052838,2.6592657769922687,3.860305283725784,4.153104789814445,4.713949171958979,3.7887440789175124,4.000507779700443
canonical_pid_replay_segment_gap_v2,1.0,0.8,0.75,0.6,kp1_ki0.8_kd0.75_ml0.6,2.9866667293394493,2.568703849098956,2.6302139243298606,2.4650337641234317,1.8272418047003434,2.116169280282072,2.0996873255195037,1.9433759947149933,2.659373367105012,3.8604999702097014,4.153332151724016,4.713582858876953,3.78888005293645,4.000573137791548
canonical_pid_replay_segment_gap_v2,1.0,0.4,0.0,0.6,kp1_ki0.4_kd0_ml0.6,2.9866709421112287,2.568778372102648,2.630623933437755,2.4648820098884197,1.8271229173249297,2.116273186365753,2.099495878600139,1.9438022506877008,2.659269748977114,3.860222239498865,4.1531215782276645,4.713954159157122,3.7886814343515103,4.000494538826349
canonical_pid_replay_segment_gap_v2,1.0,0.6,0.5,0.6,kp1_ki0.6_kd0.5_ml0.6,2.986672541171642,2.568937919086378,2.6306884784940388,2.4643391187028953,1.8270128424581136,2.1162689141329705,2.099835869216235,1.9431529356903985,2.659330472541709,3.8604250027461178,4.153303325086443,4.714079258220166,3.7888281376373665,4.000540761218506
canonical_pid_replay_segment_gap_v2,1.0,0.6,0.25,0.6,kp1_ki0.6_kd0.25_ml0.6,2.9866732682846537,2.5686529588142695,2.6305455034217347,2.4647919915936782,1.8271923006242285,2.116237574403712,2.0995002502280147,1.943619343506161,2.6593256870825965,3.86034225995256,4.153219079874483,4.714038396541704,3.788764210405123,4.000522931252228
canonical_pid_replay_segment_gap_v2,1.4,0.4,0.25,0.6,kp1.4_ki0.4_kd0.25_ml0.6,2.986673999319856,2.5654735177365384,2.6303996181849105,2.461647710434553,1.827676609910391,2.1164172108091077,2.1002970551707185,1.9447416428724817,2.6594450782377224,3.860658155513454,4.15348696842072,4.7145572637289925,3.7911487075638974,4.0008124525746425
canonical_pid_replay_segment_gap_v2,1.0,1.4,1.0,0.6,kp1_ki1.4_kd1_ml0.6,2.9866747281831634,2.567738326006859,2.6303145693163525,2.4648441969887807,1.8275795118324138,2.116103412857678,2.0995142052974747,1.9436671346220156,2.6594016811224055,3.860542926899388,4.15345396884657,4.713875473663858,3.7891070158854885,4.0006290430418385
canonical_pid_replay_segment_gap_v2,1.0,1.2,1.0,0.6,kp1_ki1.2_kd1_ml0.6,2.9866757578326952,2.568018710229576,2.6300544910206662,2.4653916261971673,1.8272731741508437,2.1160776730033297,2.099809705979837,1.9432814267449157,2.659390030600862,3.8605330113633607,4.153443615214155,4.713789431116583,3.7891047135866014,4.0006172426171425
canonical_pid_replay_segment_gap_v2,1.0,0.8,0.0,0.6,kp1_ki0.8_kd0_ml0.6,2.986675813745549,2.5684172025760534,2.6307355931528984,2.4643962621480835,1.827213527682084,2.116363864246848,2.0996874643181362,1.943946660831079,2.6592894653966686,3.8604322733470666,4.1531382422378265,4.71397136780451,3.7886721433589217,4.000521511591964
canonical_pid_replay_segment_gap_v2,1.0,0.8,1.0,0.6,kp1_ki0.8_kd1_ml0.6,2.98667705748174,2.568593033172519,2.6301132569246044,2.4651325744862915,1.8273141102812425,2.1160188577038777,2.099512089220536,1.9432293843907438,2.6593530976700746,3.860531034282083,4.153138919084034,4.713935098902926,3.7893400248017546,4.000590266341927
canonical_pid_replay_segment_gap_v2,1.0,0.8,0.5,0.6,kp1_ki0.8_kd0.5_ml0.6,2.986680701920351,2.5684061924454338,2.6307766139337434,2.4643829744084362,1.827327994420482,2.116217772538444,2.1000601691968708,1.943086428172318,2.6593580883549888,3.860513894421134,4.153326364084395,4.714021965680305,3.788816413431713,4.000554253876289
canonical_pid_replay_segment_gap_v2,1.0,1.0,1.0,0.6,kp1_ki1_kd1_ml0.6,2.986682274401185,2.568296512598802,2.6299135666815667,2.465108806669654,1.8274149222689278,2.1161718363253983,2.0996545723339337,1.9433352750077322,2.659382387768486,3.8605686002065682,4.153368711529182,4.713864822517873,3.789187932199076,4.000601621108204
canonical_pid_replay_segment_gap_v2,1.0,0.4,0.75,0.6,kp1_ki0.4_kd0.75_ml0.6,2.986692264360189,2.5688977759820397,2.630240478839211,2.465200480953451,1.827275620561015,2.1160673848873333,2.0996328094856724,1.9433186881392857,2.659336251239744,3.860326547790643,4.153141111673348,4.713759653841512,3.789259282818076,4.00054335047112
canonical_pid_replay_segment_gap_v2,1.0,0.8,0.25,0.6,kp1_ki0.8_kd0.25_ml0.6,2.986693081865967,2.568494482769714,2.630466311019904,2.464902396733038,1.8274586857844366,2.1164037759402285,2.099520546977452,1.9433934794525012,2.659352442923496,3.8604632535329557,4.153292207995133,4.713997617647304,3.7887282772772153,4.000536586204191
canonical_pid_replay_segment_gap_v2,1.2,0.8,0.5,0.6,kp1.2_ki0.8_kd0.5_ml0.6,2.986696511806765,2.566449256665102,2.6299526051387105,2.4630406948102808,1.8274003596379622,2.1164451206037147,2.1003240147438693,1.9440538644055232,2.6594548137078355,3.860550296401591,4.153532719664217,4.714600462904314,3.7904571164637146,4.00079332834111
canonical_pid_replay_segment_gap_v2,1.0,1.0,0.25,0.6,kp1_ki1_kd0.25_ml0.6,2.9867011129168577,2.5682218969751216,2.6306036961157013,2.464720098877837,1.8273606723773677,2.116397505937144,2.100022753807479,1.9433323213658646,2.6593474722162744,3.8604790619844827,4.153331062266815,4.7139939080415205,3.7887521356934144,4.000551882260133
canonical_pid_replay_segment_gap_v2,1.0,0.4,0.5,0.6,kp1_ki0.4_kd0.5_ml0.6,2.9867059099069424,2.5691642397529972,2.6306437353723076,2.464739420302048,1.8272594077493354,2.1161583367260195,2.0997563012089846,1.9432184817150684,2.659324743726906,3.8603032380133393,4.153052237391857,4.714164302209754,3.7888658935530617,4.000526491068577
canonical_pid_replay_segment_gap_v2,1.0,0.4,0.25,0.6,kp1_ki0.4_kd0.25_ml0.6,2.9867138741500727,2.5689407800003976,2.630778042033475,2.46485013207267,1.827224507342491,2.116205311585052,2.0995456865973527,1.9437553604004572,2.6593271794377134,3.8602612761756205,4.153052745231977,4.714058886466964,3.7887699078976502,4.000510548709121
canonical_pid_replay_segment_gap_v2,1.0,0.6,1.0,0.6,kp1_ki0.6_kd1_ml0.6,2.9867389380265625,2.5688751429185173,2.6304334036184174,2.465593354938662,1.8272325008866457,2.115954429287187,2.099331107616156,1.9434948225237705,2.659317086825651,3.8604671122230374,4.153054097096365,4.713970359766305,3.7893048844202077,4.000577892224393
canonical_pid_replay_segment_gap_v2,1.0,0.4,1.0,0.6,kp1_ki0.4_kd1_ml0.6,2.986785489700731,2.569027279622215,2.6302489689620288,2.465643115815461,1.8272637570643127,2.1161639032502477,2.099649117536515,1.943409076113961,2.6593179851906927,3.860357401372187,4.15310336099322,4.714048627517735,3.789418929079098,4.000559843591822
canonical_pid_replay_segment_gap_v2,0.8,1.4,1.0,0.6,kp0.8_ki1.4_kd1_ml0.6,2.9868372752286496,2.5701653087683396,2.6314376734114435,2.4678352761080085,1.8270852691369157,2.116078433851136,2.0986127255887053,1.9425999420039404,2.659222856623886,3.8602632448904486,4.15292717856988,4.7132590673243335,3.7889030211507397,4.000494580544674
canonical_pid_replay_segment_gap_v2,0.8,1.4,0.25,0.6,kp0.8_ki1.4_kd0.25_ml0.6,2.9868660137806895,2.5699975865724864,2.6319609870013028,2.4668517307260744,1.827132855096228,2.115970323957877,2.098875588980454,1.9431868750845736,2.6591924862538106,3.860251378697164,4.153018098738907,4.713808931132501,3.7885588010271065,4.000452535880474
canonical_pid_replay_segment_gap_v2,0.8,1.0,0.75,0.6,kp0.8_ki1_kd0.75_ml0.6,2.986868250140724,2.5708694630885702,2.6314793901366724,2.4676310187533166,1.8270561497855278,2.1158987169286108,2.0988800992529923,1.9426058158707902,2.659207048449391,3.860144148424953,4.152768929102039,4.713591998552744,3.7887012050845583,4.000453268399248
canonical_pid_replay_segment_gap_v2,0.8,1.2,1.0,0.6,kp0.8_ki1.2_kd1_ml0.6,2.9868800903645476,2.570561872373643,2.6315924030807714,2.4680848985447996,1.8268914666709841,2.1160839178636803,2.098650026263897,1.9426350872614808,2.6592196088205364,3.8602297876948324,4.152784435458079,4.7133279239262516,3.7888925271581937,4.000487219621957
canonical_pid_replay_segment_gap_v2,0.8,1.0,1.0,0.6,kp0.8_ki1_kd1_ml0.6,2.9868911130795777,2.570889595268463,2.6314338627298586,2.468129305691185,1.827093938268872,2.1159638050718987,2.098717944305758,1.942542109536123,2.65919583488773,3.860169243640039,4.152693273302655,4.713344983077346,3.7889413328698356,4.000469241384742
canonical_pid_replay_segment_gap_v2,0.8,1.4,0.75,0.6,kp0.8_ki1.4_kd0.75_ml0.6,2.9869036774556204,2.570217902610022,2.6314021843038957,2.4676358144947836,1.8272703712024316,2.11590284467333,2.0988559012747188,1.9429295534862199,2.659233852948943,3.860254397084308,4.153114738666606,4.713667466296651,3.78878235076338,4.00048042911778
canonical_pid_replay_segment_gap_v2,0.8,1.2,0.75,0.6,kp0.8_ki1.2_kd0.75_ml0.6,2.986903842203377,2.5705238778319326,2.631407910433538,2.4678054189896184,1.8271506469610381,2.1158278766458545,2.098865174932726,1.9429721278841807,2.6592174444046943,3.8602001875294256,4.152887139520328,4.713700831826326,3.7887217510574698,4.0004695606267715
canonical_pid_replay_segment_gap_v2,0.8,1.4,0.5,0.6,kp0.8_ki1.4_kd0.5_ml0.6,2.986917554347694,2.5700738769716858,2.6318391029996406,2.4672232506692526,1.8272011926555107,2.115884987114091,2.0990404590456317,1.9431151082825326,2.6592070481263685,3.8602922253286387,4.1531417263645105,4.713787950450486,3.7886539632908174,4.000467315220855
canonical_pid_replay_segment_gap_v2,0.8,1.4,0.0,0.6,kp0.8_ki1.4_kd0_ml0.6,2.986922130245091,2.5698802084206065,2.6319548727002267,2.4671312435336783,1.827309350431948,2.1161197093023643,2.0989876274689996,1.943469954701964,2.659174419392194,3.860234694013697,4.152986764053119,4.713699705626477,3.7886016292240114,4.000437514316901
canonical_pid_replay_segment_gap_v2,0.8,0.8,1.0,0.6,kp0.8_ki0.8_kd1_ml0.6,2.986925740226659,2.5713681702954294,2.631552284744551,2.4683406344036887,1.8270693663769615,2.1158476307884726,2.098588377940487,1.942416109731803,2.6591848752762077,3.8601471300052848,4.152721354693282,4.713367320599245,3.788970392247711,4.000460975843437
canonical_pid_replay_segment_gap_v2,0.8,1.2,0.5,0.6,kp0.8_ki1.2_kd0.5_ml0.6,2.986935751925951,2.5704908298978943,2.6317798593099675,2.4672350189874632,1.8271949562525567,2.115923879882726,2.0991962545061598,1.942843919078556,2.6591973409880687,3.860230498412364,4.153061647904287,4.713855501239041,3.788702232853932,4.000452835724356
canonical_pid_replay_segment_gap_v2,0.8,0.8,0.75,0.6,kp0.8_ki0.8_kd0.75_ml0.6,2.986937512188872,2.571445237130001,2.631620743860387,2.467903874874585,1.8270723196762912,2.1159148263072427,2.0989480227003816,1.942413597576527,2.6591904951658396,3.8601325739532313,4.1527583504505,4.713600758514853,3.7887420988022655,4.0004447594432335
canonical_pid_replay_segment_gap_v2,0.8,1.2,0.25,0.6,kp0.8_ki1.2_kd0.25_ml0.6,2.9869514467884457,2.570558347861706,2.632018758380028,2.467188558104799,1.8271673056377853,2.1160171343992915,2.098955399840665,1.9432058019526492,2.659183214268108,3.8601699668302474,4.153063460737957,4.713837997320887,3.7885661254457013,4.0004367374699665
canonical_pid_replay_segment_gap_v2,0.8,1.0,0.25,0.6,kp0.8_ki1_kd0.25_ml0.6,2.9869589922633955,2.570837782221202,2.6320178242347434,2.467241321251205,1.8271415380323086,2.115978356869116,2.0989192057193216,1.9431054692158565,2.6591736570919244,3.860115082053715,4.153095589672405,4.713871212572873,3.788546016723584,4.000423843765886
canonical_pid_replay_segment_gap_v2,0.8,0.6,1.0,0.6,kp0.8_ki0.6_kd1_ml0.6,2.986961062897396,2.571893608145294,2.6315922361681845,2.468443780545574,1.8269751813892956,2.1158582014870277,2.098598593366511,1.9423272234475875,2.659171493898534,3.860107297773132,4.152746149540456,4.713390979875128,3.7889310872054054,4.000457984824027
canonical_pid_replay_segment_gap_v2,0.8,1.0,0.5,0.6,kp0.8_ki1_kd0.5_ml0.6,2.9869634592782757,2.570956658508104,2.631917456219752,2.467444027921322,1.8272079673364605,2.115842795418641,2.099094122799657,1.9429205720096476,2.659190805023916,3.860198316590113,4.15275645551882,4.713922810265708,3.788636131131709,4.000436851873732
canonical_pid_replay_segment_gap_v2,0.8,1.2,0.0,0.6,kp0.8_ki1.2_kd0_ml0.6,2.9869674620518416,2.570340366226906,2.631986821680419,2.4673093552625844,1.8272667202085051,2.1160097410362573,2.099366837064713,1.9433557860013373,2.6591653391898173,3.8601828714410416,4.152895847112792,4.713723937373155,3.788550942826237,4.0004224412501825
canonical_pid_replay_segment_gap_v2,0.8,1.0,0.0,0.6,kp0.8_ki1_kd0_ml0.6,2.9870016201955143,2.5708878522994705,2.631956430691941,2.4675039722460137,1.82734384538208,2.1159224668199297,2.0992218036313184,1.9432723595195192,2.659155816317276,3.860141061665965,4.1529070418353,4.713743510581753,3.788550928556741,4.00041397299438
canonical_pid_replay_segment_gap_v2,0.8,0.8,0.5,0.6,kp0.8_ki0.8_kd0.5_ml0.6,2.9870016531562533,2.5714959994111415,2.6319089288783526,2.467709937732185,1.8271403033670162,2.11579144515506,2.0990351882446467,1.9427944024481711,2.659174949690138,3.8601566576722157,4.152747095937099,4.713975895474944,3.7886610151433433,4.0004296718769865
canonical_pid_replay_segment_gap_v2,0.8,0.6,0.75,0.6,kp0.8_ki0.6_kd0.75_ml0.6,2.9870094553863193,2.5719016701197837,2.631773151093734,2.468186676336228,1.8270633191398555,2.115882404847299,2.09889304713296,1.94260561102523,2.659184610111332,3.8600760709044883,4.152739876649841,4.713620086850799,3.788750219918022,4.000446175892578
canonical_pid_replay_segment_gap_v2,0.8,0.8,0.25,0.6,kp0.8_ki0.8_kd0.25_ml0.6,2.9870219270061535,2.5713426535134207,2.632119452803521,2.4675140686177843,1.8270151830424612,2.1159789847833235,2.0990956339294784,1.9430253750766164,2.6591649354058653,3.860081736297566,4.1529260359678455,4.713907029755538,3.7886964590887175,4.000417502797857
canonical_pid_replay_segment_gap_v2,0.8,0.6,0.5,0.6,kp0.8_ki0.6_kd0.5_ml0.6,2.987032627182654,2.5719775490486225,2.6318548345704853,2.46786743458847,1.8271848531506514,2.1157652780668257,2.099030609456478,1.942622488801305,2.6591577561020365,3.8600929454301416,4.152776399390941,4.71403368571493,3.7886286727708254,4.000431646282784
canonical_pid_replay_segment_gap_v2,0.8,0.4,1.0,0.6,kp0.8_ki0.4_kd1_ml0.6,2.98703968048464,2.5725091255898866,2.6317498196509232,2.4686766902991772,1.8269373215557652,2.1159597471567193,2.098619009257492,1.9423222418062762,2.659161632262466,3.860054472247994,4.152764861729293,4.713423664195928,3.7888811419975057,4.000456118550893
canonical_pid_replay_segment_gap_v2,0.8,0.6,0.25,0.6,kp0.8_ki0.6_kd0.25_ml0.6,2.987055353554496,2.571864531241272,2.632207578356434,2.4677542422453995,1.826851587123256,2.1159396212167,2.0991033414409315,1.942884621186039,2.659157994199796,3.8600364703331285,4.152850794679392,4.7139551248330855,3.7887018272184796,4.000411862134542
canonical_pid_replay_segment_gap_v2,0.8,0.4,0.75,0.6,kp0.8_ki0.4_kd0.75_ml0.6,2.9870829724934866,2.5725002975956843,2.63194577268013,2.4683842810506973,1.8270842581633582,2.1159474321880727,2.0989145270886636,1.9424349776956429,2.659172194956641,3.8600403395495646,4.15277490711721,4.713642946392966,3.7887954815593514,4.000441226377347
canonical_pid_replay_segment_gap_v2,0.8,0.8,0.0,0.6,kp0.8_ki0.8_kd0_ml0.6,2.9870836457907837,2.5714674622921776,2.63200809734141,2.4677244231169073,1.8272835627146125,2.116105583113136,2.0991841499802946,1.9433997247203056,2.6591455175266687,3.8600667632041925,4.152958153727727,4.71376531519929,3.78857148350246,4.000407158841013
canonical_pid_replay_segment_gap_v2,0.8,0.4,0.5,0.6,kp0.8_ki0.4_kd0.5_ml0.6,2.987089275451728,2.572517164972582,2.6317734822485153,2.4682027178565797,1.8271171213616277,2.115814791363871,2.0991213781140283,1.9424791384868272,2.6591517827518625,3.8599893480999814,4.152799026666686,4.714102619542026,3.788664389190837,4.000427620217043
canonical_pid_replay_segment_gap_v2,0.8,0.6,0.0,0.6,kp0.8_ki0.6_kd0_ml0.6,2.9871165482827333,2.5719085524307057,2.632067345126726,2.4678289511398126,1.8272112495732395,2.1159313208739907,2.0993741241898936,1.9432329959024817,2.659135604490826,3.8600211489667906,4.153012744614781,4.713790050160699,3.7886083574417366,4.000392682763851
canonical_pid_replay_segment_gap_v2,0.8,0.4,0.25,0.6,kp0.8_ki0.4_kd0.25_ml0.6,2.987133968323824,2.572510409066513,2.632256677372007,2.467952750364321,1.826884986273906,2.115957263619437,2.099157523813854,1.9429007035839396,2.6591427307405056,3.860016511334011,4.152938948728616,4.713961630201339,3.788651674197418,4.000409778913842
canonical_pid_replay_segment_gap_v2,0.8,0.4,0.0,0.6,kp0.8_ki0.4_kd0_ml0.6,2.9871797530129265,2.5724228951191708,2.632183596287111,2.468001416318739,1.8272381932588326,2.1161307680216876,2.099364490674612,1.9431970936764655,2.6591247352231817,3.860013568591062,4.152892621049509,4.713710493025908,3.7886628566221767,4.000394061299586
canonical_pid_replay_segment_gap_v2,0.6,1.4,1.0,0.6,kp0.6_ki1.4_kd1_ml0.6,2.9876754487359247,2.5748605766631534,2.6346766317492585,2.4730128428809786,1.8276054047912,2.1157832238634167,2.0983402390631594,1.9416916388796241,2.6590648526052996,3.8600189101775357,4.152707708293177,4.713025858495584,3.7885694242786485,4.000423521825976
canonical_pid_replay_segment_gap_v2,0.6,1.4,0.75,0.6,kp0.6_ki1.4_kd0.75_ml0.6,2.987701985848193,2.5748347583156983,2.634835117041565,2.472944045928355,1.8276309000434374,2.1157171012008593,2.0986477207069214,1.9418559301101415,2.6590631380175096,3.8600000385413558,4.152573266312678,4.713171646722443,3.7884420069182894,4.000410146167256
canonical_pid_replay_segment_gap_v2,0.6,1.4,0.5,0.6,kp0.6_ki1.4_kd0.5_ml0.6,2.987705971342862,2.574796076791116,2.6349371178575898,2.472633994278349,1.8278567390815657,2.1156537199625656,2.098776745928888,1.9418937340596545,2.6590670430479784,3.859972733824683,4.152545185910784,4.713265958751532,3.7883802399135926,4.0003983380489085
canonical_pid_replay_segment_gap_v2,0.6,1.4,0.0,0.6,kp0.6_ki1.4_kd0_ml0.6,2.9877261458551336,2.5746743085382966,2.635213259180897,2.472508941028676,1.8277788670286697,2.115534459799456,2.0987861313086387,1.9424711269918316,2.6590953955710854,3.859920504866787,4.152591832618683,4.713273492181294,3.788215357109202,4.000376219893216
canonical_pid_replay_segment_gap_v2,0.6,1.4,0.25,0.6,kp0.6_ki1.4_kd0.25_ml0.6,2.9877640821416596,2.5747372874451524,2.635163705641966,2.472679503138884,1.8278583007107614,2.115571748904803,2.0989009525398354,1.9423416135963605,2.659084613426584,3.859927002770487,4.152545412498788,4.713448020391605,3.78828808590387,4.000386820872478
canonical_pid_replay_segment_gap_v2,0.6,1.2,1.0,0.6,kp0.6_ki1.2_kd1_ml0.6,2.987789685661504,2.575747022812932,2.6349587877946923,2.473408044443231,1.827708771227395,2.1157192459417318,2.0983653909594975,1.9415452273318519,2.6590616216392107,3.859930881173186,4.152704113544158,4.71311195539415,3.7885721107903785,4.00043274054714
canonical_pid_replay_segment_gap_v2,0.6,1.2,0.75,0.6,kp0.6_ki1.2_kd0.75_ml0.6,2.9878176255620263,2.5757264273546854,2.63509429141076,2.4733057364283453,1.8277088311589456,2.115688238110504,2.098615337485697,1.9418418644149984,2.659055415087879,3.8599017274526872,4.152554676793195,4.713201433691158,3.788515828375026,4.000419324542462
canonical_pid_replay_segment_gap_v2,0.6,1.2,0.0,0.6,kp0.6_ki1.2_kd0_ml0.6,2.9878197246750315,2.575550010762481,2.635504876410477,2.47290393842879,1.827833600927726,2.115517544782618,2.0987144812885568,1.9424132650902133,2.65908935116914,3.8598710337607067,4.152540345238672,4.713212996161411,3.7881395530241573,4.000365423730456
canonical_pid_replay_segment_gap_v2,0.6,1.2,0.5,0.6,kp0.6_ki1.2_kd0.5_ml0.6,2.987835360969498,2.575676751409873,2.635191794030423,2.473140251649379,1.8279142457433981,2.1156446721438122,2.098826485985697,1.9419227928003728,2.659059868066249,3.859890383232244,4.152522507566219,4.713309288223119,3.7883547366333636,4.000405915119324
canonical_pid_replay_segment_gap_v2,0.6,1.2,0.25,0.6,kp0.6_ki1.2_kd0.25_ml0.6,2.9878648250055004,2.575616783642976,2.635423269666626,2.4730780342387964,1.827921215057243,2.115570396387298,2.0988694509677717,1.942177732444757,2.659080016548016,3.85986648791994,4.152508563772832,4.713503334261908,3.788239861110404,4.00038757905294
canonical_pid_replay_segment_gap_v2,0.6,1.0,1.0,0.6,kp0.6_ki1_kd1_ml0.6,2.9879150191704675,2.5767644598456325,2.635266119761648,2.4738215281364746,1.8277799076786243,2.1157507201399115,2.0983640091970215,1.941398355249042,2.6590577426245234,3.85988878214865,4.152695693373662,4.713210323068535,3.788573879188393,4.000323728803963
canonical_pid_replay_segment_gap_v2,0.6,1.0,0.75,0.6,kp0.6_ki1_kd0.75_ml0.6,2.987920871765652,2.5767040954411584,2.6353687319547774,2.473680061153645,1.8278484862721533,2.1156720528212865,2.0985822298255266,1.941705771373301,2.6590490483910045,3.8598592349760508,4.152525345997754,4.713203292159739,3.7884627698421056,4.000310212744979
canonical_pid_replay_segment_gap_v2,0.6,1.0,0.0,0.6,kp0.6_ki1_kd0_ml0.6,2.9879315658820076,2.576542436514527,2.6358281548648748,2.4733954335776773,1.8279351571205724,2.1155315961092214,2.098675232051544,1.9423183957447547,2.6590823401591095,3.8598095278749294,4.152479013604368,4.713142571403314,3.7880941716818044,4.0002763257593985
canonical_pid_replay_segment_gap_v2,0.6,1.0,0.5,0.6,kp0.6_ki1_kd0.5_ml0.6,2.9879537648645735,2.5766519614793837,2.6354659281495882,2.473605406358432,1.8279917491966522,2.115669582655221,2.098773356521187,1.9418841672347515,2.65905156039639,3.85984030638595,4.1524933746083725,4.713359901981129,3.788314481947211,4.000297166325184
canonical_pid_replay_segment_gap_v2,0.6,1.0,0.25,0.6,kp0.6_ki1_kd0.25_ml0.6,2.987978250070976,2.57660486333433,2.635675962340584,2.4735866043493804,1.8280006603783792,2.1155562320766754,2.0988596742289096,1.9420296567522868,2.6590740422854986,3.859811214965085,4.1524783735346675,4.713554036853239,3.788200070285731,4.000285859537926
canonical_pid_replay_segment_gap_v2,0.6,0.8,0.75,0.6,kp0.6_ki0.8_kd0.75_ml0.6,2.9880482688593437,2.5777800886594466,2.6356436440487525,2.4742037395587726,1.8279488290395054,2.115673995576237,2.098536516849224,1.9416320650483703,2.659043174598521,3.859823031264309,4.152497826639806,4.713242192907853,3.7884038610088537,4.000198529971814
canonical_pid_replay_segment_gap_v2,0.6,0.8,1.0,0.6,kp0.6_ki0.8_kd1_ml0.6,2.9880516787047666,2.5778517333207023,2.6355916669495283,2.474286644737133,1.8278930129258153,2.115743991735267,2.098403546522838,1.9413151558110198,2.659054612246678,3.859820083092565,4.152648760580821,4.713289074329261,3.788558124780028,4.000215416130309
canonical_pid_replay_segment_gap_v2,0.6,0.8,0.0,0.6,kp0.6_ki0.8_kd0_ml0.6,2.9880536481017757,2.577617753783524,2.6361466967084,2.4738680098091153,1.8280115282336553,2.1155363237427234,2.098701528566613,1.9422331826148367,2.6590764802858695,3.859769541451076,4.152455126034451,4.7130938468544095,3.7880355459432242,4.000151861295184
canonical_pid_replay_segment_gap_v2,0.6,0.8,0.5,0.6,kp0.6_ki0.8_kd0.5_ml0.6,2.9880739236808695,2.577740077253288,2.6357675572695167,2.4740284031690485,1.828084817618616,2.1156776361662932,2.0987407571165324,1.9417062823730642,2.659044401780371,3.85980417852697,4.1524827106043976,4.713423719270858,3.788279080478165,4.000181386224185
canonical_pid_replay_segment_gap_v2,0.6,0.8,0.25,0.6,kp0.6_ki0.8_kd0.25_ml0.6,2.988091863738604,2.577670371896074,2.63595194790213,2.4741072472087984,1.8281107217799863,2.115555350166236,2.098817008168672,1.9418481037407653,2.6590677080450913,3.859777732252932,4.152457223330775,4.7135179326976875,3.788147631959326,4.000165249453376
canonical_pid_replay_segment_gap_v2,0.6,0.6,0.0,0.6,kp0.6_ki0.6_kd0_ml0.6,2.988201895052921,2.5787994124570996,2.636496212596436,2.4743905421300947,1.828154801596875,2.115569489232477,2.0987483161775446,1.9421449111790583,2.659066012142437,3.859743659845098,4.152418599819275,4.71306461744457,3.787972680244151,4.0000553808228565
canonical_pid_replay_segment_gap_v2,0.6,0.6,0.75,0.6,kp0.6_ki0.6_kd0.75_ml0.6,2.988215127297286,2.5790017563004124,2.635942052780232,2.474714787803974,1.8281039389435316,2.115667997163316,2.0985648455162846,1.941612975314012,2.659038718229896,3.8598130759571787,4.1524957370579045,4.713329018780478,3.7883796361175417,4.000132114899956
canonical_pid_replay_segment_gap_v2,0.6,0.6,1.0,0.6,kp0.6_ki0.6_kd1_ml0.6,2.9882338280219916,2.579088038513498,2.635935883821617,2.474758890550351,1.828093491531192,2.1157655735677214,2.098463437750439,1.9413793291884307,2.6590515083922788,3.8597989278711204,4.152586184628257,4.713358685445274,3.788599407254201,4.000160405771504
canonical_pid_replay_segment_gap_v2,0.6,0.6,0.25,0.6,kp0.6_ki0.6_kd0.25_ml0.6,2.988235958948866,2.5788602913745335,2.636296399659173,2.4746087962773173,1.8282505125723862,2.11557309302331,2.0988025547684024,1.941786409037191,2.6590567906695024,3.8597680144441213,4.1524443516102,4.713440520271736,3.7881014978596226,4.0000782347677655
canonical_pid_replay_segment_gap_v2,0.6,0.6,0.5,0.6,kp0.6_ki0.6_kd0.5_ml0.6,2.9882373287196717,2.57893689093091,2.6361073333239617,2.474549897280708,1.8282280735008116,2.115694414638291,2.0987820843492777,1.941685996031045,2.6590368094388364,3.8597934809866694,4.152472140413248,4.713458830200463,3.7882345391751833,4.000104783086322
canonical_pid_replay_segment_gap_v2,0.6,0.4,0.0,0.6,kp0.6_ki0.4_kd0_ml0.6,2.9883687677037214,2.5801171356969816,2.6368813169583745,2.4749575087148137,1.8283463721451179,2.1154833094278964,2.0988156636894164,1.942061699290038,2.6590551626255334,3.859715630667355,4.152373366605832,4.713014321581903,3.78796143230904,4.000011060436083
canonical_pid_replay_segment_gap_v2,0.6,0.4,0.75,0.6,kp0.6_ki0.4_kd0.75_ml0.6,2.9883965803876675,2.58036057698842,2.636277189858347,2.475256468680621,1.8282859424243056,2.115585215646465,2.098626363797106,1.9415456582376571,2.659032775793315,3.859792653326515,4.152487183148895,4.713365293706143,3.7884311956697427,4.000109027762139
canonical_pid_replay_segment_gap_v2,0.6,0.4,0.5,0.6,kp0.6_ki0.4_kd0.5_ml0.6,2.9884013949665755,2.5802756925313366,2.6364448172632766,2.474984998851712,1.8284112915413762,2.1156122975811527,2.0988086119094134,1.9416064610949784,2.6590292286953923,3.859778555672026,4.15245944152093,4.713476685207442,3.788252172742629,4.000077879953824
canonical_pid_replay_segment_gap_v2,0.6,0.4,0.25,0.6,kp0.6_ki0.4_kd0.25_ml0.6,2.9884052468074893,2.5801916657097945,2.6366525243319265,2.475152341283247,1.8284650690604531,2.1154658428821063,2.0988815043606426,1.9417648982953697,2.6590474250188794,3.85974421516093,4.152415641470589,4.713340002322006,3.7880987688781738,4.000048309723248
canonical_pid_replay_segment_gap_v2,0.6,0.4,1.0,0.6,kp0.6_ki0.4_kd1_ml0.6,2.988407425387017,2.580440435128157,2.636305141809749,2.4752821699156264,1.8282391643055573,2.115701778521044,2.0985304564058755,1.9412937224676352,2.659048083182316,3.8597823531508357,4.152494128662686,4.713360198380012,3.7886776887382876,4.000141209363439
canonical_pid_replay_segment_gap_v2,0.4,1.4,0.5,0.6,kp0.4_ki1.4_kd0.5_ml0.6,2.9905667345724374,2.585339155437023,2.64528598807988,2.4851650409524173,1.8361774251096914,2.115409275119602,2.09824261214382,1.941163753957705,2.658999771791118,3.859650461955901,4.152431401250275,4.712734529932885,3.786889974977541,3.9998781587338197
canonical_pid_replay_segment_gap_v2,0.4,1.4,0.0,0.6,kp0.4_ki1.4_kd0_ml0.6,2.990567179459779,2.5851761577944554,2.645797782193591,2.484961009894185,1.836237284901717,2.1152177418963096,2.0983454171340488,1.9415827609419452,2.659004421572485,3.859593940385038,4.152355302470283,4.7124452602095115,3.786832465401394,3.999823788182162
canonical_pid_replay_segment_gap_v2,0.4,1.4,0.25,0.6,kp0.4_ki1.4_kd0.25_ml0.6,2.9905725003757655,2.5852450133184828,2.645534054686609,2.4850072716659475,1.8362257379964622,2.115295077921094,2.098288122702358,1.9412949105670474,2.6590041598157197,3.859645028801,4.15239028922707,4.712827052054121,3.786833602489215,3.9998521836398258
canonical_pid_replay_segment_gap_v2,0.4,1.4,0.75,0.6,kp0.4_ki1.4_kd0.75_ml0.6,2.9905928179557364,2.585423631293022,2.6451492108132855,2.4851445337774067,1.83612130183302,2.115655024431162,2.098253984454289,1.9410658784850223,2.6590036920210056,3.859641187791515,4.1524807279681175,4.7127798283154405,3.787084982119793,3.9999026501215016
canonical_pid_replay_segment_gap_v2,0.4,1.4,1.0,0.6,kp0.4_ki1.4_kd1_ml0.6,2.9906409537712357,2.58549349598522,2.6452209920116903,2.485441492252283,1.835924954178706,2.115630555538239,2.0983909577061763,1.9410523472076635,2.6590135813260964,3.8596255964201327,4.15251950955076,4.7127698465684515,3.787321245961714,3.9999278243189322
canonical_pid_replay_segment_gap_v2,0.4,1.2,0.0,0.6,kp0.4_ki1.2_kd0_ml0.6,2.990916732430448,2.587327187851312,2.64689289090868,2.485956614322617,1.83708309861525,2.115093299253887,2.098393643533573,1.9415432880736667,2.6590001926363005,3.8595739527107376,4.152280097140074,4.7123354741790315,3.7866277267961372,3.999810055574557
canonical_pid_replay_segment_gap_v2,0.4,1.2,0.25,0.6,kp0.4_ki1.2_kd0.25_ml0.6,2.9909193301539605,2.587394748115321,2.6466141888770176,2.4860147256601284,1.8370615337756775,2.1151613973897394,2.0982940683831885,1.9412703211441409,2.6589994397559575,3.8595975529992543,4.152305942527199,4.712684456571388,3.7866981557215564,3.9998547610809196
canonical_pid_replay_segment_gap_v2,0.4,1.2,0.5,0.6,kp0.4_ki1.2_kd0.5_ml0.6,2.9909320894206526,2.587486502935825,2.64635935942898,2.486151263562544,1.8370132307242695,2.1152697981637165,2.0982797405882,1.9411081223565645,2.658996243233983,3.859592036282791,4.152327646891518,4.712735488185682,3.786897975158223,3.9998997549561834
canonical_pid_replay_segment_gap_v2,0.4,1.2,0.75,0.6,kp0.4_ki1.2_kd0.75_ml0.6,2.990961261937121,2.5875653092440207,2.6462072960780296,2.4861702467598477,1.836929730877123,2.1155293624360443,2.098279222806564,1.9409882732457835,2.658999201966459,3.8595868997030287,4.152381741165951,4.712786658051216,3.7871463680130923,3.9999260948354176
canonical_pid_replay_segment_gap_v2,0.4,1.2,1.0,0.6,kp0.4_ki1.2_kd1_ml0.6,2.9910137416617815,2.5876390370433384,2.6462678783082194,2.4864329393776647,1.836742762936826,2.1154946179962537,2.0984196363227525,1.9410257495334722,2.659009491958432,3.8595823694196234,4.1524130745728565,4.712803236131189,3.7873961576713744,3.999951690331157
canonical_pid_replay_segment_gap_v2,0.4,1.0,0.0,0.6,kp0.4_ki1_kd0_ml0.6,2.9913105004212244,2.589817758857668,2.6480965975236765,2.4870180987772184,1.8379847281965347,2.114986057728914,2.098413446992346,1.9415133722862004,2.6589951093480266,3.859534892064113,4.152151464414925,4.7122243496758704,3.7865191966321663,3.9997814329782564
canonical_pid_replay_segment_gap_v2,0.4,1.0,0.25,0.6,kp0.4_ki1_kd0.25_ml0.6,2.9913120940661124,2.5898781344552164,2.6478088030282865,2.487066487765773,1.8379557476532569,2.1150305072517597,2.098362828055281,1.9412449367170737,2.65899271178109,3.859545962789713,4.152182753051661,4.712515350570782,3.786655005774573,3.999817993964996
canonical_pid_replay_segment_gap_v2,0.4,1.0,0.5,0.6,kp0.4_ki1_kd0.5_ml0.6,2.991350062393036,2.5899484655417373,2.647560856286955,2.4872073049795493,1.8379110121215099,2.115165703183657,2.0983609874910782,1.941088413997913,2.658990758982773,3.8595410035316404,4.152243344123946,4.712739310799968,3.7869374367422615,3.999856213326476
canonical_pid_replay_segment_gap_v2,0.4,1.0,0.75,0.6,kp0.4_ki1_kd0.75_ml0.6,2.991370288417647,2.5900053965002128,2.647418180160007,2.487260456598663,1.837803709806549,2.115404893001111,2.0983374279819285,1.9409363647375546,2.6589939029169947,3.859538228623704,4.152276372274728,4.712743283694658,3.7872025199277264,3.9998930132055825
canonical_pid_replay_segment_gap_v2,0.4,1.0,1.0,0.6,kp0.4_ki1_kd1_ml0.6,2.9914314533873574,2.590044297694812,2.647476310910354,2.4875172107076113,1.8376238982372965,2.115378530530386,2.098502464134782,1.9410161927213847,2.659004029779742,3.859535752933322,4.152322480371102,4.712817561562631,3.7874355462323854,3.999934618219839
canonical_pid_replay_segment_gap_v2,0.4,0.8,0.0,0.6,kp0.4_ki0.8_kd0_ml0.6,2.9917490003247065,2.5925839209835044,2.649399339877452,2.4881652459504098,1.8389477128603702,2.1148956544051845,2.0984624107518406,1.941461360552397,2.6589894705129367,3.859479096932189,4.152077706169011,4.7121021069172615,3.7864534904028573,3.9997194879057694
canonical_pid_replay_segment_gap_v2,0.4,0.8,0.25,0.6,kp0.4_ki0.8_kd0.25_ml0.6,2.9917609821555193,2.5926662400969405,2.649114429093747,2.4882213236333057,1.8389159429428104,2.1149253869332596,2.098458099065835,1.941203712255053,2.6589861545794378,3.8594851182060714,4.152113050448796,4.712358131124769,3.7866799551908756,3.9997652244508473
canonical_pid_replay_segment_gap_v2,0.4,0.8,0.5,0.6,kp0.4_ki0.8_kd0.5_ml0.6,2.9918034528692843,2.592730092857256,2.6488722338379342,2.4883544120279057,1.8388589833843743,2.115077744608697,2.0984613803468566,1.941069940373034,2.6589864676463257,3.859482683594812,4.1521568924108925,4.712614823066546,3.786962704634376,3.9998165285116847
canonical_pid_replay_segment_gap_v2,0.4,0.8,0.75,0.6,kp0.4_ki0.8_kd0.75_ml0.6,2.991822081815136,2.592781344116758,2.6487443862127726,2.4884278001002618,1.8387398878018464,2.115305307483911,2.0984025110102724,1.9409077763633615,2.658989437878701,3.8594820266472154,4.152177054695464,4.7126354139723015,3.7872344512898994,3.9998596660240007
canonical_pid_replay_segment_gap_v2,0.4,0.8,1.0,0.6,kp0.4_ki0.8_kd1_ml0.6,2.991887082365965,2.5928091029168767,2.6488016219350183,2.4887079822791427,1.8385731860797474,2.115264751231965,2.098603448789223,1.9409960292048751,2.6589979001593442,3.859486480150162,4.152209623663104,4.712714097221191,3.787466389294034,3.999901457832855
canonical_pid_replay_segment_gap_v2,0.4,0.6,0.0,0.6,kp0.4_ki0.6_kd0_ml0.6,2.992213617749727,2.595776172956079,2.65081320466429,2.489364027643522,1.8399635313954106,2.1148109840417555,2.0985814007366312,1.9413839673395374,2.658983897478971,3.859418751065462,4.15194700378916,4.71201595476573,3.7864263742588986,3.9992917606109994
canonical_pid_replay_segment_gap_v2,0.4,0.6,0.25,0.6,kp0.4_ki0.6_kd0.25_ml0.6,2.992230625399667,2.5958669878347123,2.65053697240633,2.489435299761014,1.8399175764548616,2.1148311465361096,2.0985717231827903,1.9411388898322812,2.6589804000152886,3.859422214323997,4.151987682350405,4.712272100892577,3.786695867957995,3.9993412686473095
canonical_pid_replay_segment_gap_v2,0.4,0.6,0.5,0.6,kp0.4_ki0.6_kd0.5_ml0.6,2.9922727419991584,2.595925298272771,2.6503261033632834,2.489570825685028,1.8398637787526377,2.1149932416909523,2.098565666331283,1.9410223319156341,2.658981779675377,3.859431273414073,4.152009650610058,4.712485327689605,3.786979378044098,3.999390990544254
canonical_pid_replay_segment_gap_v2,0.4,0.6,0.75,0.6,kp0.4_ki0.6_kd0.75_ml0.6,2.9922947829209745,2.595973995261371,2.6502231337206674,2.4896662958482962,1.8397390795017021,2.1152153622707988,2.0985187359452318,1.9408744207940938,2.6589838175267793,3.8594297898626433,4.152019639358625,4.712524644772498,3.787227069710223,3.999436193399745
canonical_pid_replay_segment_gap_v2,0.4,0.6,1.0,0.6,kp0.4_ki0.6_kd1_ml0.6,2.9923525635309143,2.59602479476364,2.6502504029499745,2.489960886079455,1.8395776192828472,2.1151754297553946,2.0987117340331185,1.9409516061893497,2.6589922439206863,3.859424416844463,4.152052692273803,4.712519854177545,3.7874640814347997,3.999477564196811
canonical_pid_replay_segment_gap_v2,0.4,0.4,0.0,0.6,kp0.4_ki0.4_kd0_ml0.6,2.9927554465062425,2.599535047034009,2.652365394700187,2.4907026672384904,1.8410305064134906,2.1147390575388862,2.0987294083134036,1.9412983674821278,2.658979974320685,3.8593850256105093,4.15186199747529,4.712100707943164,3.786386685920885,3.9987059645900227
canonical_pid_replay_segment_gap_v2,0.4,0.4,0.25,0.6,kp0.4_ki0.4_kd0.25_ml0.6,2.992760798148401,2.5996294972462595,2.6521003120305924,2.4907851041967604,1.8409770977044104,2.114736700102664,2.0987157701711596,1.9410858099258352,2.658977446755822,3.859381343254185,4.1518793613201455,4.71224698686457,3.78664846631376,3.998726480043047
canonical_pid_replay_segment_gap_v2,0.4,0.4,0.5,0.6,kp0.4_ki0.4_kd0.5_ml0.6,2.992788574272072,2.5996813398541203,2.6519183923609395,2.4909031440856615,1.8409159065388694,2.114899948679891,2.0986882314350996,1.9409721470190606,2.658978595438285,3.859374128336212,4.151923039261734,4.712349105408799,3.7869017012728947,3.9987457858453723
canonical_pid_replay_segment_gap_v2,0.4,0.4,0.75,0.6,kp0.4_ki0.4_kd0.75_ml0.6,2.9928165233804362,2.599726840421169,2.6518256742183586,2.4910267208179824,1.8407865028490171,2.11511689353876,2.0986491910457947,1.9408499589481896,2.658979577195344,3.859368155052508,4.151963223408216,4.712405947532493,3.7871406293335035,3.9987754895843413
canonical_pid_replay_segment_gap_v2,0.4,0.4,1.0,0.6,kp0.4_ki0.4_kd1_ml0.6,2.9928786948812838,2.599796308290368,2.651824814884477,2.491364389495089,1.8406291249914084,2.115089058528358,2.098829640165099,1.9408955694349537,2.6589889142234044,3.8593713297816783,4.152013135040755,4.712469492662941,3.7873346326195794,3.9988166233385782
